3 1 508 525 2544 1068 -1 -1 -1 0 
3 2 3659 1140 112 315 -1 -1 -1 0 
3 3 3126 1143 119 301 -1 -1 -1 0 
3 4 3242 1167 92 284 -1 -1 -1 0 
3 5 3 1208 98 274 -1 -1 -1 0 
3 7 102 1169 131 370 -1 -1 -1 0 
3 8 814 690 140 99 -1 -1 -1 0 
3 9 1201 690 102 94 -1 -1 -1 0 
4 1 561 518 2532 1082 -1 -1 -1 0 
4 2 3651 1141 113 311 -1 -1 -1 0 
4 3 3125 1146 109 300 -1 -1 -1 0 
4 4 3233 1159 97 301 -1 -1 -1 0 
4 5 0 1210 108 281 -1 -1 -1 0 
4 7 98 1185 120 346 -1 -1 -1 0 
4 8 847 690 170 100 -1 -1 -1 0 
4 9 1232 685 91 104 -1 -1 -1 0 
5 1 581 522 2552 1078 -1 -1 -1 0 
5 2 3655 1140 110 312 -1 -1 -1 0 
5 3 3141 1146 94 295 -1 -1 -1 0 
5 4 3237 1157 95 298 -1 -1 -1 0 
5 5 0 1211 113 280 -1 -1 -1 0 
5 7 106 1184 118 341 -1 -1 -1 0 
5 8 916 691 125 98 -1 -1 -1 0 
5 9 1268 689 88 95 -1 -1 -1 0 
6 1 593 526 2580 1077 -1 -1 -1 0 
6 2 3659 1141 113 310 -1 -1 -1 0 
6 3 3142 1146 93 294 -1 -1 -1 0 
6 4 3237 1166 96 283 -1 -1 -1 0 
6 5 1 1209 116 276 -1 -1 -1 0 
6 7 110 1183 119 353 -1 -1 -1 0 
6 8 968 692 104 97 -1 -1 -1 0 
6 9 1310 694 83 90 -1 -1 -1 0 
7 1 639 518 2589 1083 -1 -1 -1 0 
7 2 3658 1140 110 311 -1 -1 -1 0 
7 4 3237 1162 92 279 -1 -1 -1 0 
7 5 0 1210 119 274 -1 -1 -1 0 
7 7 112 1184 118 346 -1 -1 -1 0 
7 8 979 690 129 100 -1 -1 -1 0 
7 9 1342 689 96 97 -1 -1 -1 0 
7 12 1664 1172 79 72 -1 -1 -1 0 
8 1 683 517 2579 1083 -1 -1 -1 0 
8 2 3651 1140 114 311 -1 -1 -1 0 
8 4 3236 1160 92 280 -1 -1 -1 0 
8 5 2 1211 113 277 -1 -1 -1 0 
8 7 110 1181 118 350 -1 -1 -1 0 
8 8 1032 693 90 96 -1 -1 -1 0 
8 9 1371 688 100 100 -1 -1 -1 0 
8 12 1690 1173 84 71 -1 -1 -1 0 
9 1 708 521 2583 1080 -1 -1 -1 0 
9 2 3657 1140 112 314 -1 -1 -1 0 
9 5 1 1206 123 280 -1 -1 -1 0 
9 7 109 1183 128 350 -1 -1 -1 0 
9 8 1063 692 105 97 -1 -1 -1 0 
9 9 1411 689 97 97 -1 -1 -1 0 
9 12 1726 1177 81 68 -1 -1 -1 0 
9 14 1448 1097 138 159 -1 -1 -1 0 
10 1 755 521 2566 1082 -1 -1 -1 0 
10 2 3658 1140 114 311 -1 -1 -1 0 
10 5 1 1204 133 281 -1 -1 -1 0 
10 7 106 1177 144 364 -1 -1 -1 0 
10 8 1074 694 131 96 -1 -1 -1 0 
10 9 1453 693 91 91 -1 -1 -1 0 
10 12 1762 1173 82 73 -1 -1 -1 0 
10 14 1462 1097 140 159 -1 -1 -1 0 
11 1 771 522 2595 1081 -1 -1 -1 0 
11 2 3654 1140 114 310 -1 -1 -1 0 
11 5 14 1205 119 281 -1 -1 -1 0 
11 7 105 1179 146 362 -1 -1 -1 0 
11 8 1114 696 113 94 -1 -1 -1 0 
11 9 1479 691 109 92 -1 -1 -1 0 
11 12 1788 1167 87 77 -1 -1 -1 0 
12 1 785 522 2625 1080 -1 -1 -1 0 
12 2 3653 1141 114 309 -1 -1 -1 0 
12 5 15 1208 122 274 -1 -1 -1 0 
12 7 107 1181 149 382 -1 -1 -1 0 
12 8 1136 695 120 96 -1 -1 -1 0 
12 9 1516 694 93 91 -1 -1 -1 0 
12 12 1817 1171 89 74 -1 -1 -1 0 
12 18 2979 648 101 95 -1 -1 -1 0 
12 19 1271 1072 97 170 -1 -1 -1 0 
13 1 850 511 2593 1088 -1 -1 -1 0 
13 2 3657 1139 113 309 -1 -1 -1 0 
13 5 35 1210 108 270 -1 -1 -1 0 
13 7 125 1168 136 394 -1 -1 -1 0 
13 8 1174 696 116 93 -1 -1 -1 0 
13 9 1551 693 99 90 -1 -1 -1 0 
13 12 1855 1170 88 74 -1 -1 -1 0 
13 18 3026 642 100 97 -1 -1 -1 0 
13 19 1309 1071 95 177 -1 -1 -1 0 
14 1 887 507 2589 1093 -1 -1 -1 0 
14 2 3657 1140 116 310 -1 -1 -1 0 
14 5 59 1211 82 272 -1 -1 -1 0 
14 7 126 1160 142 383 -1 -1 -1 0 
14 8 1207 698 118 90 -1 -1 -1 0 
14 9 1593 693 94 88 -1 -1 -1 0 
14 12 1889 1163 82 81 -1 -1 -1 0 
14 18 3064 638 109 102 -1 -1 -1 0 
15 1 920 511 2598 1090 -1 -1 -1 0 
15 2 3654 1140 113 309 -1 -1 -1 0 
15 5 60 1217 87 258 -1 -1 -1 0 
15 7 128 1158 143 385 -1 -1 -1 0 
15 8 1242 696 119 92 -1 -1 -1 0 
16 1 935 515 2627 1082 -1 -1 -1 0 
16 2 3654 1137 109 314 -1 -1 -1 0 
16 5 69 1207 83 274 -1 -1 -1 0 
16 8 1284 698 100 89 -1 -1 -1 0 
17 1 1007 509 2598 1086 -1 -1 -1 0 
17 2 3656 1134 110 317 -1 -1 -1 0 
17 5 79 1206 80 273 -1 -1 -1 0 
17 8 1326 699 101 88 -1 -1 -1 0 
18 1 1033 504 2628 1091 -1 -1 -1 0 
18 2 3673 1137 90 316 -1 -1 -1 0 
18 5 83 1207 78 270 -1 -1 -1 0 
18 8 1365 696 104 90 -1 -1 -1 0 
19 1 1058 503 2651 1093 -1 -1 -1 0 
19 2 3676 1137 84 325 -1 -1 -1 0 
19 5 86 1205 72 275 -1 -1 -1 0 
19 8 1391 696 113 90 -1 -1 -1 0 
19 21 147 1158 134 432 -1 -1 -1 0 
20 1 1075 498 2694 1098 -1 -1 -1 0 
20 2 3678 1137 81 326 -1 -1 -1 0 
20 5 89 1205 70 275 -1 -1 -1 0 
20 8 1436 694 102 91 -1 -1 -1 0 
20 21 144 1168 135 380 -1 -1 -1 0 
21 1 1122 499 2682 1097 -1 -1 -1 0 
21 5 94 1206 70 278 -1 -1 -1 0 
21 8 1485 693 93 88 -1 -1 -1 0 
21 21 155 1165 126 363 -1 -1 -1 0 
22 1 1160 502 2662 1093 -1 -1 -1 0 
22 5 99 1205 68 280 -1 -1 -1 0 
22 8 1524 694 92 86 -1 -1 -1 0 
22 21 156 1150 127 424 -1 -1 -1 0 
22 23 905 1177 81 251 -1 -1 -1 0 
23 1 1182 500 2636 1095 -1 -1 -1 0 
23 8 1562 696 86 83 -1 -1 -1 0 
23 21 172 1172 107 379 -1 -1 -1 0 
24 1 1232 498 2583 1099 -1 -1 -1 0 
24 8 1595 694 95 85 -1 -1 -1 0 
24 21 174 1175 106 375 -1 -1 -1 0 
25 1 1289 502 2532 1097 -1 -1 -1 0 
25 8 1629 691 103 87 -1 -1 -1 0 
26 1 1323 503 2505 1096 -1 -1 -1 0 
26 8 1657 690 104 90 -1 -1 -1 0 
26 28 903 1181 81 241 -1 -1 -1 0 
27 1 1354 501 2484 1101 -1 -1 -1 0 
27 8 1694 692 93 88 -1 -1 -1 0 
27 28 904 1182 79 238 -1 -1 -1 0 
28 1 1380 507 2459 1088 -1 -1 -1 0 
28 8 1731 689 96 85 -1 -1 -1 0 
29 1 1432 506 2396 1096 -1 -1 -1 0 
29 8 1766 687 98 86 -1 -1 -1 0 
30 1 1471 506 2357 1095 -1 -1 -1 0 
30 8 1789 684 113 86 -1 -1 -1 0 
30 34 189 1184 94 314 -1 -1 -1 0 
31 1 1484 508 2355 1088 -1 -1 -1 0 
31 8 1837 689 90 83 -1 -1 -1 0 
31 34 191 1179 95 314 -1 -1 -1 0 
32 1 1517 514 2322 1074 -1 -1 -1 0 
32 8 1870 687 105 85 -1 -1 -1 0 
32 34 194 1175 92 323 -1 -1 -1 0 
33 1 1565 512 2274 1072 -1 -1 -1 0 
33 8 1905 687 106 84 -1 -1 -1 0 
33 34 194 1172 97 334 -1 -1 -1 0 
33 38 1415 1182 61 221 -1 -1 -1 0 
34 1 1609 509 2226 1076 -1 -1 -1 0 
34 34 195 1178 96 333 -1 -1 -1 0 
34 38 1414 1179 62 223 -1 -1 -1 0 
34 39 1470 1188 85 222 -1 -1 -1 0 
35 1 1656 500 2170 1088 -1 -1 -1 0 
35 34 197 1174 98 337 -1 -1 -1 0 
35 38 1413 1180 63 223 -1 -1 -1 0 
35 39 1471 1188 83 223 -1 -1 -1 0 
36 1 1677 497 2155 1089 -1 -1 -1 0 
36 34 194 1171 103 341 -1 -1 -1 0 
36 38 1413 1180 64 225 -1 -1 -1 0 
36 39 1470 1187 82 225 -1 -1 -1 0 
37 1 1712 497 2120 1081 -1 -1 -1 0 
37 34 193 1172 105 333 -1 -1 -1 0 
37 38 1414 1181 62 224 -1 -1 -1 0 
37 39 1469 1191 81 221 -1 -1 -1 0 
38 1 1739 498 2096 1079 -1 -1 -1 0 
38 34 194 1172 104 325 -1 -1 -1 0 
38 38 1414 1183 62 221 -1 -1 -1 0 
38 39 1470 1192 77 220 -1 -1 -1 0 
39 1 1782 504 2051 1078 -1 -1 -1 0 
39 34 199 1178 104 325 -1 -1 -1 0 
39 38 1414 1183 64 223 -1 -1 -1 0 
39 39 1470 1190 78 222 -1 -1 -1 0 
40 1 1826 501 2002 1080 -1 -1 -1 0 
40 34 200 1170 103 327 -1 -1 -1 0 
40 38 1415 1183 63 223 -1 -1 -1 0 
40 39 1471 1189 76 222 -1 -1 -1 0 
41 1 1860 499 1966 1080 -1 -1 -1 0 
41 34 198 1176 106 318 -1 -1 -1 0 
41 38 1416 1186 59 221 -1 -1 -1 0 
41 39 1471 1193 73 220 -1 -1 -1 0 
42 1 1890 497 1932 1081 -1 -1 -1 0 
42 34 197 1164 108 345 -1 -1 -1 0 
42 38 1416 1184 59 223 -1 -1 -1 0 
42 39 1468 1191 74 221 -1 -1 -1 0 
42 49 1530 1187 64 221 -1 -1 -1 0 
43 1 1921 497 1903 1078 -1 -1 -1 0 
43 34 197 1161 112 353 -1 -1 -1 0 
43 38 1415 1187 61 221 -1 -1 -1 0 
43 39 1470 1188 73 224 -1 -1 -1 0 
43 49 1532 1182 63 222 -1 -1 -1 0 
44 1 1959 494 1868 1082 -1 -1 -1 0 
44 34 198 1161 110 355 -1 -1 -1 0 
44 38 1416 1187 60 221 -1 -1 -1 0 
44 39 1469 1188 74 224 -1 -1 -1 0 
44 49 1531 1181 65 223 -1 -1 -1 0 
44 51 2672 650 127 107 -1 -1 -1 0 
45 1 1990 499 1838 1078 -1 -1 -1 0 
45 34 198 1176 111 331 -1 -1 -1 0 
45 38 1417 1186 57 225 -1 -1 -1 0 
45 39 1469 1192 70 221 -1 -1 -1 0 
45 49 1529 1183 66 224 -1 -1 -1 0 
45 51 2706 659 117 101 -1 -1 -1 0 
45 54 2311 1061 103 111 -1 -1 -1 0 
46 1 2019 500 1810 1078 -1 -1 -1 0 
46 34 206 1177 103 324 -1 -1 -1 0 
46 38 1416 1187 60 223 -1 -1 -1 0 
46 39 1468 1188 72 225 -1 -1 -1 0 
46 49 1528 1178 67 228 -1 -1 -1 0 
46 51 2732 662 115 98 -1 -1 -1 0 
46 54 2326 1061 104 110 -1 -1 -1 0 
46 55 2351 654 109 107 -1 -1 -1 0 
46 56 2637 1091 112 152 -1 -1 -1 0 
47 1 2065 500 1759 1080 -1 -1 -1 0 
47 34 208 1172 106 334 -1 -1 -1 0 
47 38 1417 1187 60 223 -1 -1 -1 0 
47 39 1469 1185 72 227 -1 -1 -1 0 
47 49 1527 1176 68 229 -1 -1 -1 0 
47 55 2394 646 103 114 -1 -1 -1 0 
47 56 2652 1090 114 154 -1 -1 -1 0 
48 1 2093 501 1736 1082 -1 -1 -1 0 
48 34 209 1176 104 326 -1 -1 -1 0 
48 38 1417 1184 59 227 -1 -1 -1 0 
48 39 1471 1190 68 224 -1 -1 -1 0 
48 49 1526 1177 68 230 -1 -1 -1 0 
48 55 2421 650 122 110 -1 -1 -1 0 
49 1 2120 497 1711 1086 -1 -1 -1 0 
49 34 210 1180 102 319 -1 -1 -1 0 
49 38 1417 1184 58 228 -1 -1 -1 0 
49 39 1470 1195 68 220 -1 -1 -1 0 
49 49 1525 1180 67 227 -1 -1 -1 0 
49 55 2447 648 125 112 -1 -1 -1 0 
49 60 2428 1058 105 110 -1 -1 -1 0 
50 1 2147 499 1686 1081 -1 -1 -1 0 
50 34 213 1178 101 322 -1 -1 -1 0 
50 38 1417 1185 58 227 -1 -1 -1 0 
50 39 1467 1187 76 227 -1 -1 -1 0 
50 49 1524 1179 68 228 -1 -1 -1 0 
50 60 2460 1055 118 115 -1 -1 -1 0 
50 61 3603 1150 104 82 -1 -1 -1 0 
51 1 2176 499 1658 1082 -1 -1 -1 0 
51 34 215 1175 101 322 -1 -1 -1 0 
51 38 1417 1185 60 227 -1 -1 -1 0 
51 39 1472 1190 67 225 -1 -1 -1 0 
51 49 1524 1179 68 227 -1 -1 -1 0 
51 60 2482 1054 113 113 -1 -1 -1 0 
51 61 3642 1140 107 91 -1 -1 -1 0 
51 62 1946 1166 81 241 -1 -1 -1 0 
52 1 2206 497 1623 1084 -1 -1 -1 0 
52 34 216 1175 98 317 -1 -1 -1 0 
52 38 1417 1184 59 227 -1 -1 -1 0 
52 39 1470 1193 69 221 -1 -1 -1 0 
52 49 1525 1179 68 227 -1 -1 -1 0 
52 60 2521 1057 86 109 -1 -1 -1 0 
52 61 3674 1135 89 97 -1 -1 -1 0 
52 62 1943 1168 84 240 -1 -1 -1 0 
53 1 2235 497 1598 1083 -1 -1 -1 0 
53 34 218 1175 97 316 -1 -1 -1 0 
53 38 1417 1183 58 228 -1 -1 -1 0 
53 39 1470 1194 69 220 -1 -1 -1 0 
53 49 1524 1180 69 226 -1 -1 -1 0 
53 60 2543 1056 85 109 -1 -1 -1 0 
53 61 3672 1133 121 99 -1 -1 -1 0 
53 62 1949 1165 81 246 -1 -1 -1 0 
54 1 2274 498 1554 1080 -1 -1 -1 0 
54 38 1417 1184 59 227 -1 -1 -1 0 
54 39 1471 1195 69 219 -1 -1 -1 0 
54 49 1524 1179 69 227 -1 -1 -1 0 
54 61 3729 1147 95 81 -1 -1 -1 0 
54 62 1960 1166 79 245 -1 -1 -1 0 
54 66 907 1169 87 264 -1 -1 -1 0 
55 1 2298 494 1533 1088 -1 -1 -1 0 
55 38 1417 1181 58 230 -1 -1 -1 0 
55 39 1471 1195 69 219 -1 -1 -1 0 
55 49 1524 1178 69 228 -1 -1 -1 0 
55 61 3754 1145 85 83 -1 -1 -1 0 
55 62 1957 1169 83 239 -1 -1 -1 0 
55 66 904 1167 90 267 -1 -1 -1 0 
56 1 2318 495 1515 1085 -1 -1 -1 0 
56 38 1416 1182 59 229 -1 -1 -1 0 
56 39 1470 1196 70 218 -1 -1 -1 0 
56 49 1525 1178 68 229 -1 -1 -1 0 
56 62 1959 1169 84 239 -1 -1 -1 0 
56 66 898 1169 92 266 -1 -1 -1 0 
57 1 2342 496 1493 1078 -1 -1 -1 0 
57 38 1416 1181 59 230 -1 -1 -1 0 
57 39 1470 1195 70 219 -1 -1 -1 0 
57 49 1526 1178 67 229 -1 -1 -1 0 
57 66 894 1172 89 261 -1 -1 -1 0 
57 73 1423 1182 106 229 -1 -1 -1 0 
58 1 2379 494 1453 1073 -1 -1 -1 0 
58 38 1415 1181 60 230 -1 -1 -1 0 
58 39 1467 1187 75 226 -1 -1 -1 0 
58 49 1526 1178 67 229 -1 -1 -1 0 
58 66 893 1172 85 257 -1 -1 -1 0 
58 73 1423 1181 106 230 -1 -1 -1 0 
59 1 2413 489 1414 1087 -1 -1 -1 0 
59 38 1415 1182 61 229 -1 -1 -1 0 
59 39 1466 1186 77 226 -1 -1 -1 0 
59 49 1525 1179 69 228 -1 -1 -1 0 
59 66 893 1177 81 254 -1 -1 -1 0 
59 77 2703 1051 108 113 -1 -1 -1 0 
59 78 2261 1171 122 268 -1 -1 -1 0 
60 1 2436 487 1394 1098 -1 -1 -1 0 
60 38 1416 1182 59 229 -1 -1 -1 0 
60 39 1470 1191 70 221 -1 -1 -1 0 
60 49 1526 1180 68 227 -1 -1 -1 0 
60 66 891 1177 80 254 -1 -1 -1 0 
60 77 2732 1055 105 110 -1 -1 -1 0 
60 78 2268 1172 105 265 -1 -1 -1 0 
60 81 226 1177 90 314 -1 -1 -1 0 
61 1 2472 486 1357 1101 -1 -1 -1 0 
61 38 1415 1182 61 229 -1 -1 -1 0 
61 39 1468 1186 73 226 -1 -1 -1 0 
61 49 1527 1177 67 229 -1 -1 -1 0 
61 77 2765 1055 108 109 -1 -1 -1 0 
61 78 2269 1175 103 259 -1 -1 -1 0 
61 81 228 1176 88 305 -1 -1 -1 0 
62 1 2497 489 1340 1093 -1 -1 -1 0 
62 38 1416 1183 60 229 -1 -1 -1 0 
62 39 1469 1184 71 228 -1 -1 -1 0 
62 49 1527 1175 69 231 -1 -1 -1 0 
62 77 2799 1047 99 115 -1 -1 -1 0 
62 78 2271 1178 100 255 -1 -1 -1 0 
62 81 232 1181 84 293 -1 -1 -1 0 
63 1 2531 490 1305 1092 -1 -1 -1 0 
63 38 1416 1183 61 229 -1 -1 -1 0 
63 39 1471 1191 69 221 -1 -1 -1 0 
63 49 1527 1176 69 231 -1 -1 -1 0 
63 77 2825 1052 114 113 -1 -1 -1 0 
63 78 2276 1179 99 255 -1 -1 -1 0 
63 81 234 1180 83 308 -1 -1 -1 0 
64 1 2560 489 1279 1087 -1 -1 -1 0 
64 38 1417 1184 59 228 -1 -1 -1 0 
64 39 1471 1193 69 220 -1 -1 -1 0 
64 49 1526 1176 70 231 -1 -1 -1 0 
64 77 2863 1058 94 107 -1 -1 -1 0 
64 78 2285 1174 91 261 -1 -1 -1 0 
64 81 232 1174 88 325 -1 -1 -1 0 
65 1 2583 489 1253 1093 -1 -1 -1 0 
65 38 1416 1183 61 230 -1 -1 -1 0 
65 39 1472 1193 67 220 -1 -1 -1 0 
65 49 1527 1178 68 228 -1 -1 -1 0 
65 77 2896 1055 93 109 -1 -1 -1 0 
65 78 2288 1175 93 261 -1 -1 -1 0 
65 81 233 1173 88 327 -1 -1 -1 0 
66 1 2590 489 1249 1094 -1 -1 -1 0 
66 38 1417 1183 59 230 -1 -1 -1 0 
66 39 1472 1193 68 220 -1 -1 -1 0 
66 49 1526 1179 70 227 -1 -1 -1 0 
66 77 2924 1056 93 108 -1 -1 -1 0 
66 78 2299 1175 86 263 -1 -1 -1 0 
67 1 2611 489 1228 1091 -1 -1 -1 0 
67 38 1417 1183 59 230 -1 -1 -1 0 
67 39 1471 1194 69 220 -1 -1 -1 0 
67 49 1527 1180 68 228 -1 -1 -1 0 
67 78 2307 1176 84 264 -1 -1 -1 0 
67 88 3248 1088 154 152 -1 -1 -1 0 
67 90 3455 634 124 99 -1 -1 -1 0 
68 1 2635 491 1204 1092 -1 -1 -1 0 
68 38 1417 1181 59 232 -1 -1 -1 0 
68 39 1470 1193 69 221 -1 -1 -1 0 
68 49 1527 1180 69 228 -1 -1 -1 0 
68 78 2315 1175 77 265 -1 -1 -1 0 
68 88 3261 1092 152 150 -1 -1 -1 0 
68 90 3490 636 116 95 -1 -1 -1 0 
69 1 2663 494 1176 1089 -1 -1 -1 0 
69 38 1416 1182 60 231 -1 -1 -1 0 
69 39 1470 1193 69 221 -1 -1 -1 0 
69 49 1527 1180 68 227 -1 -1 -1 0 
69 78 2322 1175 71 266 -1 -1 -1 0 
69 90 3524 632 123 97 -1 -1 -1 0 
69 92 1422 1186 105 227 -1 -1 -1 0 
69 93 2571 1141 78 224 -1 -1 -1 0 
70 1 2689 494 1150 1089 -1 -1 -1 0 
70 38 1416 1182 61 231 -1 -1 -1 0 
70 39 1470 1192 68 222 -1 -1 -1 0 
70 49 1527 1180 67 227 -1 -1 -1 0 
70 78 2324 1173 76 275 -1 -1 -1 0 
70 90 3550 631 122 95 -1 -1 -1 0 
70 92 1421 1186 105 227 -1 -1 -1 0 
70 93 2567 1140 75 225 -1 -1 -1 0 
71 1 2716 490 1122 1095 -1 -1 -1 0 
71 38 1415 1184 63 228 -1 -1 -1 0 
71 39 1470 1192 67 222 -1 -1 -1 0 
71 49 1527 1180 68 227 -1 -1 -1 0 
71 78 2326 1169 78 282 -1 -1 -1 0 
71 93 2565 1140 77 225 -1 -1 -1 0 
71 95 3358 1078 158 159 -1 -1 -1 0 
72 1 2736 492 1103 1088 -1 -1 -1 0 
72 38 1416 1182 61 230 -1 -1 -1 0 
72 39 1469 1188 72 224 -1 -1 -1 0 
72 49 1527 1179 68 228 -1 -1 -1 0 
72 78 2328 1169 78 281 -1 -1 -1 0 
72 93 2567 1140 76 225 -1 -1 -1 0 
72 95 3372 1078 160 161 -1 -1 -1 0 
72 98 2643 1140 102 258 -1 -1 -1 0 
73 1 2758 494 1081 1081 -1 -1 -1 0 
73 38 1415 1184 63 228 -1 -1 -1 0 
73 39 1470 1186 72 226 -1 -1 -1 0 
73 49 1527 1179 67 228 -1 -1 -1 0 
73 78 2327 1172 77 277 -1 -1 -1 0 
73 93 2567 1140 75 224 -1 -1 -1 0 
73 98 2633 1134 94 253 -1 -1 -1 0 
73 99 901 1173 88 264 -1 -1 -1 0 
74 1 2784 492 1054 1078 -1 -1 -1 0 
74 38 1415 1186 62 225 -1 -1 -1 0 
74 39 1471 1186 71 226 -1 -1 -1 0 
74 49 1528 1179 66 227 -1 -1 -1 0 
74 78 2326 1173 76 276 -1 -1 -1 0 
74 93 2566 1139 76 226 -1 -1 -1 0 
74 98 2634 1133 100 259 -1 -1 -1 0 
74 99 901 1174 87 263 -1 -1 -1 0 
74 100 3689 630 121 93 -1 -1 -1 0 
75 1 2807 494 1032 1071 -1 -1 -1 0 
75 38 1415 1185 63 226 -1 -1 -1 0 
75 39 1472 1185 71 227 -1 -1 -1 0 
75 49 1527 1179 68 228 -1 -1 -1 0 
75 78 2326 1177 74 268 -1 -1 -1 0 
75 93 2566 1138 75 229 -1 -1 -1 0 
75 98 2637 1134 97 263 -1 -1 -1 0 
75 100 3705 630 118 91 -1 -1 -1 0 
75 101 2735 1168 76 235 -1 -1 -1 0 
76 1 2842 495 993 1064 -1 -1 -1 0 
76 38 1414 1185 66 225 -1 -1 -1 0 
76 39 1473 1184 72 229 -1 -1 -1 0 
76 49 1523 1178 72 229 -1 -1 -1 0 
76 78 2323 1176 76 266 -1 -1 -1 0 
76 93 2566 1138 75 229 -1 -1 -1 0 
76 98 2631 1130 97 259 -1 -1 -1 0 
76 101 2732 1168 75 232 -1 -1 -1 0 
77 1 2869 495 969 1060 -1 -1 -1 0 
77 38 1414 1187 65 223 -1 -1 -1 0 
77 39 1472 1185 74 229 -1 -1 -1 0 
77 49 1520 1178 74 231 -1 -1 -1 0 
77 78 2320 1174 84 272 -1 -1 -1 0 
77 93 2566 1137 75 230 -1 -1 -1 0 
77 98 2628 1128 97 260 -1 -1 -1 0 
77 101 2728 1167 74 230 -1 -1 -1 0 
77 103 902 1174 85 266 -1 -1 -1 0 
78 1 2893 495 946 1052 -1 -1 -1 0 
78 38 1414 1188 64 222 -1 -1 -1 0 
78 39 1473 1184 74 230 -1 -1 -1 0 
78 49 1519 1178 74 231 -1 -1 -1 0 
78 78 2323 1173 83 274 -1 -1 -1 0 
78 98 2628 1128 97 260 -1 -1 -1 0 
78 101 2723 1165 74 234 -1 -1 -1 0 
79 1 2926 492 912 1046 -1 -1 -1 0 
79 38 1413 1189 65 220 -1 -1 -1 0 
79 39 1473 1185 75 229 -1 -1 -1 0 
79 78 2324 1172 84 274 -1 -1 -1 0 
79 98 2625 1128 99 258 -1 -1 -1 0 
79 101 2721 1165 73 237 -1 -1 -1 0 
79 104 1949 1170 77 222 -1 -1 -1 0 
80 1 2952 491 886 1041 -1 -1 -1 0 
80 38 1413 1192 66 217 -1 -1 -1 0 
80 39 1474 1185 77 229 -1 -1 -1 0 
80 78 2325 1172 84 273 -1 -1 -1 0 
80 98 2625 1130 99 257 -1 -1 -1 0 
80 101 2717 1165 76 240 -1 -1 -1 0 
80 104 1947 1170 76 221 -1 -1 -1 0 
81 1 2977 490 861 1039 -1 -1 -1 0 
81 38 1414 1194 63 215 -1 -1 -1 0 
81 39 1474 1185 78 230 -1 -1 -1 0 
81 78 2324 1172 88 275 -1 -1 -1 0 
81 98 2627 1131 97 260 -1 -1 -1 0 
81 101 2714 1167 77 239 -1 -1 -1 0 
81 104 1944 1170 76 221 -1 -1 -1 0 
81 105 3669 1073 147 158 -1 -1 -1 0 
82 1 3001 488 836 1037 -1 -1 -1 0 
82 38 1414 1191 63 218 -1 -1 -1 0 
82 39 1475 1183 77 232 -1 -1 -1 0 
82 78 2328 1170 84 274 -1 -1 -1 0 
82 98 2626 1132 96 251 -1 -1 -1 0 
82 101 2710 1168 77 235 -1 -1 -1 0 
82 105 3685 1073 146 157 -1 -1 -1 0 
83 1 3029 486 806 1034 -1 -1 -1 0 
83 38 1413 1189 66 222 -1 -1 -1 0 
83 39 1476 1182 77 231 -1 -1 -1 0 
83 78 2328 1170 87 275 -1 -1 -1 0 
83 98 2624 1133 96 247 -1 -1 -1 0 
83 101 2706 1168 78 234 -1 -1 -1 0 
84 1 3058 486 778 1030 -1 -1 -1 0 
84 38 1413 1190 66 221 -1 -1 -1 0 
84 39 1476 1181 78 232 -1 -1 -1 0 
84 78 2327 1170 92 277 -1 -1 -1 0 
84 98 2628 1132 85 246 -1 -1 -1 0 
84 101 2702 1169 76 233 -1 -1 -1 0 
85 1 3083 485 754 1031 -1 -1 -1 0 
85 38 1413 1190 66 221 -1 -1 -1 0 
85 39 1477 1179 81 235 -1 -1 -1 0 
85 78 2327 1169 92 279 -1 -1 -1 0 
85 98 2629 1130 81 248 -1 -1 -1 0 
85 101 2697 1169 78 234 -1 -1 -1 0 
86 1 3112 484 725 1032 -1 -1 -1 0 
86 38 1413 1189 67 222 -1 -1 -1 0 
86 39 1477 1178 83 236 -1 -1 -1 0 
86 78 2327 1168 94 280 -1 -1 -1 0 
86 98 2628 1128 82 249 -1 -1 -1 0 
86 101 2693 1167 80 235 -1 -1 -1 0 
87 1 3138 484 700 1029 -1 -1 -1 0 
87 38 1413 1189 67 222 -1 -1 -1 0 
87 39 1480 1177 82 237 -1 -1 -1 0 
87 78 2328 1166 92 280 -1 -1 -1 0 
87 98 2627 1128 82 250 -1 -1 -1 0 
87 101 2689 1165 81 235 -1 -1 -1 0 
87 110 0 1361 116 177 -1 -1 -1 0 
88 1 3164 485 673 1026 -1 -1 -1 0 
88 38 1414 1191 66 219 -1 -1 -1 0 
88 39 1480 1178 86 237 -1 -1 -1 0 
88 78 2331 1166 87 286 -1 -1 -1 0 
88 98 2623 1128 86 254 -1 -1 -1 0 
88 101 2689 1161 73 239 -1 -1 -1 0 
88 110 0 1347 146 210 -1 -1 -1 0 
89 1 3188 486 650 1019 -1 -1 -1 0 
89 38 1413 1193 67 216 -1 -1 -1 0 
89 39 1481 1179 89 237 -1 -1 -1 0 
89 78 2333 1167 84 286 -1 -1 -1 0 
89 98 2619 1126 88 255 -1 -1 -1 0 
89 101 2685 1162 73 238 -1 -1 -1 0 
89 110 0 1338 182 225 -1 -1 -1 0 
90 1 3210 488 629 1012 -1 -1 -1 0 
90 38 1413 1193 67 216 -1 -1 -1 0 
90 39 1481 1182 86 233 -1 -1 -1 0 
90 78 2332 1165 86 290 -1 -1 -1 0 
90 98 2617 1128 86 255 -1 -1 -1 0 
90 101 2682 1164 75 237 -1 -1 -1 0 
90 110 0 1335 206 227 -1 -1 -1 0 
91 1 3242 487 595 1008 -1 -1 -1 0 
91 38 1414 1192 66 218 -1 -1 -1 0 
91 39 1482 1184 84 231 -1 -1 -1 0 
91 78 2333 1163 87 294 -1 -1 -1 0 
91 98 2612 1127 90 255 -1 -1 -1 0 
91 101 2674 1164 84 237 -1 -1 -1 0 
91 110 0 1334 216 227 -1 -1 -1 0 
92 1 3266 485 571 1009 -1 -1 -1 0 
92 38 1413 1189 69 221 -1 -1 -1 0 
92 39 1481 1181 94 234 -1 -1 -1 0 
92 78 2334 1164 84 294 -1 -1 -1 0 
92 98 2606 1127 94 253 -1 -1 -1 0 
92 101 2671 1164 84 239 -1 -1 -1 0 
92 110 2 1331 213 226 -1 -1 -1 0 
92 112 3165 1144 119 300 -1 -1 -1 0 
93 1 3285 484 554 1008 -1 -1 -1 0 
93 38 1414 1187 68 222 -1 -1 -1 0 
93 39 1483 1181 93 234 -1 -1 -1 0 
93 78 2335 1164 83 293 -1 -1 -1 0 
93 98 2607 1127 92 254 -1 -1 -1 0 
93 101 2667 1160 85 243 -1 -1 -1 0 
93 110 5 1324 225 237 -1 -1 -1 0 
93 112 3166 1143 126 303 -1 -1 -1 0 
94 1 3315 485 522 1006 -1 -1 -1 0 
94 38 1414 1187 69 222 -1 -1 -1 0 
94 39 1484 1180 93 235 -1 -1 -1 0 
94 78 2334 1165 84 289 -1 -1 -1 0 
94 98 2605 1129 92 252 -1 -1 -1 0 
94 101 2665 1159 87 242 -1 -1 -1 0 
94 112 3166 1144 124 303 -1 -1 -1 0 
94 113 902 1176 85 266 -1 -1 -1 0 
95 1 3340 485 498 1002 -1 -1 -1 0 
95 38 1414 1187 69 222 -1 -1 -1 0 
95 39 1485 1182 90 233 -1 -1 -1 0 
95 78 2333 1164 85 285 -1 -1 -1 0 
95 98 2601 1129 95 256 -1 -1 -1 0 
95 101 2662 1158 90 245 -1 -1 -1 0 
95 112 3167 1145 121 304 -1 -1 -1 0 
95 113 903 1175 83 268 -1 -1 -1 0 
96 1 3367 484 470 999 -1 -1 -1 0 
96 38 1414 1187 68 222 -1 -1 -1 0 
96 39 1485 1182 89 232 -1 -1 -1 0 
96 78 2331 1164 86 283 -1 -1 -1 0 
96 98 2599 1129 96 256 -1 -1 -1 0 
96 101 2660 1159 88 246 -1 -1 -1 0 
96 112 3167 1144 120 304 -1 -1 -1 0 
96 113 903 1175 82 264 -1 -1 -1 0 
96 114 2 1293 284 293 -1 -1 -1 0 
97 1 3390 484 448 995 -1 -1 -1 0 
97 38 1415 1187 67 222 -1 -1 -1 0 
97 39 1484 1180 93 234 -1 -1 -1 0 
97 78 2328 1162 85 285 -1 -1 -1 0 
97 101 2656 1160 90 246 -1 -1 -1 0 
97 112 3164 1145 122 303 -1 -1 -1 0 
97 113 904 1176 81 258 -1 -1 -1 0 
97 114 0 1269 297 315 -1 -1 -1 0 
98 1 3413 484 425 994 -1 -1 -1 0 
98 38 1415 1187 68 222 -1 -1 -1 0 
98 39 1485 1180 91 234 -1 -1 -1 0 
98 78 2319 1162 94 286 -1 -1 -1 0 
98 101 2649 1159 97 247 -1 -1 -1 0 
98 112 3164 1145 122 304 -1 -1 -1 0 
98 113 904 1176 81 256 -1 -1 -1 0 
98 114 0 1270 303 309 -1 -1 -1 0 
99 1 3442 481 394 994 -1 -1 -1 0 
99 38 1415 1186 67 223 -1 -1 -1 0 
99 39 1485 1179 93 234 -1 -1 -1 0 
99 78 2316 1170 93 278 -1 -1 -1 0 
99 101 2646 1159 93 246 -1 -1 -1 0 
99 112 3167 1145 118 305 -1 -1 -1 0 
99 113 903 1177 81 256 -1 -1 -1 0 
99 114 0 1262 305 314 -1 -1 -1 0 
99 116 1661 1154 83 241 -1 -1 -1 0 
100 1 3464 480 374 995 -1 -1 -1 0 
100 38 1415 1186 66 223 -1 -1 -1 0 
100 39 1485 1176 92 237 -1 -1 -1 0 
100 78 2318 1174 89 276 -1 -1 -1 0 
100 101 2639 1159 97 246 -1 -1 -1 0 
100 112 3168 1146 115 303 -1 -1 -1 0 
100 113 903 1177 81 255 -1 -1 -1 0 
100 114 0 1253 312 323 -1 -1 -1 0 
101 1 3491 479 347 994 -1 -1 -1 0 
101 38 1411 1187 73 221 -1 -1 -1 0 
101 39 1485 1173 101 238 -1 -1 -1 0 
101 78 2319 1171 87 277 -1 -1 -1 0 
101 101 2637 1153 95 253 -1 -1 -1 0 
101 112 3169 1147 111 303 -1 -1 -1 0 
101 114 0 1244 326 329 -1 -1 -1 0 
101 116 1647 1163 89 232 -1 -1 -1 0 
102 1 3512 478 327 993 -1 -1 -1 0 
102 38 1414 1188 66 221 -1 -1 -1 0 
102 39 1488 1173 100 237 -1 -1 -1 0 
102 78 2316 1172 92 278 -1 -1 -1 0 
102 101 2632 1152 99 254 -1 -1 -1 0 
102 112 3169 1147 108 303 -1 -1 -1 0 
102 114 0 1231 553 326 -1 -1 -1 0 
102 116 1643 1163 90 234 -1 -1 -1 0 
103 1 3536 479 303 991 -1 -1 -1 0 
103 38 1414 1189 67 220 -1 -1 -1 0 
103 39 1488 1173 100 236 -1 -1 -1 0 
103 78 2318 1170 86 280 -1 -1 -1 0 
103 101 2631 1155 97 251 -1 -1 -1 0 
103 112 3170 1146 107 305 -1 -1 -1 0 
103 114 0 1224 607 319 -1 -1 -1 0 
103 116 1639 1168 93 230 -1 -1 -1 0 
104 1 3564 487 273 981 -1 -1 -1 0 
104 38 1411 1190 73 218 -1 -1 -1 0 
104 39 1488 1173 100 236 -1 -1 -1 0 
104 78 2313 1173 90 275 -1 -1 -1 0 
104 101 2629 1157 98 248 -1 -1 -1 0 
104 112 3169 1146 106 304 -1 -1 -1 0 
104 114 0 1219 652 326 -1 -1 -1 0 
104 116 1637 1168 96 232 -1 -1 -1 0 
105 1 3591 491 247 975 -1 -1 -1 0 
105 38 1411 1191 72 217 -1 -1 -1 0 
105 39 1488 1173 102 236 -1 -1 -1 0 
105 78 2309 1172 93 274 -1 -1 -1 0 
105 101 2628 1159 94 246 -1 -1 -1 0 
105 112 3168 1146 105 303 -1 -1 -1 0 
105 114 0 1218 698 331 -1 -1 -1 0 
105 116 1636 1162 93 239 -1 -1 -1 0 
106 1 3620 490 218 976 -1 -1 -1 0 
106 38 1415 1191 64 217 -1 -1 -1 0 
106 39 1488 1175 96 237 -1 -1 -1 0 
106 78 2307 1174 92 272 -1 -1 -1 0 
106 101 2625 1157 96 248 -1 -1 -1 0 
106 112 3167 1146 107 303 -1 -1 -1 0 
106 114 0 1216 732 332 -1 -1 -1 0 
106 116 1636 1165 89 235 -1 -1 -1 0 
106 120 3288 1168 84 285 -1 -1 -1 0 
107 1 3636 491 203 971 -1 -1 -1 0 
107 38 1414 1192 64 216 -1 -1 -1 0 
107 39 1488 1174 99 237 -1 -1 -1 0 
107 78 2305 1174 92 273 -1 -1 -1 0 
107 101 2623 1159 96 244 -1 -1 -1 0 
107 112 3168 1146 105 303 -1 -1 -1 0 
107 114 0 1217 758 332 -1 -1 -1 0 
107 116 1632 1166 87 231 -1 -1 -1 0 
107 120 3288 1165 83 288 -1 -1 -1 0 
108 1 3663 500 176 969 -1 -1 -1 0 
108 38 1411 1191 70 216 -1 -1 -1 0 
108 39 1488 1173 100 238 -1 -1 -1 0 
108 78 2303 1174 93 274 -1 -1 -1 0 
108 101 2624 1161 90 242 -1 -1 -1 0 
108 112 3168 1151 103 294 -1 -1 -1 0 
108 114 5 1215 782 344 -1 -1 -1 0 
108 116 1630 1159 80 236 -1 -1 -1 0 
108 120 3290 1162 80 291 -1 -1 -1 0 
109 1 3688 510 151 961 -1 -1 -1 0 
109 38 1414 1191 64 217 -1 -1 -1 0 
109 39 1488 1173 101 238 -1 -1 -1 0 
109 78 2303 1173 90 274 -1 -1 -1 0 
109 101 2624 1161 87 242 -1 -1 -1 0 
109 112 3169 1154 97 291 -1 -1 -1 0 
109 114 10 1213 799 359 -1 -1 -1 0 
109 116 1629 1162 73 232 -1 -1 -1 0 
109 120 3291 1163 79 293 -1 -1 -1 0 
110 1 3713 512 126 958 -1 -1 -1 0 
110 38 1411 1189 70 219 -1 -1 -1 0 
110 39 1488 1173 101 238 -1 -1 -1 0 
110 78 2303 1172 90 275 -1 -1 -1 0 
110 101 2622 1160 88 243 -1 -1 -1 0 
110 112 3167 1155 100 289 -1 -1 -1 0 
110 114 2 1207 837 361 -1 -1 -1 0 
110 116 1628 1159 67 234 -1 -1 -1 0 
110 120 3290 1162 81 295 -1 -1 -1 0 
111 38 1411 1189 70 219 -1 -1 -1 0 
111 39 1488 1173 102 238 -1 -1 -1 0 
111 78 2305 1171 84 276 -1 -1 -1 0 
111 101 2618 1158 93 245 -1 -1 -1 0 
111 112 3168 1154 100 289 -1 -1 -1 0 
111 114 1 1209 861 357 -1 -1 -1 0 
111 116 1624 1156 67 237 -1 -1 -1 0 
111 120 3290 1163 81 296 -1 -1 -1 0 
111 123 903 1179 81 266 -1 -1 -1 0 
112 38 1410 1189 71 218 -1 -1 -1 0 
112 39 1489 1174 99 236 -1 -1 -1 0 
112 78 2303 1170 81 277 -1 -1 -1 0 
112 101 2616 1161 91 242 -1 -1 -1 0 
112 112 3166 1150 103 298 -1 -1 -1 0 
112 114 0 1212 895 357 -1 -1 -1 0 
112 116 1618 1154 72 234 -1 -1 -1 0 
112 120 3290 1163 82 297 -1 -1 -1 0 
112 123 904 1178 80 273 -1 -1 -1 0 
112 124 3654 1142 111 318 -1 -1 -1 0 
113 38 1414 1189 64 219 -1 -1 -1 0 
113 39 1489 1174 97 236 -1 -1 -1 0 
113 78 2303 1168 79 279 -1 -1 -1 0 
113 101 2615 1161 90 242 -1 -1 -1 0 
113 112 3164 1148 106 301 -1 -1 -1 0 
113 114 5 1212 915 365 -1 -1 -1 0 
113 116 1612 1161 71 229 -1 -1 -1 0 
113 120 3290 1163 82 296 -1 -1 -1 0 
113 123 902 1177 83 273 -1 -1 -1 0 
113 124 3652 1142 119 314 -1 -1 -1 0 
114 38 1411 1189 70 218 -1 -1 -1 0 
114 39 1488 1173 97 241 -1 -1 -1 0 
114 78 2304 1174 70 268 -1 -1 -1 0 
114 101 2614 1160 90 244 -1 -1 -1 0 
114 112 3161 1146 111 299 -1 -1 -1 0 
114 114 0 1214 950 366 -1 -1 -1 0 
114 116 1605 1164 72 226 -1 -1 -1 0 
114 120 3289 1164 83 296 -1 -1 -1 0 
114 123 903 1179 84 250 -1 -1 -1 0 
114 124 3653 1142 119 310 -1 -1 -1 0 
115 38 1414 1188 64 221 -1 -1 -1 0 
115 39 1488 1173 97 242 -1 -1 -1 0 
115 78 2303 1175 69 266 -1 -1 -1 0 
115 101 2613 1160 91 244 -1 -1 -1 0 
115 112 3158 1144 117 299 -1 -1 -1 0 
115 114 2 1214 972 366 -1 -1 -1 0 
115 116 1601 1167 72 226 -1 -1 -1 0 
115 120 3289 1164 84 296 -1 -1 -1 0 
115 123 907 1182 79 214 -1 -1 -1 0 
116 38 1414 1188 64 221 -1 -1 -1 0 
116 39 1488 1173 96 243 -1 -1 -1 0 
116 101 2613 1160 89 244 -1 -1 -1 0 
116 112 3156 1144 120 299 -1 -1 -1 0 
116 114 2 1212 1009 369 -1 -1 -1 0 
116 116 1596 1162 76 231 -1 -1 -1 0 
116 120 3289 1165 84 294 -1 -1 -1 0 
116 123 910 1182 75 205 -1 -1 -1 0 
116 124 3654 1142 118 309 -1 -1 -1 0 
117 38 1415 1188 63 221 -1 -1 -1 0 
117 39 1488 1173 94 243 -1 -1 -1 0 
117 101 2612 1162 89 242 -1 -1 -1 0 
117 112 3151 1145 127 299 -1 -1 -1 0 
117 114 4 1210 1036 372 -1 -1 -1 0 
117 116 1595 1160 77 233 -1 -1 -1 0 
117 120 3288 1165 85 296 -1 -1 -1 0 
117 124 3655 1141 117 310 -1 -1 -1 0 
118 38 1414 1188 65 221 -1 -1 -1 0 
118 39 1487 1171 96 245 -1 -1 -1 0 
118 101 2612 1161 89 243 -1 -1 -1 0 
118 112 3167 1145 107 304 -1 -1 -1 0 
118 114 0 1208 1081 370 -1 -1 -1 0 
118 116 1580 1166 94 227 -1 -1 -1 0 
118 120 3286 1163 87 301 -1 -1 -1 0 
118 124 3655 1141 117 310 -1 -1 -1 0 
118 125 2300 1172 58 261 -1 -1 -1 0 
119 38 1414 1190 66 220 -1 -1 -1 0 
119 39 1488 1173 94 243 -1 -1 -1 0 
119 101 2613 1160 88 244 -1 -1 -1 0 
119 112 3172 1143 110 308 -1 -1 -1 0 
119 114 1 1206 1100 371 -1 -1 -1 0 
119 116 1574 1173 100 221 -1 -1 -1 0 
119 120 3285 1160 91 298 -1 -1 -1 0 
119 124 3657 1141 114 310 -1 -1 -1 0 
120 38 1414 1190 66 220 -1 -1 -1 0 
120 39 1487 1174 96 243 -1 -1 -1 0 
120 101 2614 1160 87 244 -1 -1 -1 0 
120 112 3169 1143 127 308 -1 -1 -1 0 
120 114 8 1207 1121 368 -1 -1 -1 0 
120 116 1569 1174 102 220 -1 -1 -1 0 
120 120 3286 1157 89 299 -1 -1 -1 0 
120 124 3658 1141 113 309 -1 -1 -1 0 
121 38 1414 1190 67 221 -1 -1 -1 0 
121 39 1487 1178 94 239 -1 -1 -1 0 
121 101 2614 1159 88 244 -1 -1 -1 0 
121 112 3174 1145 125 302 -1 -1 -1 0 
121 114 38 1199 1104 373 -1 -1 -1 0 
121 120 3288 1157 87 300 -1 -1 -1 0 
121 124 3659 1141 113 309 -1 -1 -1 0 
122 38 1413 1189 69 222 -1 -1 -1 0 
122 39 1488 1181 89 235 -1 -1 -1 0 
122 101 2616 1158 86 244 -1 -1 -1 0 
122 112 3171 1146 130 300 -1 -1 -1 0 
122 114 60 1200 1121 370 -1 -1 -1 0 
122 120 3287 1156 89 303 -1 -1 -1 0 
122 124 3659 1141 114 308 -1 -1 -1 0 
122 126 2287 1179 68 252 -1 -1 -1 0 
123 38 1414 1190 68 221 -1 -1 -1 0 
123 39 1488 1184 88 231 -1 -1 -1 0 
123 101 2616 1158 87 243 -1 -1 -1 0 
123 112 3172 1146 130 299 -1 -1 -1 0 
123 114 176 1199 1019 364 -1 -1 -1 0 
123 120 3286 1157 90 301 -1 -1 -1 0 
123 124 3659 1141 114 307 -1 -1 -1 0 
123 126 2281 1179 74 253 -1 -1 -1 0 
124 38 1413 1190 69 221 -1 -1 -1 0 
124 39 1488 1184 85 231 -1 -1 -1 0 
124 101 2616 1159 88 242 -1 -1 -1 0 
124 112 3170 1146 136 299 -1 -1 -1 0 
124 114 190 1205 1054 358 -1 -1 -1 0 
124 120 3287 1158 88 300 -1 -1 -1 0 
124 124 3659 1141 114 307 -1 -1 -1 0 
124 126 2279 1181 75 252 -1 -1 -1 0 
125 38 1413 1191 70 220 -1 -1 -1 0 
125 39 1487 1185 86 230 -1 -1 -1 0 
125 101 2616 1159 89 240 -1 -1 -1 0 
125 112 3177 1147 130 298 -1 -1 -1 0 
125 114 223 1204 1058 358 -1 -1 -1 0 
125 120 3287 1157 89 299 -1 -1 -1 0 
125 124 3659 1141 114 308 -1 -1 -1 0 
125 126 2279 1181 73 252 -1 -1 -1 0 
126 38 1414 1192 68 219 -1 -1 -1 0 
126 39 1485 1186 86 229 -1 -1 -1 0 
126 101 2617 1159 88 240 -1 -1 -1 0 
126 112 3175 1148 131 297 -1 -1 -1 0 
126 114 427 1205 851 355 -1 -1 -1 0 
126 120 3289 1155 88 300 -1 -1 -1 0 
126 124 3659 1141 114 308 -1 -1 -1 0 
126 126 2274 1180 78 252 -1 -1 -1 0 
126 129 1654 1163 77 239 -1 -1 -1 0 
127 38 1415 1193 66 217 -1 -1 -1 0 
127 39 1484 1185 91 230 -1 -1 -1 0 
127 101 2617 1161 88 238 -1 -1 -1 0 
127 112 3182 1148 121 299 -1 -1 -1 0 
127 114 412 1207 936 353 -1 -1 -1 0 
127 120 3287 1157 93 297 -1 -1 -1 0 
127 124 3659 1141 114 309 -1 -1 -1 0 
127 126 2269 1179 80 252 -1 -1 -1 0 
127 129 1650 1163 79 236 -1 -1 -1 0 
127 130 0 1204 43 250 -1 -1 -1 0 
128 38 1415 1192 66 219 -1 -1 -1 0 
128 39 1485 1187 83 226 -1 -1 -1 0 
128 101 2618 1161 85 238 -1 -1 -1 0 
128 112 3185 1150 113 296 -1 -1 -1 0 
128 114 387 1206 1002 358 -1 -1 -1 0 
128 120 3286 1160 98 295 -1 -1 -1 0 
128 124 3659 1141 113 309 -1 -1 -1 0 
128 126 2269 1181 78 250 -1 -1 -1 0 
128 129 1647 1161 75 235 -1 -1 -1 0 
128 130 0 1207 48 247 -1 -1 -1 0 
129 38 1415 1192 66 219 -1 -1 -1 0 
129 39 1486 1183 105 227 -1 -1 -1 0 
129 101 2616 1162 88 237 -1 -1 -1 0 
129 112 3188 1151 113 295 -1 -1 -1 0 
129 114 326 1205 1097 365 -1 -1 -1 0 
129 120 3286 1160 101 295 -1 -1 -1 0 
129 124 3659 1141 114 308 -1 -1 -1 0 
129 126 2263 1176 85 255 -1 -1 -1 0 
129 129 1641 1159 76 235 -1 -1 -1 0 
129 130 1 1199 47 257 -1 -1 -1 0 
130 38 1414 1189 68 218 -1 -1 -1 0 
130 39 1485 1182 101 231 -1 -1 -1 0 
130 101 2616 1163 88 237 -1 -1 -1 0 
130 112 3191 1153 113 294 -1 -1 -1 0 
130 114 399 1206 1028 364 -1 -1 -1 0 
130 120 3286 1160 102 296 -1 -1 -1 0 
130 124 3659 1141 113 310 -1 -1 -1 0 
130 126 2261 1172 86 259 -1 -1 -1 0 
130 129 1638 1160 75 233 -1 -1 -1 0 
130 130 1 1193 49 263 -1 -1 -1 0 
131 38 1415 1187 67 216 -1 -1 -1 0 
131 39 1483 1181 102 234 -1 -1 -1 0 
131 101 2616 1163 88 236 -1 -1 -1 0 
131 112 3195 1152 108 293 -1 -1 -1 0 
131 114 479 1206 968 360 -1 -1 -1 0 
131 120 3282 1159 111 298 -1 -1 -1 0 
131 124 3660 1142 112 309 -1 -1 -1 0 
131 126 2254 1163 93 268 -1 -1 -1 0 
131 129 1636 1159 74 233 -1 -1 -1 0 
131 130 0 1189 54 266 -1 -1 -1 0 
132 38 1411 1187 70 190 -1 -1 -1 0 
132 39 1482 1180 104 234 -1 -1 -1 0 
132 101 2616 1165 87 234 -1 -1 -1 0 
132 112 3197 1151 108 294 -1 -1 -1 0 
132 114 495 1206 1004 360 -1 -1 -1 0 
132 120 3283 1159 113 298 -1 -1 -1 0 
132 124 3660 1142 112 308 -1 -1 -1 0 
132 126 2257 1161 86 270 -1 -1 -1 0 
132 129 1631 1162 77 231 -1 -1 -1 0 
132 130 0 1184 57 271 -1 -1 -1 0 
133 38 1411 1188 69 172 -1 -1 -1 0 
133 39 1482 1177 106 233 -1 -1 -1 0 
133 101 2615 1164 88 234 -1 -1 -1 0 
133 112 3200 1151 106 295 -1 -1 -1 0 
133 114 508 1204 1023 362 -1 -1 -1 0 
133 120 3284 1159 116 300 -1 -1 -1 0 
133 124 3659 1142 114 308 -1 -1 -1 0 
133 126 2260 1160 83 272 -1 -1 -1 0 
133 129 1625 1162 82 236 -1 -1 -1 0 
133 130 0 1180 60 277 -1 -1 -1 0 
134 38 1411 1190 68 156 -1 -1 -1 0 
134 39 1482 1175 106 233 -1 -1 -1 0 
134 101 2614 1164 89 233 -1 -1 -1 0 
134 112 3200 1153 107 288 -1 -1 -1 0 
134 114 507 1203 1053 367 -1 -1 -1 0 
134 120 3285 1161 120 300 -1 -1 -1 0 
134 124 3659 1143 113 308 -1 -1 -1 0 
134 126 2257 1161 89 271 -1 -1 -1 0 
134 129 1622 1161 77 238 -1 -1 -1 0 
134 130 0 1180 63 273 -1 -1 -1 0 
135 38 1411 1189 69 148 -1 -1 -1 0 
135 39 1476 1173 113 216 -1 -1 -1 0 
135 101 2613 1163 89 233 -1 -1 -1 0 
135 112 3202 1154 106 286 -1 -1 -1 0 
135 114 507 1202 1086 369 -1 -1 -1 0 
135 120 3287 1161 120 299 -1 -1 -1 0 
135 124 3658 1143 114 308 -1 -1 -1 0 
135 126 2248 1166 101 266 -1 -1 -1 0 
135 129 1618 1160 80 239 -1 -1 -1 0 
135 130 0 1181 65 277 -1 -1 -1 0 
135 131 1975 1163 66 193 -1 -1 -1 0 
136 38 1410 1187 72 143 -1 -1 -1 0 
136 39 1475 1171 111 192 -1 -1 -1 0 
136 101 2615 1161 87 236 -1 -1 -1 0 
136 112 3206 1151 103 290 -1 -1 -1 0 
136 114 536 1200 1074 371 -1 -1 -1 0 
136 120 3288 1162 122 301 -1 -1 -1 0 
136 124 3659 1143 113 308 -1 -1 -1 0 
136 126 2246 1176 95 254 -1 -1 -1 0 
136 129 1615 1163 79 229 -1 -1 -1 0 
136 130 0 1181 66 273 -1 -1 -1 0 
137 38 1407 1187 76 136 -1 -1 -1 0 
137 39 1476 1170 103 177 -1 -1 -1 0 
137 101 2615 1158 87 239 -1 -1 -1 0 
137 112 3207 1149 104 294 -1 -1 -1 0 
137 114 560 1201 1080 370 -1 -1 -1 0 
137 120 3288 1167 122 297 -1 -1 -1 0 
137 124 3659 1143 112 307 -1 -1 -1 0 
137 126 2251 1171 86 260 -1 -1 -1 0 
137 129 1613 1164 79 221 -1 -1 -1 0 
137 130 0 1180 67 280 -1 -1 -1 0 
138 38 1406 1186 78 133 -1 -1 -1 0 
138 39 1474 1166 108 170 -1 -1 -1 0 
138 101 2612 1157 90 241 -1 -1 -1 0 
138 112 3213 1150 97 289 -1 -1 -1 0 
138 114 574 1200 1110 370 -1 -1 -1 0 
138 120 3290 1164 121 298 -1 -1 -1 0 
138 124 3660 1143 111 307 -1 -1 -1 0 
138 126 2248 1176 94 254 -1 -1 -1 0 
138 129 1610 1164 79 220 -1 -1 -1 0 
138 130 0 1180 69 280 -1 -1 -1 0 
139 38 1410 1183 71 124 -1 -1 -1 0 
139 39 1476 1167 101 160 -1 -1 -1 0 
139 101 2610 1156 90 241 -1 -1 -1 0 
139 112 3217 1152 94 287 -1 -1 -1 0 
139 114 621 1203 1071 368 -1 -1 -1 0 
139 120 3289 1163 123 299 -1 -1 -1 0 
139 124 3659 1143 113 307 -1 -1 -1 0 
139 126 2238 1177 111 254 -1 -1 -1 0 
139 130 0 1180 70 282 -1 -1 -1 0 
140 38 1411 1182 68 118 -1 -1 -1 0 
140 39 1476 1166 99 154 -1 -1 -1 0 
140 101 2610 1154 87 242 -1 -1 -1 0 
140 112 3217 1148 96 294 -1 -1 -1 0 
140 114 661 1200 1058 369 -1 -1 -1 0 
140 120 3290 1162 122 298 -1 -1 -1 0 
140 124 3660 1143 112 307 -1 -1 -1 0 
140 126 2246 1174 103 258 -1 -1 -1 0 
140 130 0 1181 71 283 -1 -1 -1 0 
140 133 1671 1165 73 204 -1 -1 -1 0 
141 39 1469 1166 107 146 -1 -1 -1 0 
141 101 2610 1153 86 243 -1 -1 -1 0 
141 112 3215 1148 100 295 -1 -1 -1 0 
141 114 683 1197 1066 371 -1 -1 -1 0 
141 120 3287 1164 126 297 -1 -1 -1 0 
141 124 3660 1143 112 306 -1 -1 -1 0 
141 126 2241 1177 112 255 -1 -1 -1 0 
141 130 0 1182 71 281 -1 -1 -1 0 
141 133 1667 1167 69 189 -1 -1 -1 0 
141 135 2677 1136 78 259 -1 -1 -1 0 
142 39 1469 1163 104 141 -1 -1 -1 0 
142 101 2608 1156 88 240 -1 -1 -1 0 
142 112 3218 1147 96 296 -1 -1 -1 0 
142 114 711 1199 1059 369 -1 -1 -1 0 
142 120 3293 1160 120 299 -1 -1 -1 0 
142 124 3660 1143 112 306 -1 -1 -1 0 
142 126 2264 1172 87 260 -1 -1 -1 0 
142 130 0 1183 72 280 -1 -1 -1 0 
142 133 1661 1169 69 175 -1 -1 -1 0 
142 135 2677 1142 79 250 -1 -1 -1 0 
142 136 1593 1170 72 161 -1 -1 -1 0 
143 39 1465 1164 106 131 -1 -1 -1 0 
143 101 2607 1161 88 235 -1 -1 -1 0 
143 112 3221 1146 90 296 -1 -1 -1 0 
143 114 762 1195 1026 371 -1 -1 -1 0 
143 120 3294 1161 119 297 -1 -1 -1 0 
143 124 3660 1143 111 307 -1 -1 -1 0 
143 126 2271 1171 83 259 -1 -1 -1 0 
143 130 0 1183 71 280 -1 -1 -1 0 
143 133 1659 1171 65 163 -1 -1 -1 0 
143 135 2677 1146 79 246 -1 -1 -1 0 
144 39 1465 1164 103 124 -1 -1 -1 0 
144 101 2606 1161 88 234 -1 -1 -1 0 
144 112 3219 1145 95 291 -1 -1 -1 0 
144 114 779 1194 1041 370 -1 -1 -1 0 
144 120 3300 1161 111 298 -1 -1 -1 0 
144 124 3660 1143 111 307 -1 -1 -1 0 
144 126 2272 1171 86 258 -1 -1 -1 0 
144 130 0 1183 71 278 -1 -1 -1 0 
144 135 2678 1147 77 245 -1 -1 -1 0 
144 137 1951 1174 65 184 -1 -1 -1 0 
145 101 2603 1158 90 237 -1 -1 -1 0 
145 112 3219 1144 98 290 -1 -1 -1 0 
145 114 798 1194 1059 370 -1 -1 -1 0 
145 120 3303 1161 109 299 -1 -1 -1 0 
145 124 3659 1143 113 307 -1 -1 -1 0 
145 126 2277 1170 86 257 -1 -1 -1 0 
145 130 0 1184 71 271 -1 -1 -1 0 
145 135 2677 1144 76 246 -1 -1 -1 0 
145 137 1949 1175 67 183 -1 -1 -1 0 
146 101 2598 1158 91 238 -1 -1 -1 0 
146 112 3217 1142 103 294 -1 -1 -1 0 
146 114 835 1194 1047 373 -1 -1 -1 0 
146 120 3305 1161 108 300 -1 -1 -1 0 
146 124 3659 1143 113 307 -1 -1 -1 0 
146 126 2285 1172 82 252 -1 -1 -1 0 
146 130 0 1182 70 278 -1 -1 -1 0 
146 135 2673 1142 80 248 -1 -1 -1 0 
147 101 2593 1156 96 240 -1 -1 -1 0 
147 112 3217 1140 106 298 -1 -1 -1 0 
147 114 861 1197 1049 368 -1 -1 -1 0 
147 120 3308 1159 108 302 -1 -1 -1 0 
147 124 3658 1143 114 307 -1 -1 -1 0 
147 126 2299 1168 69 259 -1 -1 -1 0 
147 130 0 1183 70 271 -1 -1 -1 0 
147 135 2673 1141 79 247 -1 -1 -1 0 
148 101 2593 1153 90 243 -1 -1 -1 0 
148 112 3216 1138 112 301 -1 -1 -1 0 
148 114 876 1197 1059 367 -1 -1 -1 0 
148 120 3310 1159 106 301 -1 -1 -1 0 
148 124 3658 1143 114 307 -1 -1 -1 0 
148 126 2299 1168 76 259 -1 -1 -1 0 
148 130 0 1182 68 269 -1 -1 -1 0 
148 135 2671 1140 79 248 -1 -1 -1 0 
149 101 2591 1154 92 242 -1 -1 -1 0 
149 112 3214 1135 116 303 -1 -1 -1 0 
149 114 929 1197 1028 368 -1 -1 -1 0 
149 120 3312 1160 106 298 -1 -1 -1 0 
149 124 3658 1143 113 307 -1 -1 -1 0 
149 126 2300 1168 80 258 -1 -1 -1 0 
149 130 0 1182 68 268 -1 -1 -1 0 
149 135 2669 1141 80 248 -1 -1 -1 0 
150 101 2587 1150 96 247 -1 -1 -1 0 
150 112 3214 1138 116 303 -1 -1 -1 0 
150 114 953 1195 1041 369 -1 -1 -1 0 
150 120 3314 1162 107 294 -1 -1 -1 0 
150 124 3658 1143 114 306 -1 -1 -1 0 
150 126 2306 1170 77 255 -1 -1 -1 0 
150 130 0 1183 67 266 -1 -1 -1 0 
150 135 2669 1136 79 253 -1 -1 -1 0 
151 101 2589 1149 89 248 -1 -1 -1 0 
151 112 3213 1139 120 301 -1 -1 -1 0 
151 114 986 1195 1034 368 -1 -1 -1 0 
151 120 3318 1160 105 296 -1 -1 -1 0 
151 124 3658 1143 113 306 -1 -1 -1 0 
151 126 2307 1172 84 255 -1 -1 -1 0 
151 130 0 1183 67 266 -1 -1 -1 0 
151 135 2666 1132 82 257 -1 -1 -1 0 
151 141 2237 1194 79 230 -1 -1 -1 0 
152 101 2585 1152 93 243 -1 -1 -1 0 
152 112 3217 1138 115 300 -1 -1 -1 0 
152 114 1010 1197 1047 368 -1 -1 -1 0 
152 120 3321 1161 104 294 -1 -1 -1 0 
152 124 3659 1143 113 306 -1 -1 -1 0 
152 126 2311 1165 82 260 -1 -1 -1 0 
152 130 0 1181 65 267 -1 -1 -1 0 
152 135 2660 1128 92 258 -1 -1 -1 0 
152 141 2233 1195 87 231 -1 -1 -1 0 
152 142 205 1177 83 250 -1 -1 -1 0 
153 101 2585 1150 90 245 -1 -1 -1 0 
153 112 3222 1138 114 300 -1 -1 -1 0 
153 114 1043 1197 1043 368 -1 -1 -1 0 
153 120 3322 1161 105 291 -1 -1 -1 0 
153 124 3659 1144 113 305 -1 -1 -1 0 
153 126 2313 1165 78 257 -1 -1 -1 0 
153 130 0 1184 65 264 -1 -1 -1 0 
153 135 2662 1133 85 257 -1 -1 -1 0 
153 141 2233 1195 86 229 -1 -1 -1 0 
154 101 2584 1148 89 247 -1 -1 -1 0 
154 112 3224 1141 113 296 -1 -1 -1 0 
154 114 1081 1196 1031 368 -1 -1 -1 0 
154 120 3322 1161 105 292 -1 -1 -1 0 
154 124 3660 1144 112 306 -1 -1 -1 0 
154 126 2314 1166 78 259 -1 -1 -1 0 
154 130 0 1183 64 266 -1 -1 -1 0 
154 135 2659 1135 84 256 -1 -1 -1 0 
154 141 2232 1195 83 230 -1 -1 -1 0 
155 101 2580 1149 94 246 -1 -1 -1 0 
155 112 3230 1141 112 296 -1 -1 -1 0 
155 114 1104 1196 1040 368 -1 -1 -1 0 
155 120 3323 1163 107 290 -1 -1 -1 0 
155 124 3659 1144 114 305 -1 -1 -1 0 
155 126 2315 1167 79 254 -1 -1 -1 0 
155 130 0 1183 65 269 -1 -1 -1 0 
155 135 2656 1129 88 259 -1 -1 -1 0 
155 141 2229 1194 89 232 -1 -1 -1 0 
156 101 2580 1152 91 241 -1 -1 -1 0 
156 112 3232 1153 112 284 -1 -1 -1 0 
156 114 1148 1194 1026 368 -1 -1 -1 0 
156 120 3325 1165 107 290 -1 -1 -1 0 
156 124 3660 1144 112 305 -1 -1 -1 0 
156 126 2319 1165 79 259 -1 -1 -1 0 
156 130 0 1182 65 272 -1 -1 -1 0 
156 135 2655 1127 90 260 -1 -1 -1 0 
156 141 2227 1194 92 233 -1 -1 -1 0 
157 101 2576 1151 95 240 -1 -1 -1 0 
157 112 3233 1154 117 281 -1 -1 -1 0 
157 114 1170 1193 1028 367 -1 -1 -1 0 
157 120 3328 1164 109 289 -1 -1 -1 0 
157 124 3659 1144 114 307 -1 -1 -1 0 
157 126 2322 1166 75 260 -1 -1 -1 0 
157 130 0 1181 64 273 -1 -1 -1 0 
157 135 2654 1125 94 261 -1 -1 -1 0 
157 141 2228 1185 88 246 -1 -1 -1 0 
158 101 2576 1150 93 238 -1 -1 -1 0 
158 112 3236 1158 117 276 -1 -1 -1 0 
158 114 1197 1195 1023 367 -1 -1 -1 0 
158 120 3328 1165 111 285 -1 -1 -1 0 
158 124 3659 1143 113 308 -1 -1 -1 0 
158 126 2320 1167 81 259 -1 -1 -1 0 
158 130 0 1179 62 282 -1 -1 -1 0 
158 135 2655 1131 92 259 -1 -1 -1 0 
158 141 2229 1184 86 247 -1 -1 -1 0 
159 101 2575 1150 94 237 -1 -1 -1 0 
159 112 3240 1156 117 275 -1 -1 -1 0 
159 114 1228 1195 1016 368 -1 -1 -1 0 
159 120 3328 1166 114 282 -1 -1 -1 0 
159 124 3659 1143 114 308 -1 -1 -1 0 
159 126 2318 1169 87 257 -1 -1 -1 0 
159 130 0 1178 61 267 -1 -1 -1 0 
159 135 2655 1133 94 259 -1 -1 -1 0 
159 141 2231 1186 81 242 -1 -1 -1 0 
160 101 2575 1149 92 239 -1 -1 -1 0 
160 112 3242 1161 119 269 -1 -1 -1 0 
160 114 1253 1194 1028 367 -1 -1 -1 0 
160 120 3336 1165 105 283 -1 -1 -1 0 
160 124 3658 1143 115 309 -1 -1 -1 0 
160 126 2322 1176 82 255 -1 -1 -1 0 
160 130 0 1178 61 266 -1 -1 -1 0 
160 135 2654 1127 95 264 -1 -1 -1 0 
160 141 2230 1187 82 231 -1 -1 -1 0 
161 101 2575 1149 89 236 -1 -1 -1 0 
161 112 3242 1154 119 274 -1 -1 -1 0 
161 114 1283 1194 1023 366 -1 -1 -1 0 
161 120 3337 1163 105 286 -1 -1 -1 0 
161 124 3658 1143 114 309 -1 -1 -1 0 
161 126 2322 1179 84 254 -1 -1 -1 0 
161 135 2652 1125 97 266 -1 -1 -1 0 
161 141 2229 1188 83 198 -1 -1 -1 0 
162 101 2574 1152 90 232 -1 -1 -1 0 
162 112 3242 1147 119 281 -1 -1 -1 0 
162 114 1309 1193 1026 368 -1 -1 -1 0 
162 120 3343 1161 97 288 -1 -1 -1 0 
162 124 3658 1143 114 309 -1 -1 -1 0 
162 126 2324 1186 77 252 -1 -1 -1 0 
162 135 2651 1134 95 260 -1 -1 -1 0 
162 141 2232 1187 80 173 -1 -1 -1 0 
163 101 2574 1152 87 233 -1 -1 -1 0 
163 112 3245 1150 119 277 -1 -1 -1 0 
163 114 1339 1190 1032 370 -1 -1 -1 0 
163 120 3348 1162 91 289 -1 -1 -1 0 
163 124 3657 1143 115 310 -1 -1 -1 0 
163 126 2322 1189 83 231 -1 -1 -1 0 
163 135 2650 1138 96 257 -1 -1 -1 0 
163 141 2232 1185 76 165 -1 -1 -1 0 
164 101 2573 1152 87 232 -1 -1 -1 0 
164 112 3251 1151 111 276 -1 -1 -1 0 
164 114 1362 1192 1033 366 -1 -1 -1 0 
164 120 3348 1162 94 290 -1 -1 -1 0 
164 124 3657 1142 116 310 -1 -1 -1 0 
164 126 2324 1191 82 228 -1 -1 -1 0 
164 135 2650 1136 96 259 -1 -1 -1 0 
165 101 2570 1155 89 228 -1 -1 -1 0 
165 112 3253 1151 112 276 -1 -1 -1 0 
165 114 1388 1195 1037 362 -1 -1 -1 0 
165 120 3351 1162 91 290 -1 -1 -1 0 
165 124 3657 1142 116 310 -1 -1 -1 0 
165 135 2649 1129 96 263 -1 -1 -1 0 
165 148 0 1379 290 200 -1 -1 -1 0 
166 101 2569 1154 87 228 -1 -1 -1 0 
166 112 3263 1148 101 282 -1 -1 -1 0 
166 114 1422 1195 1038 361 -1 -1 -1 0 
166 120 3358 1163 87 283 -1 -1 -1 0 
166 124 3658 1142 113 310 -1 -1 -1 0 
166 135 2648 1126 97 265 -1 -1 -1 0 
166 148 0 1370 302 191 -1 -1 -1 0 
167 101 2568 1156 87 229 -1 -1 -1 0 
167 112 3268 1144 100 290 -1 -1 -1 0 
167 114 1448 1191 1041 366 -1 -1 -1 0 
167 120 3362 1164 84 285 -1 -1 -1 0 
167 124 3656 1142 117 310 -1 -1 -1 0 
167 135 2648 1125 96 266 -1 -1 -1 0 
167 148 7 1360 292 214 -1 -1 -1 0 
168 101 2566 1154 89 234 -1 -1 -1 0 
168 112 3268 1144 103 288 -1 -1 -1 0 
168 114 1483 1194 1033 365 -1 -1 -1 0 
168 120 3364 1166 85 286 -1 -1 -1 0 
168 124 3657 1143 115 309 -1 -1 -1 0 
168 135 2647 1127 98 262 -1 -1 -1 0 
168 148 6 1359 291 225 -1 -1 -1 0 
168 149 93 1188 67 184 -1 -1 -1 0 
169 101 2563 1153 92 240 -1 -1 -1 0 
169 112 3270 1141 100 290 -1 -1 -1 0 
169 114 1513 1193 1015 368 -1 -1 -1 0 
169 120 3365 1169 87 284 -1 -1 -1 0 
169 124 3657 1143 115 309 -1 -1 -1 0 
169 135 2646 1128 98 261 -1 -1 -1 0 
169 148 7 1354 301 234 -1 -1 -1 0 
169 149 85 1188 72 173 -1 -1 -1 0 
169 150 1401 1172 79 238 -1 -1 -1 0 
170 101 2561 1156 94 239 -1 -1 -1 0 
170 112 3266 1140 106 291 -1 -1 -1 0 
170 114 1532 1193 1033 367 -1 -1 -1 0 
170 120 3365 1168 92 285 -1 -1 -1 0 
170 124 3657 1143 115 309 -1 -1 -1 0 
170 135 2644 1129 99 262 -1 -1 -1 0 
170 149 83 1188 70 168 -1 -1 -1 0 
170 150 1401 1178 76 232 -1 -1 -1 0 
170 152 2224 1184 90 105 -1 -1 -1 0 
171 101 2562 1158 88 236 -1 -1 -1 0 
171 112 3268 1138 106 291 -1 -1 -1 0 
171 114 1559 1194 1029 364 -1 -1 -1 0 
171 120 3362 1168 106 287 -1 -1 -1 0 
171 124 3657 1143 114 309 -1 -1 -1 0 
171 135 2640 1133 101 258 -1 -1 -1 0 
171 150 1398 1178 79 231 -1 -1 -1 0 
171 152 2227 1185 85 99 -1 -1 -1 0 
171 153 1470 1179 85 233 -1 -1 -1 0 
172 101 2562 1159 87 234 -1 -1 -1 0 
172 112 3272 1138 102 293 -1 -1 -1 0 
172 114 1592 1193 1022 365 -1 -1 -1 0 
172 120 3362 1169 114 289 -1 -1 -1 0 
172 124 3656 1143 116 309 -1 -1 -1 0 
172 135 2636 1138 105 252 -1 -1 -1 0 
172 150 1398 1178 79 232 -1 -1 -1 0 
172 153 1472 1175 80 238 -1 -1 -1 0 
173 101 2562 1158 84 223 -1 -1 -1 0 
173 112 3273 1136 102 296 -1 -1 -1 0 
173 114 1628 1195 1015 363 -1 -1 -1 0 
173 120 3363 1168 119 293 -1 -1 -1 0 
173 124 3656 1143 117 309 -1 -1 -1 0 
173 135 2634 1138 106 251 -1 -1 -1 0 
173 150 1395 1178 83 232 -1 -1 -1 0 
173 153 1473 1178 78 235 -1 -1 -1 0 
173 155 2497 1163 75 180 -1 -1 -1 0 
174 101 2560 1161 88 207 -1 -1 -1 0 
174 112 3271 1135 108 297 -1 -1 -1 0 
174 114 1653 1195 1018 364 -1 -1 -1 0 
174 120 3362 1168 122 292 -1 -1 -1 0 
174 124 3656 1143 116 310 -1 -1 -1 0 
174 135 2637 1136 105 257 -1 -1 -1 0 
174 150 1397 1182 81 230 -1 -1 -1 0 
174 153 1474 1180 78 234 -1 -1 -1 0 
174 155 2498 1162 75 168 -1 -1 -1 0 
174 157 2765 1131 82 245 -1 -1 -1 0 
175 101 2560 1165 86 194 -1 -1 -1 0 
175 112 3269 1136 113 293 -1 -1 -1 0 
175 114 1680 1195 1017 363 -1 -1 -1 0 
175 120 3362 1167 123 294 -1 -1 -1 0 
175 124 3657 1144 115 309 -1 -1 -1 0 
175 135 2641 1133 104 258 -1 -1 -1 0 
175 150 1391 1180 83 231 -1 -1 -1 0 
175 153 1472 1179 83 236 -1 -1 -1 0 
175 155 2498 1163 72 152 -1 -1 -1 0 
175 157 2767 1131 79 244 -1 -1 -1 0 
175 158 1539 1168 64 232 -1 -1 -1 0 
176 101 2560 1160 83 190 -1 -1 -1 0 
176 112 3269 1136 113 292 -1 -1 -1 0 
176 114 1711 1193 1007 363 -1 -1 -1 0 
176 120 3365 1166 119 290 -1 -1 -1 0 
176 124 3655 1144 117 308 -1 -1 -1 0 
176 135 2645 1130 101 256 -1 -1 -1 0 
176 150 1389 1181 84 231 -1 -1 -1 0 
176 153 1473 1175 82 241 -1 -1 -1 0 
176 155 2499 1163 69 144 -1 -1 -1 0 
177 101 2558 1160 81 178 -1 -1 -1 0 
177 112 3269 1137 116 291 -1 -1 -1 0 
177 114 1728 1190 1025 366 -1 -1 -1 0 
177 120 3367 1165 117 289 -1 -1 -1 0 
177 124 3655 1144 116 308 -1 -1 -1 0 
177 135 2645 1129 102 245 -1 -1 -1 0 
177 153 1474 1173 82 244 -1 -1 -1 0 
177 158 1535 1164 63 241 -1 -1 -1 0 
177 159 1 1264 314 280 -1 -1 -1 0 
178 101 2557 1161 79 163 -1 -1 -1 0 
178 112 3270 1138 117 288 -1 -1 -1 0 
178 114 1743 1191 1044 362 -1 -1 -1 0 
178 120 3370 1164 114 290 -1 -1 -1 0 
178 124 3655 1144 116 308 -1 -1 -1 0 
178 135 2642 1128 106 235 -1 -1 -1 0 
178 153 1475 1172 81 246 -1 -1 -1 0 
178 159 2 1261 304 278 -1 -1 -1 0 
179 101 2557 1165 77 146 -1 -1 -1 0 
179 112 3271 1138 118 288 -1 -1 -1 0 
179 114 1772 1190 1039 360 -1 -1 -1 0 
179 120 3366 1162 114 294 -1 -1 -1 0 
179 124 3656 1144 115 308 -1 -1 -1 0 
179 135 2642 1129 105 224 -1 -1 -1 0 
179 153 1485 1173 86 239 -1 -1 -1 0 
179 159 1 1262 305 279 -1 -1 -1 0 
179 161 489 1311 257 247 -1 -1 -1 0 
179 162 1367 1162 77 233 -1 -1 -1 0 
180 101 2556 1167 75 132 -1 -1 -1 0 
180 112 3270 1138 120 287 -1 -1 -1 0 
180 114 1810 1189 1026 362 -1 -1 -1 0 
180 120 3363 1162 117 294 -1 -1 -1 0 
180 124 3656 1144 115 308 -1 -1 -1 0 
180 135 2642 1129 105 220 -1 -1 -1 0 
180 153 1488 1172 89 239 -1 -1 -1 0 
180 159 1 1263 300 272 -1 -1 -1 0 
180 161 490 1321 286 242 -1 -1 -1 0 
180 162 1365 1164 80 235 -1 -1 -1 0 
181 101 2557 1169 71 123 -1 -1 -1 0 
181 112 3267 1139 128 286 -1 -1 -1 0 
181 114 1844 1191 1018 360 -1 -1 -1 0 
181 120 3365 1160 115 295 -1 -1 -1 0 
181 124 3656 1144 115 307 -1 -1 -1 0 
181 153 1491 1173 87 236 -1 -1 -1 0 
181 159 0 1262 303 268 -1 -1 -1 0 
181 161 498 1314 305 257 -1 -1 -1 0 
181 162 1363 1165 76 228 -1 -1 -1 0 
182 112 3267 1137 126 288 -1 -1 -1 0 
182 114 1870 1192 1004 358 -1 -1 -1 0 
182 120 3372 1161 109 292 -1 -1 -1 0 
182 124 3654 1144 116 307 -1 -1 -1 0 
182 153 1490 1174 90 235 -1 -1 -1 0 
182 159 0 1261 302 266 -1 -1 -1 0 
182 161 501 1311 329 261 -1 -1 -1 0 
182 162 1356 1166 83 224 -1 -1 -1 0 
183 112 3265 1136 128 289 -1 -1 -1 0 
183 114 1896 1192 1009 359 -1 -1 -1 0 
183 120 3377 1160 106 293 -1 -1 -1 0 
183 124 3651 1143 119 308 -1 -1 -1 0 
183 153 1489 1174 91 236 -1 -1 -1 0 
183 161 103 1273 809 297 -1 -1 -1 0 
183 162 1350 1167 83 219 -1 -1 -1 0 
183 163 1421 1171 71 234 -1 -1 -1 0 
184 112 3266 1141 127 284 -1 -1 -1 0 
184 114 1932 1192 997 359 -1 -1 -1 0 
184 120 3380 1160 103 293 -1 -1 -1 0 
184 124 3651 1143 118 308 -1 -1 -1 0 
184 153 1487 1175 94 235 -1 -1 -1 0 
184 161 18 1255 876 315 -1 -1 -1 0 
184 162 1346 1168 82 217 -1 -1 -1 0 
184 163 1419 1175 70 229 -1 -1 -1 0 
185 112 3268 1142 123 284 -1 -1 -1 0 
185 114 1959 1190 1002 361 -1 -1 -1 0 
185 120 3383 1159 100 294 -1 -1 -1 0 
185 124 3652 1143 118 308 -1 -1 -1 0 
185 153 1486 1176 95 233 -1 -1 -1 0 
185 161 2 1248 876 323 -1 -1 -1 0 
185 162 1344 1169 82 217 -1 -1 -1 0 
185 163 1414 1180 73 225 -1 -1 -1 0 
186 112 3271 1142 119 284 -1 -1 -1 0 
186 114 1966 1188 1041 362 -1 -1 -1 0 
186 120 3385 1158 99 294 -1 -1 -1 0 
186 124 3649 1144 120 309 -1 -1 -1 0 
186 153 1485 1179 88 234 -1 -1 -1 0 
186 161 0 1246 946 331 -1 -1 -1 0 
186 162 1343 1170 82 217 -1 -1 -1 0 
186 163 1412 1185 73 221 -1 -1 -1 0 
187 112 3270 1141 126 284 -1 -1 -1 0 
187 114 1998 1190 1036 361 -1 -1 -1 0 
187 120 3389 1158 97 293 -1 -1 -1 0 
187 124 3648 1144 121 309 -1 -1 -1 0 
187 153 1483 1177 98 234 -1 -1 -1 0 
187 161 0 1245 954 337 -1 -1 -1 0 
187 162 1339 1174 83 213 -1 -1 -1 0 
187 163 1411 1188 70 219 -1 -1 -1 0 
188 112 3268 1140 133 287 -1 -1 -1 0 
188 114 2024 1188 1036 362 -1 -1 -1 0 
188 120 3389 1158 100 292 -1 -1 -1 0 
188 124 3648 1144 120 309 -1 -1 -1 0 
188 153 1484 1179 90 235 -1 -1 -1 0 
188 161 0 1244 1028 336 -1 -1 -1 0 
188 162 1336 1177 81 209 -1 -1 -1 0 
188 163 1406 1189 74 219 -1 -1 -1 0 
189 112 3268 1140 138 289 -1 -1 -1 0 
189 114 2035 1188 1050 362 -1 -1 -1 0 
189 120 3392 1156 97 292 -1 -1 -1 0 
189 124 3648 1144 119 310 -1 -1 -1 0 
189 153 1483 1177 99 234 -1 -1 -1 0 
189 161 0 1236 1051 342 -1 -1 -1 0 
189 162 1336 1177 75 208 -1 -1 -1 0 
189 163 1404 1187 74 221 -1 -1 -1 0 
190 112 3268 1140 139 290 -1 -1 -1 0 
190 114 2060 1186 1055 362 -1 -1 -1 0 
190 120 3394 1156 96 292 -1 -1 -1 0 
190 124 3648 1144 119 310 -1 -1 -1 0 
190 153 1483 1175 102 235 -1 -1 -1 0 
190 161 0 1237 1075 348 -1 -1 -1 0 
190 162 1333 1180 77 204 -1 -1 -1 0 
190 163 1405 1188 72 219 -1 -1 -1 0 
191 112 3268 1143 135 286 -1 -1 -1 0 
191 114 2092 1184 1048 364 -1 -1 -1 0 
191 120 3398 1156 92 292 -1 -1 -1 0 
191 124 3650 1142 119 310 -1 -1 -1 0 
191 153 1477 1177 99 237 -1 -1 -1 0 
191 161 0 1238 1114 349 -1 -1 -1 0 
191 162 1332 1178 74 205 -1 -1 -1 0 
191 163 1401 1181 72 220 -1 -1 -1 0 
191 168 2656 1123 89 105 -1 -1 -1 0 
191 169 0 1184 54 177 -1 -1 -1 0 
191 170 2772 1129 86 130 -1 -1 -1 0 
192 112 3268 1143 132 284 -1 -1 -1 0 
192 114 2117 1183 1047 366 -1 -1 -1 0 
192 120 3399 1156 90 292 -1 -1 -1 0 
192 124 3648 1143 120 310 -1 -1 -1 0 
192 153 1475 1179 91 237 -1 -1 -1 0 
192 161 0 1239 1149 339 -1 -1 -1 0 
192 162 1330 1177 77 206 -1 -1 -1 0 
192 163 1398 1177 76 221 -1 -1 -1 0 
192 168 2661 1123 83 95 -1 -1 -1 0 
192 169 0 1185 53 178 -1 -1 -1 0 
192 170 2763 1129 98 126 -1 -1 -1 0 
193 112 3270 1143 131 282 -1 -1 -1 0 
193 114 2141 1182 1053 368 -1 -1 -1 0 
193 120 3401 1155 89 293 -1 -1 -1 0 
193 124 3649 1142 121 309 -1 -1 -1 0 
193 153 1473 1179 89 235 -1 -1 -1 0 
193 161 0 1240 1172 335 -1 -1 -1 0 
193 162 1328 1176 78 208 -1 -1 -1 0 
193 163 1397 1177 78 220 -1 -1 -1 0 
193 168 2666 1123 78 86 -1 -1 -1 0 
193 169 0 1185 53 182 -1 -1 -1 0 
193 170 2760 1128 100 119 -1 -1 -1 0 
194 112 3271 1141 130 285 -1 -1 -1 0 
194 114 2170 1182 1053 368 -1 -1 -1 0 
194 120 3403 1154 87 295 -1 -1 -1 0 
194 124 3650 1142 120 309 -1 -1 -1 0 
194 153 1471 1180 83 234 -1 -1 -1 0 
194 161 381 1242 745 328 -1 -1 -1 0 
194 162 1327 1175 75 208 -1 -1 -1 0 
194 163 1397 1178 77 219 -1 -1 -1 0 
194 168 2665 1123 81 79 -1 -1 -1 0 
194 169 0 1186 54 185 -1 -1 -1 0 
194 170 2761 1128 99 109 -1 -1 -1 0 
195 112 3272 1139 126 287 -1 -1 -1 0 
195 114 2201 1183 1048 367 -1 -1 -1 0 
195 120 3404 1154 88 295 -1 -1 -1 0 
195 124 3651 1142 119 309 -1 -1 -1 0 
195 153 1470 1180 82 234 -1 -1 -1 0 
195 161 454 1243 746 329 -1 -1 -1 0 
195 162 1326 1174 76 208 -1 -1 -1 0 
195 163 1394 1177 79 219 -1 -1 -1 0 
195 168 2667 1121 78 77 -1 -1 -1 0 
195 170 2765 1128 93 100 -1 -1 -1 0 
195 171 1520 1177 71 229 -1 -1 -1 0 
196 112 3270 1139 126 285 -1 -1 -1 0 
196 114 2234 1184 1041 366 -1 -1 -1 0 
196 120 3406 1154 86 296 -1 -1 -1 0 
196 124 3651 1142 119 308 -1 -1 -1 0 
196 161 467 1243 810 326 -1 -1 -1 0 
196 162 1325 1172 77 209 -1 -1 -1 0 
196 163 1413 1190 74 215 -1 -1 -1 0 
196 168 2671 1121 72 70 -1 -1 -1 0 
196 170 2767 1128 92 93 -1 -1 -1 0 
196 171 1520 1178 71 228 -1 -1 -1 0 
197 112 3269 1140 127 280 -1 -1 -1 0 
197 114 2252 1184 1049 366 -1 -1 -1 0 
197 120 3407 1154 87 296 -1 -1 -1 0 
197 124 3651 1142 119 308 -1 -1 -1 0 
197 161 480 1240 838 324 -1 -1 -1 0 
197 162 1324 1172 75 211 -1 -1 -1 0 
197 163 1413 1191 74 214 -1 -1 -1 0 
197 170 2770 1128 91 84 -1 -1 -1 0 
197 171 1520 1176 70 230 -1 -1 -1 0 
198 112 3269 1139 129 275 -1 -1 -1 0 
198 114 2273 1183 1061 369 -1 -1 -1 0 
198 120 3403 1156 92 295 -1 -1 -1 0 
198 124 3651 1142 120 308 -1 -1 -1 0 
198 161 495 1232 847 333 -1 -1 -1 0 
198 162 1324 1171 78 213 -1 -1 -1 0 
198 170 2775 1130 86 75 -1 -1 -1 0 
198 171 1518 1174 72 232 -1 -1 -1 0 
198 173 0 1183 59 266 -1 -1 -1 0 
199 112 3272 1139 126 270 -1 -1 -1 0 
199 114 2309 1184 1047 366 -1 -1 -1 0 
199 120 3404 1157 89 295 -1 -1 -1 0 
199 124 3652 1142 119 308 -1 -1 -1 0 
199 161 493 1233 886 333 -1 -1 -1 0 
199 162 1322 1170 89 216 -1 -1 -1 0 
199 170 2779 1130 79 68 -1 -1 -1 0 
199 171 1513 1177 76 229 -1 -1 -1 0 
199 173 0 1181 57 268 -1 -1 -1 0 
200 112 3270 1139 133 263 -1 -1 -1 0 
200 114 2331 1184 1059 365 -1 -1 -1 0 
200 120 3403 1158 89 294 -1 -1 -1 0 
200 124 3653 1142 118 308 -1 -1 -1 0 
200 161 491 1235 923 335 -1 -1 -1 0 
200 162 1325 1172 92 215 -1 -1 -1 0 
200 171 1507 1177 79 229 -1 -1 -1 0 
200 173 0 1183 59 268 -1 -1 -1 0 
200 174 1423 1182 75 228 -1 -1 -1 0 
201 112 3269 1139 130 235 -1 -1 -1 0 
201 114 2341 1185 1083 365 -1 -1 -1 0 
201 120 3402 1158 91 294 -1 -1 -1 0 
201 124 3650 1142 120 310 -1 -1 -1 0 
201 161 494 1236 942 338 -1 -1 -1 0 
201 162 1326 1172 92 212 -1 -1 -1 0 
201 171 1504 1178 80 228 -1 -1 -1 0 
201 173 0 1182 57 267 -1 -1 -1 0 
201 174 1421 1181 75 227 -1 -1 -1 0 
202 112 3269 1139 128 214 -1 -1 -1 0 
202 114 2363 1185 1085 365 -1 -1 -1 0 
202 120 3405 1158 88 294 -1 -1 -1 0 
202 124 3650 1142 120 310 -1 -1 -1 0 
202 161 489 1237 972 334 -1 -1 -1 0 
202 162 1325 1172 94 212 -1 -1 -1 0 
202 171 1509 1177 75 229 -1 -1 -1 0 
202 173 0 1180 57 267 -1 -1 -1 0 
202 174 1418 1183 77 221 -1 -1 -1 0 
203 112 3271 1138 123 198 -1 -1 -1 0 
203 114 2374 1181 1102 369 -1 -1 -1 0 
203 120 3406 1160 86 269 -1 -1 -1 0 
203 124 3650 1142 119 310 -1 -1 -1 0 
203 161 484 1236 1014 335 -1 -1 -1 0 
203 171 1512 1176 73 231 -1 -1 -1 0 
203 173 0 1180 59 265 -1 -1 -1 0 
203 174 1409 1182 71 203 -1 -1 -1 0 
204 112 3273 1139 124 191 -1 -1 -1 0 
204 114 2399 1180 1095 370 -1 -1 -1 0 
204 120 3404 1161 87 236 -1 -1 -1 0 
204 124 3649 1142 121 311 -1 -1 -1 0 
204 161 492 1236 1029 339 -1 -1 -1 0 
204 171 1507 1177 80 228 -1 -1 -1 0 
204 173 0 1180 61 265 -1 -1 -1 0 
204 174 1411 1187 72 193 -1 -1 -1 0 
205 112 3276 1139 126 184 -1 -1 -1 0 
205 114 2436 1181 1085 370 -1 -1 -1 0 
205 120 3401 1161 92 210 -1 -1 -1 0 
205 124 3649 1142 120 311 -1 -1 -1 0 
205 161 495 1237 1046 337 -1 -1 -1 0 
205 171 1510 1178 76 224 -1 -1 -1 0 
205 173 0 1182 62 264 -1 -1 -1 0 
205 174 1412 1187 73 189 -1 -1 -1 0 
206 112 3279 1138 126 177 -1 -1 -1 0 
206 114 2473 1180 1077 370 -1 -1 -1 0 
206 120 3406 1161 83 193 -1 -1 -1 0 
206 124 3649 1142 121 311 -1 -1 -1 0 
206 161 499 1238 1074 338 -1 -1 -1 0 
206 171 1517 1176 68 216 -1 -1 -1 0 
206 173 0 1184 63 263 -1 -1 -1 0 
206 174 1415 1183 71 183 -1 -1 -1 0 
207 112 3284 1137 120 170 -1 -1 -1 0 
207 114 2502 1181 1072 370 -1 -1 -1 0 
207 120 3406 1157 83 183 -1 -1 -1 0 
207 124 3649 1142 120 311 -1 -1 -1 0 
207 161 498 1242 1105 338 -1 -1 -1 0 
207 171 1526 1180 61 202 -1 -1 -1 0 
207 173 0 1180 65 267 -1 -1 -1 0 
207 174 1414 1183 73 171 -1 -1 -1 0 
207 177 1474 1186 72 181 -1 -1 -1 0 
208 112 3287 1137 116 162 -1 -1 -1 0 
208 114 2522 1179 1086 373 -1 -1 -1 0 
208 120 3406 1153 81 175 -1 -1 -1 0 
208 124 3652 1143 118 308 -1 -1 -1 0 
208 161 500 1241 1128 339 -1 -1 -1 0 
208 171 1529 1182 62 186 -1 -1 -1 0 
208 173 0 1180 69 266 -1 -1 -1 0 
208 174 1414 1182 72 165 -1 -1 -1 0 
208 177 1473 1186 72 169 -1 -1 -1 0 
209 112 3291 1136 112 157 -1 -1 -1 0 
209 114 2548 1179 1090 373 -1 -1 -1 0 
209 120 3404 1151 84 163 -1 -1 -1 0 
209 124 3652 1143 118 308 -1 -1 -1 0 
209 161 514 1241 1141 342 -1 -1 -1 0 
209 171 1531 1183 60 181 -1 -1 -1 0 
209 173 0 1179 72 266 -1 -1 -1 0 
209 174 1415 1183 71 158 -1 -1 -1 0 
209 177 1475 1183 72 167 -1 -1 -1 0 
210 112 3292 1137 113 136 -1 -1 -1 0 
210 114 2571 1181 1090 369 -1 -1 -1 0 
210 120 3402 1150 86 156 -1 -1 -1 0 
210 124 3653 1143 116 308 -1 -1 -1 0 
210 161 540 1238 1141 345 -1 -1 -1 0 
210 173 0 1179 77 264 -1 -1 -1 0 
210 174 1414 1183 71 156 -1 -1 -1 0 
210 177 1474 1182 71 163 -1 -1 -1 0 
211 112 3297 1135 106 127 -1 -1 -1 0 
211 114 2590 1181 1103 369 -1 -1 -1 0 
211 120 3396 1150 91 150 -1 -1 -1 0 
211 124 3652 1143 118 308 -1 -1 -1 0 
211 161 556 1238 1163 344 -1 -1 -1 0 
211 173 0 1183 80 261 -1 -1 -1 0 
211 174 1414 1183 69 150 -1 -1 -1 0 
211 177 1471 1182 75 159 -1 -1 -1 0 
211 180 2494 1163 94 241 -1 -1 -1 0 
212 112 3301 1134 102 126 -1 -1 -1 0 
212 114 2614 1179 1108 370 -1 -1 -1 0 
212 120 3395 1152 86 155 -1 -1 -1 0 
212 124 3653 1141 114 305 -1 -1 -1 0 
212 161 563 1235 1183 342 -1 -1 -1 0 
212 173 1 1187 78 259 -1 -1 -1 0 
212 177 1469 1181 80 159 -1 -1 -1 0 
212 180 2497 1158 88 248 -1 -1 -1 0 
212 181 2574 1147 82 235 -1 -1 -1 0 
213 112 3305 1137 100 110 -1 -1 -1 0 
213 114 2635 1176 1122 372 -1 -1 -1 0 
213 120 3396 1153 88 144 -1 -1 -1 0 
213 124 3650 1144 117 271 -1 -1 -1 0 
213 161 625 1234 1143 347 -1 -1 -1 0 
213 173 0 1185 84 262 -1 -1 -1 0 
213 177 1465 1183 86 155 -1 -1 -1 0 
213 180 2501 1163 83 244 -1 -1 -1 0 
213 181 2571 1146 92 244 -1 -1 -1 0 
214 112 3309 1137 94 101 -1 -1 -1 0 
214 114 2659 1176 1125 374 -1 -1 -1 0 
214 120 3395 1154 90 128 -1 -1 -1 0 
214 124 3649 1144 118 236 -1 -1 -1 0 
214 161 649 1238 1155 343 -1 -1 -1 0 
214 173 1 1185 83 262 -1 -1 -1 0 
214 177 1465 1182 85 151 -1 -1 -1 0 
215 114 2677 1174 1139 374 -1 -1 -1 0 
215 120 3396 1153 86 115 -1 -1 -1 0 
215 124 3650 1142 116 217 -1 -1 -1 0 
215 161 673 1240 1160 339 -1 -1 -1 0 
215 173 2 1183 82 264 -1 -1 -1 0 
215 180 2498 1165 87 239 -1 -1 -1 0 
215 181 2570 1148 92 246 -1 -1 -1 0 
216 114 2708 1174 1125 373 -1 -1 -1 0 
216 120 3397 1155 85 101 -1 -1 -1 0 
216 124 3653 1140 112 208 -1 -1 -1 0 
216 161 716 1238 1147 340 -1 -1 -1 0 
216 173 1 1185 86 264 -1 -1 -1 0 
216 180 2503 1165 85 240 -1 -1 -1 0 
216 181 2575 1150 85 243 -1 -1 -1 0 
217 114 2740 1174 1099 375 -1 -1 -1 0 
217 120 3398 1155 83 86 -1 -1 -1 0 
217 124 3653 1141 114 194 -1 -1 -1 0 
217 161 764 1236 1127 341 -1 -1 -1 0 
217 173 1 1185 87 264 -1 -1 -1 0 
217 180 2511 1163 80 240 -1 -1 -1 0 
217 181 2577 1156 85 237 -1 -1 -1 0 
218 114 2762 1173 1077 376 -1 -1 -1 0 
218 120 3402 1155 74 75 -1 -1 -1 0 
218 124 3650 1142 116 179 -1 -1 -1 0 
218 161 779 1236 1142 341 -1 -1 -1 0 
218 173 0 1184 88 264 -1 -1 -1 0 
218 180 2513 1163 80 241 -1 -1 -1 0 
218 181 2579 1159 84 234 -1 -1 -1 0 
219 114 2787 1172 1052 379 -1 -1 -1 0 
219 124 3650 1142 116 165 -1 -1 -1 0 
219 161 829 1231 1105 345 -1 -1 -1 0 
219 173 1 1183 91 265 -1 -1 -1 0 
219 180 2515 1163 79 240 -1 -1 -1 0 
219 181 2581 1160 84 232 -1 -1 -1 0 
219 185 2668 1144 86 255 -1 -1 -1 0 
220 114 2806 1171 1033 379 -1 -1 -1 0 
220 124 3656 1140 107 160 -1 -1 -1 0 
220 161 846 1234 1128 343 -1 -1 -1 0 
220 173 5 1184 85 266 -1 -1 -1 0 
220 180 2517 1163 79 241 -1 -1 -1 0 
220 181 2582 1161 82 230 -1 -1 -1 0 
220 185 2667 1144 86 253 -1 -1 -1 0 
221 114 2829 1172 1010 377 -1 -1 -1 0 
221 124 3659 1140 104 155 -1 -1 -1 0 
221 161 868 1233 1133 346 -1 -1 -1 0 
221 173 10 1185 80 266 -1 -1 -1 0 
221 181 2585 1158 78 233 -1 -1 -1 0 
221 185 2666 1141 86 254 -1 -1 -1 0 
222 114 2850 1172 989 378 -1 -1 -1 0 
222 124 3656 1139 109 149 -1 -1 -1 0 
222 161 893 1233 1139 348 -1 -1 -1 0 
222 173 10 1185 82 269 -1 -1 -1 0 
222 181 2582 1158 80 232 -1 -1 -1 0 
222 185 2665 1138 89 256 -1 -1 -1 0 
222 186 2221 1172 77 261 -1 -1 -1 0 
223 114 2869 1172 970 377 -1 -1 -1 0 
223 124 3664 1139 101 166 -1 -1 -1 0 
223 161 938 1230 1119 349 -1 -1 -1 0 
223 173 11 1185 84 270 -1 -1 -1 0 
223 181 2584 1160 76 230 -1 -1 -1 0 
223 185 2666 1138 90 256 -1 -1 -1 0 
223 186 2220 1174 80 261 -1 -1 -1 0 
224 114 2893 1170 946 377 -1 -1 -1 0 
224 124 3655 1140 116 138 -1 -1 -1 0 
224 161 963 1229 1125 349 -1 -1 -1 0 
224 173 11 1185 86 270 -1 -1 -1 0 
224 181 2584 1161 77 232 -1 -1 -1 0 
224 185 2664 1140 92 255 -1 -1 -1 0 
225 114 2914 1170 925 376 -1 -1 -1 0 
225 124 3659 1140 109 126 -1 -1 -1 0 
225 161 986 1229 1140 350 -1 -1 -1 0 
225 173 10 1185 88 269 -1 -1 -1 0 
225 185 2662 1138 94 257 -1 -1 -1 0 
225 186 2220 1180 82 257 -1 -1 -1 0 
226 114 2941 1168 898 376 -1 -1 -1 0 
226 124 3660 1140 105 118 -1 -1 -1 0 
226 161 1032 1227 1097 350 -1 -1 -1 0 
226 173 11 1185 84 268 -1 -1 -1 0 
226 185 2662 1139 90 257 -1 -1 -1 0 
226 186 2221 1181 81 256 -1 -1 -1 0 
227 114 2964 1171 875 372 -1 -1 -1 0 
227 124 3661 1138 102 109 -1 -1 -1 0 
227 161 1045 1228 1149 347 -1 -1 -1 0 
227 173 10 1184 86 269 -1 -1 -1 0 
227 185 2662 1137 87 261 -1 -1 -1 0 
227 186 2222 1182 80 255 -1 -1 -1 0 
228 114 2988 1174 851 370 -1 -1 -1 0 
228 124 3667 1138 93 97 -1 -1 -1 0 
228 161 1078 1227 1137 346 -1 -1 -1 0 
228 173 11 1184 82 269 -1 -1 -1 0 
228 185 2662 1138 92 260 -1 -1 -1 0 
228 186 2221 1183 83 253 -1 -1 -1 0 
228 188 2496 1178 65 216 -1 -1 -1 0 
229 114 3013 1173 825 371 -1 -1 -1 0 
229 124 3674 1139 84 84 -1 -1 -1 0 
229 161 1106 1226 1125 348 -1 -1 -1 0 
229 173 10 1184 82 268 -1 -1 -1 0 
229 185 2662 1138 95 258 -1 -1 -1 0 
229 186 2222 1182 82 251 -1 -1 -1 0 
229 188 2496 1177 65 215 -1 -1 -1 0 
229 189 2545 1160 103 250 -1 -1 -1 0 
230 114 3036 1173 798 371 -1 -1 -1 0 
230 124 3678 1139 80 74 -1 -1 -1 0 
230 161 1133 1225 1125 350 -1 -1 -1 0 
230 173 9 1185 85 267 -1 -1 -1 0 
230 185 2667 1135 99 267 -1 -1 -1 0 
230 186 2221 1185 82 250 -1 -1 -1 0 
230 188 2496 1177 65 216 -1 -1 -1 0 
230 189 2547 1161 101 250 -1 -1 -1 0 
231 114 3052 1172 787 373 -1 -1 -1 0 
231 124 3682 1139 75 67 -1 -1 -1 0 
231 161 1161 1222 1120 356 -1 -1 -1 0 
231 173 11 1184 83 268 -1 -1 -1 0 
231 185 2668 1134 102 271 -1 -1 -1 0 
231 186 2220 1189 83 228 -1 -1 -1 0 
231 188 2496 1178 68 217 -1 -1 -1 0 
231 189 2553 1159 100 252 -1 -1 -1 0 
232 114 3081 1169 756 378 -1 -1 -1 0 
232 124 3682 1138 78 64 -1 -1 -1 0 
232 161 1183 1222 1126 359 -1 -1 -1 0 
232 173 9 1183 86 267 -1 -1 -1 0 
232 185 2667 1136 105 268 -1 -1 -1 0 
232 186 2221 1194 82 191 -1 -1 -1 0 
232 188 2496 1175 70 221 -1 -1 -1 0 
232 189 2558 1156 97 255 -1 -1 -1 0 
233 114 3104 1165 734 382 -1 -1 -1 0 
233 124 3687 1138 70 56 -1 -1 -1 0 
233 161 1203 1223 1149 357 -1 -1 -1 0 
233 173 9 1181 87 270 -1 -1 -1 0 
233 185 2667 1137 105 266 -1 -1 -1 0 
233 186 2222 1196 80 183 -1 -1 -1 0 
233 188 2496 1175 72 222 -1 -1 -1 0 
233 189 2557 1154 100 257 -1 -1 -1 0 
234 114 3128 1170 711 375 -1 -1 -1 0 
234 161 1232 1224 1155 353 -1 -1 -1 0 
234 173 10 1180 86 274 -1 -1 -1 0 
234 185 2662 1145 89 253 -1 -1 -1 0 
234 188 2497 1174 70 225 -1 -1 -1 0 
234 189 2559 1157 99 254 -1 -1 -1 0 
234 192 1240 1168 82 171 -1 -1 -1 0 
235 114 3155 1172 684 373 -1 -1 -1 0 
235 161 1261 1223 1138 353 -1 -1 -1 0 
235 173 10 1180 87 274 -1 -1 -1 0 
235 185 2658 1148 86 247 -1 -1 -1 0 
235 188 2496 1171 71 229 -1 -1 -1 0 
235 189 2564 1158 95 254 -1 -1 -1 0 
235 192 1238 1168 85 184 -1 -1 -1 0 
236 114 3177 1171 660 375 -1 -1 -1 0 
236 161 1292 1226 1133 352 -1 -1 -1 0 
236 173 8 1181 90 274 -1 -1 -1 0 
236 185 2654 1150 90 245 -1 -1 -1 0 
236 188 2496 1171 70 227 -1 -1 -1 0 
236 189 2564 1158 95 256 -1 -1 -1 0 
236 192 1239 1171 82 192 -1 -1 -1 0 
236 194 2709 1138 71 247 -1 -1 -1 0 
237 114 3179 1170 660 376 -1 -1 -1 0 
237 161 1302 1227 1132 351 -1 -1 -1 0 
237 173 8 1181 90 274 -1 -1 -1 0 
237 185 2653 1151 90 243 -1 -1 -1 0 
237 188 2497 1171 69 226 -1 -1 -1 0 
237 189 2564 1157 95 258 -1 -1 -1 0 
237 192 1238 1172 84 195 -1 -1 -1 0 
237 194 2708 1137 72 248 -1 -1 -1 0 
238 114 3200 1168 639 378 -1 -1 -1 0 
238 161 1316 1227 1147 348 -1 -1 -1 0 
238 173 6 1181 94 274 -1 -1 -1 0 
238 185 2653 1153 88 241 -1 -1 -1 0 
238 188 2497 1171 70 224 -1 -1 -1 0 
238 189 2567 1155 93 260 -1 -1 -1 0 
238 192 1238 1171 79 199 -1 -1 -1 0 
238 194 2712 1140 66 246 -1 -1 -1 0 
239 114 3222 1165 617 381 -1 -1 -1 0 
239 161 1350 1227 1135 350 -1 -1 -1 0 
239 173 7 1180 93 276 -1 -1 -1 0 
239 185 2651 1154 90 242 -1 -1 -1 0 
239 188 2498 1171 69 222 -1 -1 -1 0 
239 189 2566 1152 95 261 -1 -1 -1 0 
239 192 1237 1171 80 197 -1 -1 -1 0 
239 194 2712 1141 67 247 -1 -1 -1 0 
240 114 3241 1163 598 383 -1 -1 -1 0 
240 161 1379 1227 1125 350 -1 -1 -1 0 
240 173 7 1182 92 274 -1 -1 -1 0 
240 185 2650 1156 90 239 -1 -1 -1 0 
240 188 2497 1170 70 225 -1 -1 -1 0 
240 189 2569 1158 94 256 -1 -1 -1 0 
240 192 1237 1169 78 198 -1 -1 -1 0 
240 194 2711 1136 68 250 -1 -1 -1 0 
240 195 1465 1188 82 125 -1 -1 -1 0 
241 114 3262 1161 575 385 -1 -1 -1 0 
241 161 1402 1227 1124 349 -1 -1 -1 0 
241 173 7 1181 93 275 -1 -1 -1 0 
241 188 2496 1171 70 227 -1 -1 -1 0 
241 189 2578 1157 86 254 -1 -1 -1 0 
241 192 1238 1170 76 199 -1 -1 -1 0 
241 194 2712 1140 66 245 -1 -1 -1 0 
241 195 1466 1185 86 135 -1 -1 -1 0 
242 114 3285 1162 553 385 -1 -1 -1 0 
242 161 1423 1229 1128 347 -1 -1 -1 0 
242 173 4 1181 98 273 -1 -1 -1 0 
242 188 2496 1173 72 219 -1 -1 -1 0 
242 189 2580 1155 86 255 -1 -1 -1 0 
242 192 1238 1170 78 197 -1 -1 -1 0 
242 194 2712 1142 67 242 -1 -1 -1 0 
242 195 1466 1183 89 140 -1 -1 -1 0 
242 196 1334 1180 75 200 -1 -1 -1 0 
243 114 3299 1162 540 382 -1 -1 -1 0 
243 161 1449 1230 1129 344 -1 -1 -1 0 
243 173 5 1180 94 274 -1 -1 -1 0 
243 188 2497 1173 70 209 -1 -1 -1 0 
243 189 2582 1153 82 257 -1 -1 -1 0 
243 192 1240 1169 74 199 -1 -1 -1 0 
243 194 2714 1139 64 245 -1 -1 -1 0 
243 196 1331 1182 73 196 -1 -1 -1 0 
244 114 3322 1166 517 377 -1 -1 -1 0 
244 161 1483 1229 1120 348 -1 -1 -1 0 
244 173 6 1180 92 274 -1 -1 -1 0 
244 188 2497 1173 70 201 -1 -1 -1 0 
244 189 2581 1155 91 256 -1 -1 -1 0 
244 192 1240 1169 76 202 -1 -1 -1 0 
244 194 2714 1137 63 248 -1 -1 -1 0 
244 196 1328 1184 75 193 -1 -1 -1 0 
245 114 3353 1170 485 372 -1 -1 -1 0 
245 161 1499 1229 1137 346 -1 -1 -1 0 
245 173 6 1180 92 273 -1 -1 -1 0 
245 188 2496 1173 73 193 -1 -1 -1 0 
245 189 2583 1155 92 253 -1 -1 -1 0 
245 192 1241 1170 73 201 -1 -1 -1 0 
245 194 2714 1135 65 250 -1 -1 -1 0 
245 196 1324 1186 78 192 -1 -1 -1 0 
245 198 1408 1189 71 218 -1 -1 -1 0 
246 114 3378 1172 460 370 -1 -1 -1 0 
246 161 1523 1229 1142 346 -1 -1 -1 0 
246 173 5 1181 93 272 -1 -1 -1 0 
246 188 2496 1173 75 184 -1 -1 -1 0 
246 189 2582 1154 95 238 -1 -1 -1 0 
246 192 1242 1170 71 203 -1 -1 -1 0 
246 194 2712 1131 68 252 -1 -1 -1 0 
246 196 1321 1187 80 191 -1 -1 -1 0 
246 198 1409 1189 69 218 -1 -1 -1 0 
246 199 3270 1159 112 248 -1 -1 -1 0 
246 200 1474 1188 78 226 -1 -1 -1 0 
247 114 3405 1174 434 367 -1 -1 -1 0 
247 161 1552 1229 1136 346 -1 -1 -1 0 
247 173 6 1181 90 272 -1 -1 -1 0 
247 188 2491 1171 82 179 -1 -1 -1 0 
247 189 2577 1152 99 224 -1 -1 -1 0 
247 192 1241 1172 71 198 -1 -1 -1 0 
247 194 2712 1133 67 248 -1 -1 -1 0 
247 196 1322 1184 74 193 -1 -1 -1 0 
247 198 1403 1184 74 222 -1 -1 -1 0 
247 199 3272 1158 110 252 -1 -1 -1 0 
247 200 1473 1186 79 230 -1 -1 -1 0 
248 114 3426 1177 413 363 -1 -1 -1 0 
248 161 1585 1229 1125 348 -1 -1 -1 0 
248 173 5 1181 91 271 -1 -1 -1 0 
248 188 2492 1170 80 177 -1 -1 -1 0 
248 189 2580 1152 96 215 -1 -1 -1 0 
248 192 1242 1172 67 195 -1 -1 -1 0 
248 194 2712 1140 65 241 -1 -1 -1 0 
248 196 1321 1183 72 194 -1 -1 -1 0 
248 198 1404 1183 73 223 -1 -1 -1 0 
248 199 3271 1159 113 254 -1 -1 -1 0 
248 200 1472 1185 82 231 -1 -1 -1 0 
249 114 3448 1179 391 362 -1 -1 -1 0 
249 161 1611 1228 1129 352 -1 -1 -1 0 
249 173 5 1182 91 272 -1 -1 -1 0 
249 188 2492 1166 80 177 -1 -1 -1 0 
249 189 2581 1152 96 211 -1 -1 -1 0 
249 192 1243 1173 62 192 -1 -1 -1 0 
249 194 2712 1137 65 238 -1 -1 -1 0 
249 196 1321 1184 71 192 -1 -1 -1 0 
249 198 1402 1184 76 221 -1 -1 -1 0 
249 199 3268 1159 114 253 -1 -1 -1 0 
249 200 1473 1186 82 230 -1 -1 -1 0 
250 114 3474 1184 365 353 -1 -1 -1 0 
250 161 1636 1226 1132 351 -1 -1 -1 0 
250 173 4 1182 93 270 -1 -1 -1 0 
250 188 2488 1163 85 177 -1 -1 -1 0 
250 192 1241 1174 66 190 -1 -1 -1 0 
250 194 2711 1137 66 234 -1 -1 -1 0 
250 196 1320 1185 73 191 -1 -1 -1 0 
250 198 1402 1184 75 221 -1 -1 -1 0 
250 199 3269 1158 107 255 -1 -1 -1 0 
250 200 1474 1186 81 230 -1 -1 -1 0 
251 114 3502 1176 336 355 -1 -1 -1 0 
251 161 1666 1225 1126 351 -1 -1 -1 0 
251 173 5 1182 94 269 -1 -1 -1 0 
251 188 2493 1162 80 176 -1 -1 -1 0 
251 192 1241 1174 66 190 -1 -1 -1 0 
251 194 2711 1139 66 229 -1 -1 -1 0 
251 196 1320 1185 70 191 -1 -1 -1 0 
251 198 1402 1184 74 221 -1 -1 -1 0 
251 199 3269 1158 107 257 -1 -1 -1 0 
251 200 1474 1185 82 230 -1 -1 -1 0 
252 114 3522 1177 317 340 -1 -1 -1 0 
252 161 1689 1224 1138 349 -1 -1 -1 0 
252 173 7 1180 91 266 -1 -1 -1 0 
252 188 2481 1161 97 176 -1 -1 -1 0 
252 192 1240 1173 66 192 -1 -1 -1 0 
252 194 2712 1141 65 223 -1 -1 -1 0 
252 196 1319 1183 72 193 -1 -1 -1 0 
252 198 1408 1186 75 223 -1 -1 -1 0 
252 200 1475 1184 82 231 -1 -1 -1 0 
252 202 3423 1156 81 272 -1 -1 -1 0 
253 114 3543 1181 296 329 -1 -1 -1 0 
253 161 1719 1224 1129 350 -1 -1 -1 0 
253 173 0 1257 102 228 -1 -1 -1 0 
253 188 2489 1160 85 176 -1 -1 -1 0 
253 192 1239 1173 66 193 -1 -1 -1 0 
253 194 2712 1141 66 219 -1 -1 -1 0 
253 196 1318 1181 74 194 -1 -1 -1 0 
253 198 1413 1191 71 219 -1 -1 -1 0 
253 200 1477 1184 82 232 -1 -1 -1 0 
253 202 3422 1158 80 268 -1 -1 -1 0 
254 114 3562 1188 277 322 -1 -1 -1 0 
254 161 1738 1224 1135 350 -1 -1 -1 0 
254 173 0 1277 117 246 -1 -1 -1 0 
254 188 2495 1160 78 173 -1 -1 -1 0 
254 192 1239 1174 62 192 -1 -1 -1 0 
254 194 2714 1143 66 215 -1 -1 -1 0 
254 196 1321 1180 69 194 -1 -1 -1 0 
254 198 1412 1190 75 221 -1 -1 -1 0 
254 200 1478 1184 82 233 -1 -1 -1 0 
254 202 3421 1159 81 267 -1 -1 -1 0 
254 204 3261 1160 90 254 -1 -1 -1 0 
255 114 3583 1189 256 318 -1 -1 -1 0 
255 161 1754 1223 1150 352 -1 -1 -1 0 
255 173 0 1280 143 269 -1 -1 -1 0 
255 188 2498 1160 74 164 -1 -1 -1 0 
255 192 1238 1173 62 190 -1 -1 -1 0 
255 194 2714 1143 66 213 -1 -1 -1 0 
255 196 1321 1180 67 194 -1 -1 -1 0 
255 198 1412 1189 76 222 -1 -1 -1 0 
255 200 1477 1183 84 234 -1 -1 -1 0 
255 202 3420 1158 83 268 -1 -1 -1 0 
256 161 1785 1222 1143 354 -1 -1 -1 0 
256 173 0 1273 177 289 -1 -1 -1 0 
256 188 2499 1166 72 140 -1 -1 -1 0 
256 192 1238 1173 60 185 -1 -1 -1 0 
256 196 1320 1180 69 192 -1 -1 -1 0 
256 198 1411 1189 76 223 -1 -1 -1 0 
256 200 1477 1183 83 235 -1 -1 -1 0 
256 202 3417 1155 87 271 -1 -1 -1 0 
256 204 3257 1148 88 267 -1 -1 -1 0 
257 161 1815 1224 1141 349 -1 -1 -1 0 
257 173 0 1243 197 328 -1 -1 -1 0 
257 188 2504 1166 67 133 -1 -1 -1 0 
257 192 1238 1174 59 182 -1 -1 -1 0 
257 196 1321 1180 69 192 -1 -1 -1 0 
257 198 1415 1193 69 218 -1 -1 -1 0 
257 200 1477 1184 81 234 -1 -1 -1 0 
257 202 3415 1155 90 273 -1 -1 -1 0 
257 204 3256 1146 84 268 -1 -1 -1 0 
258 161 1841 1224 1139 347 -1 -1 -1 0 
258 173 0 1201 238 364 -1 -1 -1 0 
258 188 2504 1164 69 130 -1 -1 -1 0 
258 192 1238 1176 57 178 -1 -1 -1 0 
258 196 1321 1180 68 193 -1 -1 -1 0 
258 198 1415 1194 69 217 -1 -1 -1 0 
258 200 1477 1184 82 234 -1 -1 -1 0 
258 202 3417 1160 86 264 -1 -1 -1 0 
258 204 3252 1145 89 268 -1 -1 -1 0 
258 207 3657 1216 180 292 -1 -1 -1 0 
259 161 1867 1224 1139 346 -1 -1 -1 0 
259 173 0 1174 258 385 -1 -1 -1 0 
259 188 2504 1163 72 114 -1 -1 -1 0 
259 192 1238 1174 57 184 -1 -1 -1 0 
259 196 1321 1180 68 193 -1 -1 -1 0 
259 198 1416 1195 68 216 -1 -1 -1 0 
259 200 1477 1184 84 234 -1 -1 -1 0 
259 202 3417 1163 86 260 -1 -1 -1 0 
259 204 3248 1145 93 268 -1 -1 -1 0 
259 207 3665 1222 174 265 -1 -1 -1 0 
260 161 1891 1221 1136 350 -1 -1 -1 0 
260 173 0 1147 283 395 -1 -1 -1 0 
260 188 2506 1162 70 109 -1 -1 -1 0 
260 192 1237 1174 58 183 -1 -1 -1 0 
260 198 1418 1196 65 215 -1 -1 -1 0 
260 200 1477 1183 86 236 -1 -1 -1 0 
260 202 3416 1164 88 258 -1 -1 -1 0 
260 204 3245 1147 97 268 -1 -1 -1 0 
260 207 3697 1214 139 264 -1 -1 -1 0 
261 161 1913 1222 1142 350 -1 -1 -1 0 
261 173 0 1120 305 424 -1 -1 -1 0 
261 192 1238 1175 57 178 -1 -1 -1 0 
261 198 1419 1195 65 216 -1 -1 -1 0 
261 200 1478 1183 85 236 -1 -1 -1 0 
261 202 3413 1158 91 264 -1 -1 -1 0 
261 204 3241 1148 102 268 -1 -1 -1 0 
261 207 3709 1216 130 254 -1 -1 -1 0 
261 209 3652 1142 109 313 -1 -1 -1 0 
262 161 1939 1222 1143 351 -1 -1 -1 0 
262 173 4 1107 309 459 -1 -1 -1 0 
262 192 1238 1175 55 176 -1 -1 -1 0 
262 198 1413 1192 73 219 -1 -1 -1 0 
262 200 1478 1183 84 235 -1 -1 -1 0 
262 202 3410 1154 95 269 -1 -1 -1 0 
262 204 3239 1149 105 266 -1 -1 -1 0 
262 209 3648 1139 123 320 -1 -1 -1 0 
263 161 1957 1224 1161 351 -1 -1 -1 0 
263 173 0 1112 321 467 -1 -1 -1 0 
263 192 1238 1175 53 174 -1 -1 -1 0 
263 198 1410 1190 76 221 -1 -1 -1 0 
263 200 1478 1183 83 236 -1 -1 -1 0 
263 202 3409 1153 95 270 -1 -1 -1 0 
263 204 3240 1153 104 262 -1 -1 -1 0 
263 209 3648 1139 126 321 -1 -1 -1 0 
263 211 1316 1180 72 193 -1 -1 -1 0 
264 161 1984 1225 1158 350 -1 -1 -1 0 
264 173 1 1112 320 458 -1 -1 -1 0 
264 192 1238 1175 54 175 -1 -1 -1 0 
264 198 1410 1190 76 222 -1 -1 -1 0 
264 200 1478 1185 80 234 -1 -1 -1 0 
264 202 3408 1150 97 272 -1 -1 -1 0 
264 204 3239 1161 106 253 -1 -1 -1 0 
264 209 3649 1138 121 321 -1 -1 -1 0 
264 211 1317 1181 78 191 -1 -1 -1 0 
265 161 2009 1226 1159 345 -1 -1 -1 0 
265 173 3 1113 326 468 -1 -1 -1 0 
265 192 1237 1175 55 177 -1 -1 -1 0 
265 198 1409 1190 77 223 -1 -1 -1 0 
265 200 1478 1185 79 233 -1 -1 -1 0 
265 202 3406 1151 100 271 -1 -1 -1 0 
265 204 3239 1165 105 249 -1 -1 -1 0 
265 209 3648 1138 122 320 -1 -1 -1 0 
265 211 1317 1185 74 187 -1 -1 -1 0 
266 161 2034 1222 1150 350 -1 -1 -1 0 
266 173 0 1098 343 482 -1 -1 -1 0 
266 192 1237 1176 54 175 -1 -1 -1 0 
266 198 1408 1191 78 222 -1 -1 -1 0 
266 200 1477 1185 80 233 -1 -1 -1 0 
266 202 3405 1152 99 270 -1 -1 -1 0 
266 204 3240 1156 98 257 -1 -1 -1 0 
266 209 3648 1138 121 319 -1 -1 -1 0 
266 211 1317 1189 68 182 -1 -1 -1 0 
267 161 2049 1220 1159 352 -1 -1 -1 0 
267 173 0 1091 356 493 -1 -1 -1 0 
267 198 1409 1191 76 222 -1 -1 -1 0 
267 200 1478 1185 79 233 -1 -1 -1 0 
267 202 3404 1151 100 270 -1 -1 -1 0 
267 204 3234 1148 105 263 -1 -1 -1 0 
267 209 3647 1138 122 319 -1 -1 -1 0 
268 161 2053 1223 1193 347 -1 -1 -1 0 
268 198 1410 1191 75 222 -1 -1 -1 0 
268 200 1477 1186 80 232 -1 -1 -1 0 
268 202 3403 1151 100 269 -1 -1 -1 0 
268 204 3234 1141 102 270 -1 -1 -1 0 
268 209 3648 1138 122 318 -1 -1 -1 0 
268 212 0 1065 686 508 -1 -1 -1 0 
269 161 2085 1222 1175 348 -1 -1 -1 0 
269 198 1410 1192 75 221 -1 -1 -1 0 
269 200 1477 1186 80 232 -1 -1 -1 0 
269 202 3399 1150 102 270 -1 -1 -1 0 
269 204 3232 1138 104 274 -1 -1 -1 0 
269 209 3649 1138 120 317 -1 -1 -1 0 
269 212 3 1049 671 523 -1 -1 -1 0 
270 161 2105 1220 1184 349 -1 -1 -1 0 
270 198 1410 1191 76 222 -1 -1 -1 0 
270 200 1477 1186 79 231 -1 -1 -1 0 
270 202 3399 1150 98 269 -1 -1 -1 0 
270 204 3228 1136 105 274 -1 -1 -1 0 
270 209 3650 1137 119 318 -1 -1 -1 0 
270 212 0 1041 668 534 -1 -1 -1 0 
270 213 2674 1129 82 112 -1 -1 -1 0 
271 161 2124 1219 1192 351 -1 -1 -1 0 
271 198 1410 1191 76 222 -1 -1 -1 0 
271 200 1477 1187 78 230 -1 -1 -1 0 
271 202 3398 1149 97 268 -1 -1 -1 0 
271 204 3224 1134 105 273 -1 -1 -1 0 
271 209 3650 1137 119 318 -1 -1 -1 0 
271 212 0 1040 672 542 -1 -1 -1 0 
271 213 2675 1128 80 111 -1 -1 -1 0 
272 161 2160 1220 1170 350 -1 -1 -1 0 
272 198 1413 1191 69 220 -1 -1 -1 0 
272 200 1475 1189 81 227 -1 -1 -1 0 
272 202 3397 1152 98 264 -1 -1 -1 0 
272 204 3221 1135 100 265 -1 -1 -1 0 
272 209 3650 1138 119 317 -1 -1 -1 0 
272 212 0 1032 684 538 -1 -1 -1 0 
273 161 2184 1216 1167 354 -1 -1 -1 0 
273 198 1414 1193 65 216 -1 -1 -1 0 
273 200 1474 1191 80 223 -1 -1 -1 0 
273 202 3389 1155 104 261 -1 -1 -1 0 
273 204 3214 1137 104 235 -1 -1 -1 0 
273 209 3650 1139 118 315 -1 -1 -1 0 
273 212 0 1028 703 544 -1 -1 -1 0 
274 161 2202 1214 1177 356 -1 -1 -1 0 
274 198 1412 1194 67 214 -1 -1 -1 0 
274 200 1474 1191 79 223 -1 -1 -1 0 
274 202 3386 1156 104 260 -1 -1 -1 0 
274 204 3216 1138 92 222 -1 -1 -1 0 
274 209 3651 1139 118 314 -1 -1 -1 0 
274 212 0 1028 734 546 -1 -1 -1 0 
275 161 2218 1214 1191 358 -1 -1 -1 0 
275 198 1412 1192 66 217 -1 -1 -1 0 
275 200 1473 1191 80 222 -1 -1 -1 0 
275 202 3385 1156 102 259 -1 -1 -1 0 
275 204 3217 1140 81 211 -1 -1 -1 0 
275 209 3650 1140 119 313 -1 -1 -1 0 
275 212 0 1025 766 544 -1 -1 -1 0 
276 161 2242 1215 1188 358 -1 -1 -1 0 
276 198 1412 1192 65 217 -1 -1 -1 0 
276 200 1472 1191 81 222 -1 -1 -1 0 
276 202 3385 1157 102 260 -1 -1 -1 0 
276 204 3215 1140 79 205 -1 -1 -1 0 
276 209 3651 1140 117 313 -1 -1 -1 0 
276 212 0 1027 800 534 -1 -1 -1 0 
277 161 2266 1216 1189 357 -1 -1 -1 0 
277 198 1412 1190 66 219 -1 -1 -1 0 
277 200 1473 1191 78 222 -1 -1 -1 0 
277 202 3386 1158 100 253 -1 -1 -1 0 
277 204 3213 1141 77 198 -1 -1 -1 0 
277 209 3651 1140 117 313 -1 -1 -1 0 
277 212 0 1030 822 527 -1 -1 -1 0 
277 218 1290 1179 73 187 -1 -1 -1 0 
278 161 2289 1216 1189 359 -1 -1 -1 0 
278 198 1412 1190 66 219 -1 -1 -1 0 
278 200 1474 1191 76 222 -1 -1 -1 0 
278 202 3385 1157 98 247 -1 -1 -1 0 
278 204 3208 1142 81 191 -1 -1 -1 0 
278 209 3651 1140 117 313 -1 -1 -1 0 
278 212 0 1043 853 517 -1 -1 -1 0 
278 218 1289 1180 72 188 -1 -1 -1 0 
279 161 2306 1218 1202 358 -1 -1 -1 0 
279 198 1412 1190 67 219 -1 -1 -1 0 
279 200 1472 1191 79 222 -1 -1 -1 0 
279 202 3382 1155 99 233 -1 -1 -1 0 
279 204 3208 1142 77 188 -1 -1 -1 0 
279 209 3651 1140 117 313 -1 -1 -1 0 
279 212 0 1071 890 494 -1 -1 -1 0 
279 218 1286 1183 75 186 -1 -1 -1 0 
280 161 2324 1220 1208 358 -1 -1 -1 0 
280 198 1412 1189 67 221 -1 -1 -1 0 
280 200 1471 1191 81 222 -1 -1 -1 0 
280 202 3381 1156 94 209 -1 -1 -1 0 
280 204 3208 1139 75 192 -1 -1 -1 0 
280 209 3650 1140 118 313 -1 -1 -1 0 
280 212 0 1106 911 462 -1 -1 -1 0 
280 218 1285 1179 75 191 -1 -1 -1 0 
281 161 2345 1221 1212 353 -1 -1 -1 0 
281 198 1412 1189 67 221 -1 -1 -1 0 
281 200 1471 1191 79 222 -1 -1 -1 0 
281 202 3382 1156 86 199 -1 -1 -1 0 
281 204 3208 1138 74 195 -1 -1 -1 0 
281 209 3650 1139 118 314 -1 -1 -1 0 
281 212 3 1144 942 431 -1 -1 -1 0 
281 218 1283 1178 79 192 -1 -1 -1 0 
282 161 2354 1221 1226 353 -1 -1 -1 0 
282 198 1412 1188 66 222 -1 -1 -1 0 
282 200 1471 1193 77 220 -1 -1 -1 0 
282 202 3380 1156 86 191 -1 -1 -1 0 
282 204 3204 1139 79 186 -1 -1 -1 0 
282 209 3650 1139 117 314 -1 -1 -1 0 
282 212 19 1125 928 455 -1 -1 -1 0 
282 218 1284 1179 76 190 -1 -1 -1 0 
283 161 2361 1218 1244 355 -1 -1 -1 0 
283 198 1412 1187 66 223 -1 -1 -1 0 
283 200 1471 1194 76 219 -1 -1 -1 0 
283 202 3380 1157 82 185 -1 -1 -1 0 
283 204 3203 1141 76 181 -1 -1 -1 0 
283 209 3649 1139 119 315 -1 -1 -1 0 
283 212 25 1084 926 493 -1 -1 -1 0 
283 218 1285 1178 77 191 -1 -1 -1 0 
283 221 2501 1172 75 137 -1 -1 -1 0 
284 161 2378 1218 1248 355 -1 -1 -1 0 
284 198 1413 1187 65 223 -1 -1 -1 0 
284 200 1471 1194 74 220 -1 -1 -1 0 
284 202 3382 1157 77 181 -1 -1 -1 0 
284 204 3200 1143 76 173 -1 -1 -1 0 
284 209 3649 1138 119 316 -1 -1 -1 0 
284 212 18 1059 973 518 -1 -1 -1 0 
284 218 1284 1179 79 190 -1 -1 -1 0 
284 221 2502 1173 75 137 -1 -1 -1 0 
285 161 2390 1217 1259 358 -1 -1 -1 0 
285 198 1413 1187 65 223 -1 -1 -1 0 
285 200 1471 1193 72 221 -1 -1 -1 0 
285 202 3381 1158 77 181 -1 -1 -1 0 
285 204 3195 1143 81 160 -1 -1 -1 0 
285 209 3649 1138 118 317 -1 -1 -1 0 
285 212 18 1043 1011 536 -1 -1 -1 0 
285 218 1284 1180 78 190 -1 -1 -1 0 
285 221 2502 1173 76 138 -1 -1 -1 0 
286 161 2434 1217 1237 356 -1 -1 -1 0 
286 198 1413 1185 65 224 -1 -1 -1 0 
286 200 1470 1193 74 221 -1 -1 -1 0 
286 202 3381 1158 75 179 -1 -1 -1 0 
286 204 3196 1143 79 154 -1 -1 -1 0 
286 209 3649 1138 118 318 -1 -1 -1 0 
286 212 14 1027 1051 554 -1 -1 -1 0 
286 218 1283 1179 79 191 -1 -1 -1 0 
286 221 2503 1173 74 137 -1 -1 -1 0 
286 223 1529 1190 64 217 -1 -1 -1 0 
287 161 2458 1217 1237 357 -1 -1 -1 0 
287 198 1413 1184 65 225 -1 -1 -1 0 
287 200 1469 1191 76 223 -1 -1 -1 0 
287 202 3380 1159 74 172 -1 -1 -1 0 
287 204 3195 1143 77 148 -1 -1 -1 0 
287 209 3650 1138 118 317 -1 -1 -1 0 
287 212 11 1006 1065 577 -1 -1 -1 0 
287 218 1284 1178 77 191 -1 -1 -1 0 
287 221 2504 1173 73 139 -1 -1 -1 0 
287 223 1529 1187 64 220 -1 -1 -1 0 
288 161 2483 1217 1237 357 -1 -1 -1 0 
288 198 1413 1182 65 227 -1 -1 -1 0 
288 200 1469 1189 77 225 -1 -1 -1 0 
288 202 3381 1158 68 166 -1 -1 -1 0 
288 204 3191 1144 81 131 -1 -1 -1 0 
288 209 3650 1139 118 311 -1 -1 -1 0 
288 212 0 1006 1130 575 -1 -1 -1 0 
288 218 1286 1178 75 191 -1 -1 -1 0 
288 221 2505 1173 72 139 -1 -1 -1 0 
288 223 1528 1184 64 223 -1 -1 -1 0 
288 224 2627 1137 108 140 -1 -1 -1 0 
289 161 2498 1217 1248 356 -1 -1 -1 0 
289 198 1414 1181 64 228 -1 -1 -1 0 
289 200 1469 1189 78 225 -1 -1 -1 0 
289 202 3381 1157 66 167 -1 -1 -1 0 
289 204 3189 1144 82 119 -1 -1 -1 0 
289 209 3650 1141 119 289 -1 -1 -1 0 
289 212 0 1001 1147 584 -1 -1 -1 0 
289 218 1286 1176 78 192 -1 -1 -1 0 
289 221 2505 1173 72 140 -1 -1 -1 0 
289 223 1527 1183 65 224 -1 -1 -1 0 
289 224 2629 1137 103 144 -1 -1 -1 0 
290 161 2531 1217 1232 353 -1 -1 -1 0 
290 198 1413 1180 66 230 -1 -1 -1 0 
290 200 1470 1189 78 226 -1 -1 -1 0 
290 202 3381 1157 64 163 -1 -1 -1 0 
290 204 3190 1144 76 107 -1 -1 -1 0 
290 209 3652 1140 116 267 -1 -1 -1 0 
290 212 0 1003 1178 581 -1 -1 -1 0 
290 218 1285 1176 79 190 -1 -1 -1 0 
290 221 2506 1173 71 141 -1 -1 -1 0 
290 224 2628 1140 106 147 -1 -1 -1 0 
291 161 2551 1217 1241 352 -1 -1 -1 0 
291 198 1413 1180 67 230 -1 -1 -1 0 
291 200 1471 1189 77 226 -1 -1 -1 0 
291 204 3191 1144 73 99 -1 -1 -1 0 
291 209 3653 1139 115 250 -1 -1 -1 0 
291 212 0 1007 1210 575 -1 -1 -1 0 
291 218 1286 1176 74 187 -1 -1 -1 0 
291 224 2628 1141 106 149 -1 -1 -1 0 
291 225 5 1009 1203 579 -1 -1 -1 0 
292 161 2571 1215 1234 353 -1 -1 -1 0 
292 198 1413 1180 67 230 -1 -1 -1 0 
292 200 1472 1189 76 225 -1 -1 -1 0 
292 204 3191 1144 69 91 -1 -1 -1 0 
292 209 3653 1139 115 236 -1 -1 -1 0 
292 212 0 1002 1236 581 -1 -1 -1 0 
292 218 1283 1175 74 189 -1 -1 -1 0 
292 225 0 1012 1240 576 -1 -1 -1 0 
292 226 1528 1184 64 220 -1 -1 -1 0 
293 161 2581 1213 1251 355 -1 -1 -1 0 
293 198 1414 1180 65 231 -1 -1 -1 0 
293 200 1472 1190 76 224 -1 -1 -1 0 
293 209 3653 1137 116 226 -1 -1 -1 0 
293 218 1281 1170 79 196 -1 -1 -1 0 
293 225 0 1010 1260 579 -1 -1 -1 0 
293 226 1527 1186 65 217 -1 -1 -1 0 
293 227 2504 1172 75 230 -1 -1 -1 0 
294 161 2598 1213 1241 356 -1 -1 -1 0 
294 198 1413 1180 67 231 -1 -1 -1 0 
294 200 1472 1190 76 224 -1 -1 -1 0 
294 209 3653 1137 115 221 -1 -1 -1 0 
294 218 1283 1168 71 199 -1 -1 -1 0 
294 225 0 1012 1289 577 -1 -1 -1 0 
294 226 1527 1185 64 220 -1 -1 -1 0 
294 227 2505 1173 75 228 -1 -1 -1 0 
295 161 2624 1213 1215 357 -1 -1 -1 0 
295 198 1414 1180 66 230 -1 -1 -1 0 
295 200 1472 1190 75 223 -1 -1 -1 0 
295 209 3653 1137 116 218 -1 -1 -1 0 
295 218 1282 1165 78 200 -1 -1 -1 0 
295 225 0 1012 1316 574 -1 -1 -1 0 
295 226 1527 1185 64 221 -1 -1 -1 0 
295 227 2504 1174 75 227 -1 -1 -1 0 
296 161 2642 1213 1197 355 -1 -1 -1 0 
296 198 1414 1180 67 230 -1 -1 -1 0 
296 200 1472 1190 75 223 -1 -1 -1 0 
296 209 3653 1138 117 212 -1 -1 -1 0 
296 218 1283 1168 91 190 -1 -1 -1 0 
296 225 0 1012 1345 571 -1 -1 -1 0 
296 226 1526 1185 66 221 -1 -1 -1 0 
296 227 2504 1173 75 227 -1 -1 -1 0 
296 229 2572 1153 74 236 -1 -1 -1 0 
297 161 2661 1213 1178 355 -1 -1 -1 0 
297 198 1414 1182 67 228 -1 -1 -1 0 
297 200 1472 1190 75 224 -1 -1 -1 0 
297 209 3654 1138 117 209 -1 -1 -1 0 
297 218 1283 1167 92 190 -1 -1 -1 0 
297 225 2 1013 1363 567 -1 -1 -1 0 
297 226 1526 1184 66 223 -1 -1 -1 0 
297 227 2504 1173 75 228 -1 -1 -1 0 
297 229 2572 1153 78 242 -1 -1 -1 0 
298 161 2681 1212 1158 356 -1 -1 -1 0 
298 198 1415 1182 66 226 -1 -1 -1 0 
298 200 1470 1190 78 224 -1 -1 -1 0 
298 209 3655 1137 115 211 -1 -1 -1 0 
298 225 11 1013 1374 564 -1 -1 -1 0 
298 226 1525 1185 65 223 -1 -1 -1 0 
298 227 2503 1172 77 229 -1 -1 -1 0 
298 229 2571 1152 78 239 -1 -1 -1 0 
298 230 2786 1132 75 139 -1 -1 -1 0 
299 161 2701 1212 1138 358 -1 -1 -1 0 
299 198 1415 1183 66 225 -1 -1 -1 0 
299 200 1471 1190 78 224 -1 -1 -1 0 
299 209 3653 1138 119 207 -1 -1 -1 0 
299 225 109 1013 1288 563 -1 -1 -1 0 
299 226 1524 1186 66 223 -1 -1 -1 0 
299 227 2503 1172 77 228 -1 -1 -1 0 
299 229 2573 1153 74 239 -1 -1 -1 0 
299 230 2787 1130 73 139 -1 -1 -1 0 
300 161 2724 1211 1115 360 -1 -1 -1 0 
300 198 1415 1182 66 223 -1 -1 -1 0 
300 200 1473 1190 74 224 -1 -1 -1 0 
300 209 3654 1138 117 202 -1 -1 -1 0 
300 225 88 1010 1358 564 -1 -1 -1 0 
300 226 1523 1186 66 223 -1 -1 -1 0 
300 227 2503 1171 77 229 -1 -1 -1 0 
300 229 2572 1151 76 237 -1 -1 -1 0 
300 230 2787 1128 72 138 -1 -1 -1 0 
300 231 2634 1150 100 257 -1 -1 -1 0 
301 161 2739 1209 1100 358 -1 -1 -1 0 
301 198 1415 1182 66 222 -1 -1 -1 0 
301 200 1466 1190 81 225 -1 -1 -1 0 
301 209 3654 1137 118 198 -1 -1 -1 0 
301 225 108 1009 1358 567 -1 -1 -1 0 
301 226 1524 1184 64 228 -1 -1 -1 0 
301 227 2502 1171 77 229 -1 -1 -1 0 
301 229 2574 1149 73 239 -1 -1 -1 0 
301 230 2787 1127 73 137 -1 -1 -1 0 
301 231 2635 1148 99 260 -1 -1 -1 0 
302 161 2754 1210 1085 359 -1 -1 -1 0 
302 200 1466 1187 92 226 -1 -1 -1 0 
302 209 3656 1137 116 193 -1 -1 -1 0 
302 225 325 1011 1131 564 -1 -1 -1 0 
302 226 1522 1182 67 228 -1 -1 -1 0 
302 227 2502 1172 78 228 -1 -1 -1 0 
302 229 2573 1145 79 245 -1 -1 -1 0 
302 230 2788 1126 72 138 -1 -1 -1 0 
302 231 2634 1146 99 263 -1 -1 -1 0 
302 232 1 1168 110 299 -1 -1 -1 0 
303 161 2772 1209 1067 359 -1 -1 -1 0 
303 200 1465 1187 93 226 -1 -1 -1 0 
303 209 3658 1134 111 192 -1 -1 -1 0 
303 225 280 1011 1256 566 -1 -1 -1 0 
303 226 1523 1177 65 230 -1 -1 -1 0 
303 227 2501 1174 78 224 -1 -1 -1 0 
303 229 2573 1139 79 253 -1 -1 -1 0 
303 230 2784 1125 80 139 -1 -1 -1 0 
303 231 2634 1143 98 267 -1 -1 -1 0 
304 161 2793 1208 1046 360 -1 -1 -1 0 
304 209 3658 1135 112 188 -1 -1 -1 0 
304 225 438 1009 1090 566 -1 -1 -1 0 
304 226 1525 1172 64 230 -1 -1 -1 0 
304 227 2502 1174 77 224 -1 -1 -1 0 
304 229 2574 1139 77 252 -1 -1 -1 0 
304 230 2784 1124 80 139 -1 -1 -1 0 
304 231 2634 1143 98 268 -1 -1 -1 0 
304 232 9 1167 108 296 -1 -1 -1 0 
305 161 2810 1208 1029 359 -1 -1 -1 0 
305 209 3660 1135 109 187 -1 -1 -1 0 
305 225 471 1008 1099 565 -1 -1 -1 0 
305 226 1525 1170 64 231 -1 -1 -1 0 
305 227 2502 1174 78 223 -1 -1 -1 0 
305 229 2575 1140 74 251 -1 -1 -1 0 
305 231 2633 1143 100 269 -1 -1 -1 0 
305 232 12 1165 107 297 -1 -1 -1 0 
306 161 2825 1211 1014 355 -1 -1 -1 0 
306 209 3658 1135 113 183 -1 -1 -1 0 
306 225 457 1006 1159 572 -1 -1 -1 0 
306 227 2502 1173 77 223 -1 -1 -1 0 
306 229 2576 1137 79 256 -1 -1 -1 0 
306 231 2635 1142 96 270 -1 -1 -1 0 
306 232 12 1160 109 302 -1 -1 -1 0 
307 161 2834 1212 1005 351 -1 -1 -1 0 
307 209 3659 1135 116 176 -1 -1 -1 0 
307 225 343 1006 1318 577 -1 -1 -1 0 
307 227 2503 1172 76 225 -1 -1 -1 0 
307 229 2578 1139 78 256 -1 -1 -1 0 
307 231 2639 1142 92 270 -1 -1 -1 0 
307 232 12 1162 109 299 -1 -1 -1 0 
308 161 2857 1212 981 352 -1 -1 -1 0 
308 209 3661 1135 114 174 -1 -1 -1 0 
308 225 430 1003 1210 580 -1 -1 -1 0 
308 227 2503 1172 76 225 -1 -1 -1 0 
308 229 2578 1140 81 254 -1 -1 -1 0 
308 231 2631 1145 100 266 -1 -1 -1 0 
308 232 13 1163 109 298 -1 -1 -1 0 
309 161 2877 1214 962 351 -1 -1 -1 0 
309 209 3661 1136 116 170 -1 -1 -1 0 
309 225 443 1004 1238 579 -1 -1 -1 0 
309 227 2503 1172 77 224 -1 -1 -1 0 
309 229 2578 1140 83 253 -1 -1 -1 0 
309 231 2628 1146 102 264 -1 -1 -1 0 
309 232 13 1162 109 298 -1 -1 -1 0 
310 161 2893 1214 946 354 -1 -1 -1 0 
310 209 3663 1136 115 167 -1 -1 -1 0 
310 225 476 1002 1220 582 -1 -1 -1 0 
310 227 2502 1171 78 225 -1 -1 -1 0 
310 229 2578 1140 84 251 -1 -1 -1 0 
310 231 2627 1146 104 263 -1 -1 -1 0 
310 232 13 1162 113 300 -1 -1 -1 0 
311 161 2899 1214 940 347 -1 -1 -1 0 
311 209 3673 1138 102 159 -1 -1 -1 0 
311 225 480 1000 1245 586 -1 -1 -1 0 
311 227 2501 1171 79 225 -1 -1 -1 0 
311 229 2579 1141 81 250 -1 -1 -1 0 
311 231 2630 1148 99 262 -1 -1 -1 0 
311 232 15 1161 113 299 -1 -1 -1 0 
312 161 2943 1215 893 347 -1 -1 -1 0 
312 209 3672 1138 106 148 -1 -1 -1 0 
312 225 494 997 1265 587 -1 -1 -1 0 
312 227 2501 1172 79 223 -1 -1 -1 0 
312 229 2579 1141 81 251 -1 -1 -1 0 
312 231 2631 1151 98 258 -1 -1 -1 0 
312 232 14 1162 116 298 -1 -1 -1 0 
313 161 2948 1215 891 344 -1 -1 -1 0 
313 209 3670 1141 116 134 -1 -1 -1 0 
313 225 497 996 1288 588 -1 -1 -1 0 
313 227 2501 1174 79 221 -1 -1 -1 0 
313 229 2579 1141 79 255 -1 -1 -1 0 
313 231 2631 1151 98 258 -1 -1 -1 0 
313 232 17 1162 111 296 -1 -1 -1 0 
314 161 2966 1216 873 346 -1 -1 -1 0 
314 209 3673 1144 116 122 -1 -1 -1 0 
314 225 500 997 1309 591 -1 -1 -1 0 
314 227 2502 1174 78 220 -1 -1 -1 0 
314 229 2580 1141 78 258 -1 -1 -1 0 
314 231 2630 1150 99 259 -1 -1 -1 0 
314 232 18 1162 112 296 -1 -1 -1 0 
315 161 2977 1216 862 347 -1 -1 -1 0 
315 209 3675 1145 117 114 -1 -1 -1 0 
315 225 517 999 1299 591 -1 -1 -1 0 
315 227 2502 1174 78 220 -1 -1 -1 0 
315 229 2580 1138 75 261 -1 -1 -1 0 
315 231 2629 1145 99 264 -1 -1 -1 0 
315 236 3147 1145 86 138 -1 -1 -1 0 
316 161 2988 1215 851 347 -1 -1 -1 0 
316 209 3678 1146 118 113 -1 -1 -1 0 
316 225 541 998 1307 587 -1 -1 -1 0 
316 227 2503 1173 77 220 -1 -1 -1 0 
316 229 2578 1143 73 257 -1 -1 -1 0 
316 231 2630 1146 97 264 -1 -1 -1 0 
316 236 3146 1146 90 142 -1 -1 -1 0 
317 161 3006 1215 833 347 -1 -1 -1 0 
317 209 3676 1146 121 109 -1 -1 -1 0 
317 225 552 997 1334 586 -1 -1 -1 0 
317 227 2502 1172 78 220 -1 -1 -1 0 
317 229 2579 1147 67 255 -1 -1 -1 0 
317 231 2626 1146 103 265 -1 -1 -1 0 
317 236 3139 1146 101 146 -1 -1 -1 0 
318 161 3019 1214 820 348 -1 -1 -1 0 
318 209 3687 1143 119 98 -1 -1 -1 0 
318 225 588 996 1308 593 -1 -1 -1 0 
318 227 2503 1171 76 220 -1 -1 -1 0 
318 229 2577 1150 68 250 -1 -1 -1 0 
318 231 2627 1148 101 264 -1 -1 -1 0 
318 236 3137 1145 101 148 -1 -1 -1 0 
319 161 3040 1211 797 353 -1 -1 -1 0 
319 209 3689 1145 100 83 -1 -1 -1 0 
319 225 627 992 1308 593 -1 -1 -1 0 
319 227 2501 1171 77 216 -1 -1 -1 0 
319 229 2576 1149 70 253 -1 -1 -1 0 
319 231 2629 1146 99 267 -1 -1 -1 0 
319 236 3137 1145 100 153 -1 -1 -1 0 
320 161 3051 1209 788 356 -1 -1 -1 0 
320 209 3681 1145 100 78 -1 -1 -1 0 
320 225 656 990 1304 595 -1 -1 -1 0 
320 227 2502 1169 75 211 -1 -1 -1 0 
320 229 2574 1152 69 251 -1 -1 -1 0 
320 231 2628 1144 101 271 -1 -1 -1 0 
320 236 3135 1144 105 155 -1 -1 -1 0 
321 161 3065 1208 774 359 -1 -1 -1 0 
321 209 3681 1145 92 74 -1 -1 -1 0 
321 225 672 989 1314 595 -1 -1 -1 0 
321 227 2502 1171 74 213 -1 -1 -1 0 
321 229 2572 1150 70 253 -1 -1 -1 0 
321 231 2628 1143 100 272 -1 -1 -1 0 
321 236 3133 1145 108 157 -1 -1 -1 0 
322 161 3083 1206 755 362 -1 -1 -1 0 
322 209 3682 1144 88 71 -1 -1 -1 0 
322 225 678 991 1334 593 -1 -1 -1 0 
322 227 2502 1171 75 216 -1 -1 -1 0 
322 229 2568 1146 74 256 -1 -1 -1 0 
322 231 2628 1138 102 278 -1 -1 -1 0 
322 236 3132 1146 111 163 -1 -1 -1 0 
322 238 2760 1123 113 275 -1 -1 -1 0 
323 161 3099 1209 740 357 -1 -1 -1 0 
323 209 3692 1144 73 69 -1 -1 -1 0 
323 225 720 994 1327 598 -1 -1 -1 0 
323 227 2500 1173 76 215 -1 -1 -1 0 
323 229 2566 1141 75 259 -1 -1 -1 0 
323 231 2627 1133 103 282 -1 -1 -1 0 
323 236 3129 1146 117 167 -1 -1 -1 0 
323 238 2761 1122 114 278 -1 -1 -1 0 
324 161 3119 1208 719 359 -1 -1 -1 0 
324 209 3685 1144 80 69 -1 -1 -1 0 
324 225 749 996 1329 598 -1 -1 -1 0 
324 227 2500 1173 76 214 -1 -1 -1 0 
324 229 2563 1140 79 259 -1 -1 -1 0 
324 231 2625 1136 104 277 -1 -1 -1 0 
324 236 3131 1147 114 177 -1 -1 -1 0 
325 161 3132 1208 707 358 -1 -1 -1 0 
325 209 3681 1143 82 67 -1 -1 -1 0 
325 225 780 993 1331 596 -1 -1 -1 0 
325 229 2562 1139 77 260 -1 -1 -1 0 
325 231 2625 1135 104 278 -1 -1 -1 0 
325 236 3134 1147 109 187 -1 -1 -1 0 
325 240 15 1162 124 295 -1 -1 -1 0 
326 161 3146 1208 693 360 -1 -1 -1 0 
326 209 3681 1142 77 65 -1 -1 -1 0 
326 225 819 992 1311 596 -1 -1 -1 0 
326 229 2560 1140 79 261 -1 -1 -1 0 
326 231 2624 1136 104 276 -1 -1 -1 0 
326 236 3136 1147 107 204 -1 -1 -1 0 
326 240 15 1163 123 293 -1 -1 -1 0 
327 161 3160 1207 679 362 -1 -1 -1 0 
327 209 3684 1142 72 65 -1 -1 -1 0 
327 225 841 993 1312 597 -1 -1 -1 0 
327 229 2556 1147 84 254 -1 -1 -1 0 
327 231 2623 1138 104 273 -1 -1 -1 0 
327 236 3139 1149 95 232 -1 -1 -1 0 
327 240 14 1164 126 291 -1 -1 -1 0 
328 161 3176 1209 663 360 -1 -1 -1 0 
328 209 3679 1141 73 65 -1 -1 -1 0 
328 225 874 994 1285 598 -1 -1 -1 0 
328 229 2554 1147 86 254 -1 -1 -1 0 
328 231 2622 1142 105 270 -1 -1 -1 0 
328 236 3138 1150 92 248 -1 -1 -1 0 
329 161 3190 1208 649 362 -1 -1 -1 0 
329 209 3669 1140 79 67 -1 -1 -1 0 
329 225 889 993 1302 599 -1 -1 -1 0 
329 231 2622 1145 104 269 -1 -1 -1 0 
329 236 3137 1150 93 257 -1 -1 -1 0 
329 240 14 1162 123 292 -1 -1 -1 0 
330 161 3207 1208 632 362 -1 -1 -1 0 
330 209 3665 1139 83 72 -1 -1 -1 0 
330 225 919 993 1305 595 -1 -1 -1 0 
330 231 2622 1140 105 276 -1 -1 -1 0 
330 236 3133 1151 102 260 -1 -1 -1 0 
330 240 14 1162 121 292 -1 -1 -1 0 
331 161 3226 1211 613 360 -1 -1 -1 0 
331 209 3658 1140 90 74 -1 -1 -1 0 
331 225 949 992 1291 592 -1 -1 -1 0 
331 231 2622 1139 105 277 -1 -1 -1 0 
331 236 3131 1152 104 261 -1 -1 -1 0 
331 240 13 1162 119 291 -1 -1 -1 0 
332 161 3241 1212 598 354 -1 -1 -1 0 
332 209 3657 1141 90 73 -1 -1 -1 0 
332 225 968 990 1305 592 -1 -1 -1 0 
332 231 2622 1140 105 276 -1 -1 -1 0 
332 236 3133 1151 102 262 -1 -1 -1 0 
332 240 12 1163 121 290 -1 -1 -1 0 
333 161 3256 1212 583 351 -1 -1 -1 0 
333 209 3650 1140 98 76 -1 -1 -1 0 
333 225 995 987 1302 594 -1 -1 -1 0 
333 231 2623 1136 104 281 -1 -1 -1 0 
333 236 3131 1148 109 265 -1 -1 -1 0 
333 240 11 1163 123 290 -1 -1 -1 0 
334 161 3268 1212 571 350 -1 -1 -1 0 
334 209 3642 1139 103 79 -1 -1 -1 0 
334 225 1006 988 1328 598 -1 -1 -1 0 
334 231 2623 1138 105 279 -1 -1 -1 0 
334 236 3132 1147 109 266 -1 -1 -1 0 
334 240 10 1163 124 290 -1 -1 -1 0 
334 242 2529 1152 106 247 -1 -1 -1 0 
335 161 3315 1210 517 352 -1 -1 -1 0 
335 209 3639 1141 103 79 -1 -1 -1 0 
335 225 1015 990 1338 598 -1 -1 -1 0 
335 231 2623 1139 105 278 -1 -1 -1 0 
335 236 3131 1145 109 268 -1 -1 -1 0 
335 240 9 1163 124 289 -1 -1 -1 0 
335 242 2528 1153 108 248 -1 -1 -1 0 
336 161 3308 1210 531 352 -1 -1 -1 0 
336 209 3637 1140 98 82 -1 -1 -1 0 
336 225 988 990 1398 594 -1 -1 -1 0 
336 231 2622 1140 108 278 -1 -1 -1 0 
336 236 3131 1144 110 269 -1 -1 -1 0 
336 240 9 1163 123 289 -1 -1 -1 0 
336 242 2525 1153 112 250 -1 -1 -1 0 
336 243 200 1164 79 262 -1 -1 -1 0 
337 161 3323 1209 516 352 -1 -1 -1 0 
337 209 3637 1141 94 85 -1 -1 -1 0 
337 225 1064 991 1330 591 -1 -1 -1 0 
337 231 2623 1142 106 276 -1 -1 -1 0 
337 236 3131 1143 109 270 -1 -1 -1 0 
337 240 8 1163 120 288 -1 -1 -1 0 
337 242 2526 1153 111 250 -1 -1 -1 0 
337 243 198 1168 86 286 -1 -1 -1 0 
338 161 3335 1209 504 352 -1 -1 -1 0 
338 209 3639 1141 94 87 -1 -1 -1 0 
338 225 1091 992 1348 588 -1 -1 -1 0 
338 231 2623 1141 106 276 -1 -1 -1 0 
338 236 3132 1146 103 265 -1 -1 -1 0 
338 240 7 1162 119 289 -1 -1 -1 0 
338 242 2526 1152 108 251 -1 -1 -1 0 
338 243 199 1169 87 301 -1 -1 -1 0 
338 244 2766 1124 98 139 -1 -1 -1 0 
339 161 3349 1212 490 345 -1 -1 -1 0 
339 209 3638 1142 94 90 -1 -1 -1 0 
339 225 1147 990 1315 588 -1 -1 -1 0 
339 231 2623 1146 105 270 -1 -1 -1 0 
339 236 3134 1147 98 264 -1 -1 -1 0 
339 240 7 1162 117 289 -1 -1 -1 0 
339 242 2526 1152 108 251 -1 -1 -1 0 
339 243 197 1172 93 298 -1 -1 -1 0 
340 161 3368 1212 471 344 -1 -1 -1 0 
340 209 3636 1143 95 93 -1 -1 -1 0 
340 225 1157 990 1357 590 -1 -1 -1 0 
340 231 2622 1147 105 268 -1 -1 -1 0 
340 236 3133 1147 101 263 -1 -1 -1 0 
340 240 6 1162 118 289 -1 -1 -1 0 
340 242 2520 1151 116 250 -1 -1 -1 0 
340 243 198 1177 93 257 -1 -1 -1 0 
341 161 3387 1213 451 345 -1 -1 -1 0 
341 209 3634 1145 96 93 -1 -1 -1 0 
341 225 1200 989 1315 599 -1 -1 -1 0 
341 231 2623 1148 104 264 -1 -1 -1 0 
341 236 3136 1144 98 267 -1 -1 -1 0 
341 240 5 1163 119 288 -1 -1 -1 0 
341 242 2514 1151 121 248 -1 -1 -1 0 
341 243 202 1179 86 245 -1 -1 -1 0 
342 161 3401 1212 438 347 -1 -1 -1 0 
342 209 3629 1147 103 102 -1 -1 -1 0 
342 225 1232 987 1295 595 -1 -1 -1 0 
342 231 2621 1145 106 267 -1 -1 -1 0 
342 236 3137 1145 99 266 -1 -1 -1 0 
342 240 5 1164 119 287 -1 -1 -1 0 
342 242 2511 1149 124 252 -1 -1 -1 0 
342 243 204 1178 85 234 -1 -1 -1 0 
343 161 3418 1216 421 343 -1 -1 -1 0 
343 209 3628 1150 104 108 -1 -1 -1 0 
343 225 1261 987 1278 600 -1 -1 -1 0 
343 231 2620 1145 105 266 -1 -1 -1 0 
343 236 3139 1147 97 263 -1 -1 -1 0 
343 240 4 1163 122 288 -1 -1 -1 0 
343 242 2505 1149 126 254 -1 -1 -1 0 
343 243 202 1179 90 235 -1 -1 -1 0 
344 161 3434 1219 405 337 -1 -1 -1 0 
344 209 3626 1151 110 109 -1 -1 -1 0 
344 225 1286 988 1284 594 -1 -1 -1 0 
344 231 2616 1143 109 267 -1 -1 -1 0 
344 236 3142 1146 93 264 -1 -1 -1 0 
344 240 4 1163 121 288 -1 -1 -1 0 
344 242 2505 1143 122 254 -1 -1 -1 0 
344 243 203 1180 90 234 -1 -1 -1 0 
345 161 3449 1222 390 329 -1 -1 -1 0 
345 209 3623 1151 116 106 -1 -1 -1 0 
345 225 1301 986 1292 593 -1 -1 -1 0 
345 231 2614 1147 111 262 -1 -1 -1 0 
345 236 3145 1148 90 262 -1 -1 -1 0 
345 240 4 1163 119 288 -1 -1 -1 0 
345 242 2504 1140 120 249 -1 -1 -1 0 
345 243 204 1180 88 227 -1 -1 -1 0 
346 161 3463 1224 376 314 -1 -1 -1 0 
346 209 3628 1150 109 113 -1 -1 -1 0 
346 225 1324 987 1286 589 -1 -1 -1 0 
346 231 2616 1145 109 263 -1 -1 -1 0 
346 236 3151 1148 82 261 -1 -1 -1 0 
346 240 4 1163 118 288 -1 -1 -1 0 
346 242 2502 1139 121 249 -1 -1 -1 0 
346 243 206 1181 85 218 -1 -1 -1 0 
347 161 3487 1225 350 310 -1 -1 -1 0 
347 209 3628 1149 109 122 -1 -1 -1 0 
347 225 1345 992 1296 589 -1 -1 -1 0 
347 231 2619 1147 106 262 -1 -1 -1 0 
347 236 3149 1146 87 263 -1 -1 -1 0 
347 240 3 1162 119 289 -1 -1 -1 0 
347 243 206 1181 84 213 -1 -1 -1 0 
347 246 1241 1186 65 157 -1 -1 -1 0 
348 161 3499 1229 340 303 -1 -1 -1 0 
348 209 3620 1149 119 140 -1 -1 -1 0 
348 225 1363 991 1304 586 -1 -1 -1 0 
348 231 2613 1146 114 263 -1 -1 -1 0 
348 236 3149 1144 88 265 -1 -1 -1 0 
348 240 3 1163 119 288 -1 -1 -1 0 
348 243 207 1182 83 209 -1 -1 -1 0 
348 246 1242 1186 66 157 -1 -1 -1 0 
349 161 3514 1230 324 302 -1 -1 -1 0 
349 209 3612 1149 131 147 -1 -1 -1 0 
349 225 1397 988 1287 589 -1 -1 -1 0 
349 231 2611 1142 116 267 -1 -1 -1 0 
349 236 3150 1145 86 264 -1 -1 -1 0 
349 240 2 1165 120 290 -1 -1 -1 0 
349 243 209 1182 82 210 -1 -1 -1 0 
349 246 1244 1183 64 158 -1 -1 -1 0 
349 247 2512 1138 79 126 -1 -1 -1 0 
350 161 3531 1236 308 294 -1 -1 -1 0 
350 209 3614 1148 130 152 -1 -1 -1 0 
350 225 1416 987 1290 590 -1 -1 -1 0 
350 231 2605 1140 126 261 -1 -1 -1 0 
350 236 3150 1147 85 262 -1 -1 -1 0 
350 240 2 1169 118 290 -1 -1 -1 0 
350 243 210 1183 81 208 -1 -1 -1 0 
350 246 1245 1182 65 159 -1 -1 -1 0 
350 247 2514 1138 79 122 -1 -1 -1 0 
351 161 3546 1244 293 284 -1 -1 -1 0 
351 209 3619 1145 128 154 -1 -1 -1 0 
351 225 1432 991 1298 588 -1 -1 -1 0 
351 231 2599 1143 136 201 -1 -1 -1 0 
351 236 3148 1145 89 264 -1 -1 -1 0 
351 240 0 1167 121 288 -1 -1 -1 0 
351 243 209 1184 81 207 -1 -1 -1 0 
351 247 2517 1140 75 114 -1 -1 -1 0 
352 161 3561 1248 278 277 -1 -1 -1 0 
352 209 3621 1144 128 157 -1 -1 -1 0 
352 225 1460 991 1294 589 -1 -1 -1 0 
352 231 2604 1145 122 163 -1 -1 -1 0 
352 236 3149 1147 89 261 -1 -1 -1 0 
352 240 0 1167 119 286 -1 -1 -1 0 
352 243 210 1183 80 213 -1 -1 -1 0 
352 247 2516 1141 76 107 -1 -1 -1 0 
352 250 1344 1177 86 247 -1 -1 -1 0 
353 161 3577 1251 262 267 -1 -1 -1 0 
353 209 3623 1144 128 166 -1 -1 -1 0 
353 225 1485 989 1281 591 -1 -1 -1 0 
353 231 2608 1142 115 148 -1 -1 -1 0 
353 236 3148 1148 94 260 -1 -1 -1 0 
353 240 0 1166 122 287 -1 -1 -1 0 
353 243 209 1183 86 222 -1 -1 -1 0 
353 247 2516 1142 75 98 -1 -1 -1 0 
353 250 1343 1174 86 239 -1 -1 -1 0 
353 252 1416 1191 65 218 -1 -1 -1 0 
354 161 3593 1260 246 255 -1 -1 -1 0 
354 209 3623 1144 128 170 -1 -1 -1 0 
354 225 1502 986 1282 592 -1 -1 -1 0 
354 231 2610 1138 107 139 -1 -1 -1 0 
354 236 3148 1148 96 259 -1 -1 -1 0 
354 240 2 1164 116 289 -1 -1 -1 0 
354 243 209 1183 86 222 -1 -1 -1 0 
355 161 3615 1261 223 251 -1 -1 -1 0 
355 209 3629 1144 120 186 -1 -1 -1 0 
355 225 1514 985 1310 598 -1 -1 -1 0 
355 231 2607 1139 113 126 -1 -1 -1 0 
355 236 3149 1147 96 260 -1 -1 -1 0 
355 240 1 1164 118 288 -1 -1 -1 0 
355 252 1417 1192 63 223 -1 -1 -1 0 
356 161 3632 1263 206 250 -1 -1 -1 0 
356 209 3632 1145 118 200 -1 -1 -1 0 
356 225 1536 984 1312 599 -1 -1 -1 0 
356 231 2610 1138 109 119 -1 -1 -1 0 
356 236 3149 1146 99 261 -1 -1 -1 0 
356 240 1 1164 114 288 -1 -1 -1 0 
357 161 3647 1266 192 245 -1 -1 -1 0 
357 209 3635 1146 116 221 -1 -1 -1 0 
357 231 2615 1138 101 110 -1 -1 -1 0 
357 236 3147 1148 107 258 -1 -1 -1 0 
357 240 0 1164 117 289 -1 -1 -1 0 
357 254 1476 1182 89 236 -1 -1 -1 0 
357 255 215 1182 89 251 -1 -1 -1 0 
357 256 1548 979 1299 602 -1 -1 -1 0 
358 161 3653 1275 186 220 -1 -1 -1 0 
358 209 3634 1147 118 232 -1 -1 -1 0 
358 231 2617 1137 101 105 -1 -1 -1 0 
358 236 3147 1149 106 257 -1 -1 -1 0 
358 240 0 1165 119 288 -1 -1 -1 0 
358 254 1478 1178 89 238 -1 -1 -1 0 
358 255 220 1185 86 253 -1 -1 -1 0 
358 256 1562 980 1308 599 -1 -1 -1 0 
359 161 3678 1282 161 200 -1 -1 -1 0 
359 209 3639 1146 108 279 -1 -1 -1 0 
359 231 2634 1135 79 103 -1 -1 -1 0 
359 236 3148 1149 104 257 -1 -1 -1 0 
359 240 1 1165 116 288 -1 -1 -1 0 
359 254 1482 1170 96 253 -1 -1 -1 0 
359 255 221 1182 86 291 -1 -1 -1 0 
359 256 1577 979 1308 599 -1 -1 -1 0 
360 161 3693 1286 146 191 -1 -1 -1 0 
360 209 3637 1146 113 304 -1 -1 -1 0 
360 231 2637 1134 75 95 -1 -1 -1 0 
360 236 3151 1150 99 256 -1 -1 -1 0 
360 240 2 1166 112 289 -1 -1 -1 0 
360 254 1486 1166 98 259 -1 -1 -1 0 
360 255 220 1184 89 302 -1 -1 -1 0 
360 256 1599 981 1305 597 -1 -1 -1 0 
360 259 1250 1178 61 164 -1 -1 -1 0 
361 209 3638 1146 115 312 -1 -1 -1 0 
361 236 3153 1150 96 257 -1 -1 -1 0 
361 240 6 1167 103 287 -1 -1 -1 0 
361 255 221 1185 89 301 -1 -1 -1 0 
361 256 1625 981 1296 603 -1 -1 -1 0 
361 259 1251 1178 59 165 -1 -1 -1 0 
361 260 3254 1159 68 236 -1 -1 -1 0 
361 261 1337 1183 57 158 -1 -1 -1 0 
362 209 3640 1144 113 315 -1 -1 -1 0 
362 236 3153 1152 98 255 -1 -1 -1 0 
362 240 7 1167 102 287 -1 -1 -1 0 
362 255 221 1185 91 312 -1 -1 -1 0 
362 256 1623 980 1331 604 -1 -1 -1 0 
362 259 1251 1179 60 166 -1 -1 -1 0 
362 260 3254 1158 69 236 -1 -1 -1 0 
362 261 1336 1184 58 157 -1 -1 -1 0 
362 262 1383 1191 93 236 -1 -1 -1 0 
362 263 2776 1126 79 126 -1 -1 -1 0 
363 209 3647 1142 109 320 -1 -1 -1 0 
363 236 3153 1148 101 259 -1 -1 -1 0 
363 240 2 1167 110 289 -1 -1 -1 0 
363 256 1659 980 1305 604 -1 -1 -1 0 
363 259 1249 1180 61 167 -1 -1 -1 0 
363 260 3254 1157 69 248 -1 -1 -1 0 
363 261 1340 1181 55 158 -1 -1 -1 0 
363 262 1398 1190 81 239 -1 -1 -1 0 
363 263 2774 1125 82 123 -1 -1 -1 0 
363 264 1652 978 1306 607 -1 -1 -1 0 
364 209 3649 1143 109 319 -1 -1 -1 0 
364 236 3152 1148 104 259 -1 -1 -1 0 
364 240 3 1166 109 291 -1 -1 -1 0 
364 256 1679 979 1299 598 -1 -1 -1 0 
364 259 1247 1180 65 167 -1 -1 -1 0 
364 260 3255 1154 68 256 -1 -1 -1 0 
364 261 1339 1177 56 162 -1 -1 -1 0 
364 262 1407 1190 73 239 -1 -1 -1 0 
364 263 2778 1125 79 122 -1 -1 -1 0 
364 264 1662 977 1307 607 -1 -1 -1 0 
365 209 3648 1143 111 318 -1 -1 -1 0 
365 236 3152 1148 103 260 -1 -1 -1 0 
365 240 1 1166 112 291 -1 -1 -1 0 
365 256 1696 980 1297 595 -1 -1 -1 0 
365 259 1246 1183 64 163 -1 -1 -1 0 
365 260 3255 1152 69 259 -1 -1 -1 0 
365 261 1339 1176 54 161 -1 -1 -1 0 
365 262 1411 1190 70 238 -1 -1 -1 0 
365 263 2780 1124 78 123 -1 -1 -1 0 
365 266 1477 1186 91 232 -1 -1 -1 0 
366 209 3644 1143 118 315 -1 -1 -1 0 
366 236 3152 1148 101 261 -1 -1 -1 0 
366 240 1 1164 115 294 -1 -1 -1 0 
366 256 1690 981 1331 597 -1 -1 -1 0 
366 259 1246 1183 62 161 -1 -1 -1 0 
366 260 3255 1152 70 258 -1 -1 -1 0 
366 261 1338 1176 55 158 -1 -1 -1 0 
366 262 1415 1191 69 232 -1 -1 -1 0 
366 263 2778 1122 81 121 -1 -1 -1 0 
366 266 1479 1185 90 233 -1 -1 -1 0 
367 209 3644 1143 118 313 -1 -1 -1 0 
367 236 3153 1148 100 261 -1 -1 -1 0 
367 240 4 1164 109 293 -1 -1 -1 0 
367 256 1671 981 1371 596 -1 -1 -1 0 
367 259 1244 1179 62 166 -1 -1 -1 0 
367 260 3255 1153 71 256 -1 -1 -1 0 
367 261 1340 1177 52 156 -1 -1 -1 0 
367 262 1420 1191 67 229 -1 -1 -1 0 
367 263 2774 1122 89 112 -1 -1 -1 0 
367 266 1479 1184 91 234 -1 -1 -1 0 
368 209 3643 1143 119 311 -1 -1 -1 0 
368 236 3152 1148 102 260 -1 -1 -1 0 
368 240 6 1164 106 292 -1 -1 -1 0 
368 256 1719 982 1334 596 -1 -1 -1 0 
368 259 1243 1177 64 169 -1 -1 -1 0 
368 260 3254 1153 72 255 -1 -1 -1 0 
368 261 1340 1176 52 156 -1 -1 -1 0 
368 262 1419 1190 73 229 -1 -1 -1 0 
369 209 3643 1143 119 310 -1 -1 -1 0 
369 236 3154 1149 99 259 -1 -1 -1 0 
369 240 6 1164 105 292 -1 -1 -1 0 
369 256 1748 980 1317 595 -1 -1 -1 0 
369 259 1242 1177 66 168 -1 -1 -1 0 
369 260 3254 1154 73 258 -1 -1 -1 0 
369 262 1420 1189 76 229 -1 -1 -1 0 
369 266 1484 1183 82 236 -1 -1 -1 0 
370 209 3643 1142 118 311 -1 -1 -1 0 
370 236 3156 1149 98 259 -1 -1 -1 0 
370 240 3 1166 110 291 -1 -1 -1 0 
370 256 1754 977 1329 595 -1 -1 -1 0 
370 259 1241 1176 63 167 -1 -1 -1 0 
370 260 3254 1155 74 257 -1 -1 -1 0 
370 262 1422 1189 76 228 -1 -1 -1 0 
370 266 1483 1182 84 237 -1 -1 -1 0 
371 209 3642 1142 119 311 -1 -1 -1 0 
371 236 3157 1148 97 260 -1 -1 -1 0 
371 240 4 1165 108 291 -1 -1 -1 0 
371 256 1774 978 1324 595 -1 -1 -1 0 
371 259 1241 1176 60 162 -1 -1 -1 0 
371 260 3254 1156 73 254 -1 -1 -1 0 
371 262 1423 1190 76 227 -1 -1 -1 0 
371 266 1481 1183 86 236 -1 -1 -1 0 
371 269 1342 1178 50 158 -1 -1 -1 0 
372 209 3642 1142 119 311 -1 -1 -1 0 
372 236 3159 1147 94 261 -1 -1 -1 0 
372 240 6 1165 105 292 -1 -1 -1 0 
372 256 1795 981 1309 594 -1 -1 -1 0 
372 259 1240 1176 60 160 -1 -1 -1 0 
372 260 3254 1157 73 252 -1 -1 -1 0 
372 262 1423 1191 80 227 -1 -1 -1 0 
372 266 1489 1183 86 232 -1 -1 -1 0 
372 269 1343 1176 51 161 -1 -1 -1 0 
373 209 3642 1141 119 311 -1 -1 -1 0 
373 236 3160 1146 94 262 -1 -1 -1 0 
373 240 6 1164 105 293 -1 -1 -1 0 
373 256 1806 981 1318 595 -1 -1 -1 0 
373 259 1240 1175 59 161 -1 -1 -1 0 
373 260 3254 1158 72 247 -1 -1 -1 0 
373 262 1421 1185 86 235 -1 -1 -1 0 
373 266 1493 1184 84 228 -1 -1 -1 0 
373 269 1343 1175 52 163 -1 -1 -1 0 
374 209 3647 1142 111 312 -1 -1 -1 0 
374 236 3157 1144 96 264 -1 -1 -1 0 
374 240 6 1164 105 291 -1 -1 -1 0 
374 256 1824 981 1323 593 -1 -1 -1 0 
374 259 1239 1175 59 161 -1 -1 -1 0 
374 260 3255 1158 69 242 -1 -1 -1 0 
374 262 1418 1182 91 237 -1 -1 -1 0 
374 266 1482 1185 84 231 -1 -1 -1 0 
375 209 3650 1140 102 312 -1 -1 -1 0 
375 236 3151 1147 103 261 -1 -1 -1 0 
375 240 3 1163 112 294 -1 -1 -1 0 
375 256 1843 979 1329 592 -1 -1 -1 0 
375 259 1239 1173 59 177 -1 -1 -1 0 
375 260 3254 1158 70 240 -1 -1 -1 0 
375 262 1418 1182 96 238 -1 -1 -1 0 
375 266 1473 1188 88 230 -1 -1 -1 0 
375 270 1840 980 1321 598 -1 -1 -1 0 
376 209 3652 1139 99 316 -1 -1 -1 0 
376 236 3149 1147 104 259 -1 -1 -1 0 
376 240 2 1162 118 296 -1 -1 -1 0 
376 256 1870 977 1302 594 -1 -1 -1 0 
376 259 1238 1173 61 182 -1 -1 -1 0 
376 260 3254 1158 70 240 -1 -1 -1 0 
376 262 1417 1183 109 239 -1 -1 -1 0 
376 266 1462 1190 96 229 -1 -1 -1 0 
376 270 1855 974 1324 605 -1 -1 -1 0 
377 236 3149 1147 104 259 -1 -1 -1 0 
377 240 3 1163 117 294 -1 -1 -1 0 
377 256 1881 976 1307 595 -1 -1 -1 0 
377 259 1238 1174 61 170 -1 -1 -1 0 
377 262 1419 1182 105 240 -1 -1 -1 0 
377 266 1457 1190 101 230 -1 -1 -1 0 
377 270 1867 973 1324 605 -1 -1 -1 0 
378 236 3152 1147 101 261 -1 -1 -1 0 
378 240 5 1165 111 282 -1 -1 -1 0 
378 256 1888 976 1319 596 -1 -1 -1 0 
378 259 1239 1178 57 159 -1 -1 -1 0 
378 262 1420 1182 107 240 -1 -1 -1 0 
378 266 1458 1186 102 235 -1 -1 -1 0 
378 270 1877 970 1328 607 -1 -1 -1 0 
378 272 3471 1151 368 978 -1 -1 -1 0 
379 236 3154 1145 98 263 -1 -1 -1 0 
379 240 7 1165 107 272 -1 -1 -1 0 
379 256 1903 976 1319 595 -1 -1 -1 0 
379 259 1240 1181 55 152 -1 -1 -1 0 
379 266 1463 1187 94 233 -1 -1 -1 0 
379 272 3400 1167 439 968 -1 -1 -1 0 
379 273 1411 1187 67 225 -1 -1 -1 0 
379 274 199 1156 101 344 -1 -1 -1 0 
380 236 3154 1144 98 264 -1 -1 -1 0 
380 240 9 1167 102 258 -1 -1 -1 0 
380 256 1922 975 1314 596 -1 -1 -1 0 
380 259 1240 1184 54 146 -1 -1 -1 0 
380 266 1470 1188 81 231 -1 -1 -1 0 
380 272 3315 1183 524 955 -1 -1 -1 0 
380 273 1412 1189 67 226 -1 -1 -1 0 
381 240 9 1170 100 267 -1 -1 -1 0 
381 256 1942 973 1307 596 -1 -1 -1 0 
381 259 1240 1185 51 144 -1 -1 -1 0 
381 266 1474 1190 78 229 -1 -1 -1 0 
381 272 3234 1191 605 951 -1 -1 -1 0 
381 273 1416 1194 70 223 -1 -1 -1 0 
381 275 3644 1139 115 307 -1 -1 -1 0 
382 240 8 1169 102 277 -1 -1 -1 0 
382 256 1956 972 1275 598 -1 -1 -1 0 
382 259 1239 1185 52 143 -1 -1 -1 0 
382 266 1474 1189 80 232 -1 -1 -1 0 
382 272 3139 1203 700 942 -1 -1 -1 0 
382 273 1415 1192 66 222 -1 -1 -1 0 
382 275 3644 1139 114 308 -1 -1 -1 0 
383 240 8 1169 101 281 -1 -1 -1 0 
383 256 1986 971 1173 597 -1 -1 -1 0 
383 259 1238 1184 52 142 -1 -1 -1 0 
383 266 1476 1187 79 233 -1 -1 -1 0 
383 272 3045 1194 792 948 -1 -1 -1 0 
383 273 1413 1188 69 228 -1 -1 -1 0 
383 275 3644 1139 114 309 -1 -1 -1 0 
384 240 8 1169 101 282 -1 -1 -1 0 
384 256 2002 973 1081 594 -1 -1 -1 0 
384 259 1239 1185 50 139 -1 -1 -1 0 
384 266 1477 1189 87 231 -1 -1 -1 0 
384 272 2968 1187 864 955 -1 -1 -1 0 
384 273 1414 1191 74 225 -1 -1 -1 0 
385 256 2010 973 1031 594 -1 -1 -1 0 
385 259 1239 1184 50 140 -1 -1 -1 0 
385 266 1479 1189 89 231 -1 -1 -1 0 
385 272 2901 1178 898 964 -1 -1 -1 0 
385 273 1410 1187 76 228 -1 -1 -1 0 
385 275 3644 1142 115 306 -1 -1 -1 0 
386 256 2009 973 1028 593 -1 -1 -1 0 
386 259 1239 1184 49 139 -1 -1 -1 0 
386 266 1479 1189 91 231 -1 -1 -1 0 
386 272 2809 1148 926 995 -1 -1 -1 0 
386 273 1412 1185 70 231 -1 -1 -1 0 
386 275 3643 1142 116 306 -1 -1 -1 0 
387 256 1966 973 1318 594 -1 -1 -1 0 
387 266 1478 1187 94 234 -1 -1 -1 0 
387 272 2721 1123 943 1018 -1 -1 -1 0 
387 273 1412 1184 68 232 -1 -1 -1 0 
387 275 3646 1141 111 307 -1 -1 -1 0 
387 278 6 1166 105 282 -1 -1 -1 0 
388 256 2011 976 1322 598 -1 -1 -1 0 
388 266 1477 1188 97 233 -1 -1 -1 0 
388 272 2616 1118 987 1025 -1 -1 -1 0 
388 273 1413 1182 67 234 -1 -1 -1 0 
388 275 3647 1141 110 306 -1 -1 -1 0 
388 278 4 1164 108 283 -1 -1 -1 0 
389 256 2047 972 1314 604 -1 -1 -1 0 
389 266 1502 1184 76 237 -1 -1 -1 0 
389 272 2511 1082 1015 1061 -1 -1 -1 0 
389 273 1413 1183 67 234 -1 -1 -1 0 
389 275 3646 1139 112 309 -1 -1 -1 0 
389 278 4 1163 107 286 -1 -1 -1 0 
390 256 2064 970 1318 610 -1 -1 -1 0 
390 266 1481 1182 103 241 -1 -1 -1 0 
390 272 2404 1060 957 1083 -1 -1 -1 0 
390 273 1413 1181 67 234 -1 -1 -1 0 
390 275 3646 1137 113 312 -1 -1 -1 0 
390 278 5 1160 108 293 -1 -1 -1 0 
390 280 3174 1142 54 92 -1 -1 -1 0 
390 281 3755 1154 83 264 -1 -1 -1 0 
391 256 2077 968 1327 609 -1 -1 -1 0 
391 266 1477 1183 98 240 -1 -1 -1 0 
391 272 2327 1051 970 1092 -1 -1 -1 0 
391 273 1413 1183 66 233 -1 -1 -1 0 
391 275 3645 1136 115 313 -1 -1 -1 0 
391 278 5 1159 109 296 -1 -1 -1 0 
391 280 3176 1142 51 89 -1 -1 -1 0 
391 281 3748 1155 91 259 -1 -1 -1 0 
392 256 2089 970 1332 608 -1 -1 -1 0 
392 266 1478 1187 70 231 -1 -1 -1 0 
392 273 1412 1184 67 232 -1 -1 -1 0 
392 275 3645 1137 115 312 -1 -1 -1 0 
392 278 5 1157 111 298 -1 -1 -1 0 
392 280 3178 1141 49 87 -1 -1 -1 0 
392 281 3748 1160 90 255 -1 -1 -1 0 
393 256 2095 971 1343 605 -1 -1 -1 0 
393 266 1473 1186 74 231 -1 -1 -1 0 
393 273 1413 1186 66 228 -1 -1 -1 0 
393 275 3645 1135 116 315 -1 -1 -1 0 
393 278 2 1156 117 299 -1 -1 -1 0 
393 281 3754 1158 81 259 -1 -1 -1 0 
393 283 1526 1180 88 243 -1 -1 -1 0 
394 256 2106 971 1356 605 -1 -1 -1 0 
394 266 1472 1185 75 232 -1 -1 -1 0 
394 273 1412 1185 67 228 -1 -1 -1 0 
394 275 3645 1131 114 320 -1 -1 -1 0 
394 278 2 1153 118 305 -1 -1 -1 0 
394 281 3746 1156 93 264 -1 -1 -1 0 
394 283 1525 1177 102 247 -1 -1 -1 0 
395 266 1472 1185 77 232 -1 -1 -1 0 
395 273 1413 1183 66 230 -1 -1 -1 0 
395 275 3644 1133 115 317 -1 -1 -1 0 
395 278 2 1153 115 306 -1 -1 -1 0 
395 281 3744 1154 94 266 -1 -1 -1 0 
395 283 1530 1177 104 246 -1 -1 -1 0 
395 284 1902 1153 896 988 -1 -1 -1 0 
396 266 1471 1186 82 231 -1 -1 -1 0 
396 273 1412 1183 68 230 -1 -1 -1 0 
396 275 3645 1135 114 314 -1 -1 -1 0 
396 278 0 1153 117 305 -1 -1 -1 0 
396 281 3745 1152 92 270 -1 -1 -1 0 
396 283 1538 1184 99 243 -1 -1 -1 0 
397 266 1471 1186 85 232 -1 -1 -1 0 
397 273 1413 1183 67 230 -1 -1 -1 0 
397 275 3644 1136 115 314 -1 -1 -1 0 
397 278 0 1154 117 300 -1 -1 -1 0 
397 281 3740 1153 98 275 -1 -1 -1 0 
397 283 1547 1188 91 240 -1 -1 -1 0 
398 266 1472 1186 86 232 -1 -1 -1 0 
398 273 1414 1181 66 231 -1 -1 -1 0 
398 275 3642 1132 117 320 -1 -1 -1 0 
398 278 3 1156 109 298 -1 -1 -1 0 
398 281 3739 1153 99 276 -1 -1 -1 0 
398 283 1550 1193 94 238 -1 -1 -1 0 
399 266 1474 1185 86 233 -1 -1 -1 0 
399 273 1413 1183 68 228 -1 -1 -1 0 
399 275 3644 1137 116 316 -1 -1 -1 0 
399 278 0 1159 121 297 -1 -1 -1 0 
399 281 3741 1153 97 276 -1 -1 -1 0 
399 283 1552 1188 90 244 -1 -1 -1 0 
399 285 1883 1144 730 993 -1 -1 -1 0 
399 287 2197 974 1319 603 -1 -1 -1 0 
400 266 1475 1183 90 237 -1 -1 -1 0 
400 273 1413 1182 69 229 -1 -1 -1 0 
400 275 3641 1135 119 319 -1 -1 -1 0 
400 278 2 1160 116 298 -1 -1 -1 0 
400 281 3741 1153 94 274 -1 -1 -1 0 
400 283 1551 1188 94 241 -1 -1 -1 0 
400 285 1805 1134 745 1004 -1 -1 -1 0 
400 287 2190 975 1342 604 -1 -1 -1 0 
401 266 1477 1182 90 238 -1 -1 -1 0 
401 273 1413 1184 70 227 -1 -1 -1 0 
401 275 3642 1136 115 317 -1 -1 -1 0 
401 278 1 1160 115 299 -1 -1 -1 0 
401 281 3740 1156 85 268 -1 -1 -1 0 
401 283 1555 1189 90 241 -1 -1 -1 0 
401 285 1737 1108 724 1032 -1 -1 -1 0 
401 287 2197 976 1347 603 -1 -1 -1 0 
402 266 1477 1182 91 238 -1 -1 -1 0 
402 273 1415 1186 66 225 -1 -1 -1 0 
402 275 3644 1137 109 313 -1 -1 -1 0 
402 278 0 1161 118 298 -1 -1 -1 0 
402 281 3740 1158 74 264 -1 -1 -1 0 
402 283 1558 1192 86 237 -1 -1 -1 0 
402 285 1655 1082 744 1060 -1 -1 -1 0 
402 287 2094 971 1480 609 -1 -1 -1 0 
403 266 1478 1182 90 239 -1 -1 -1 0 
403 273 1415 1185 66 225 -1 -1 -1 0 
403 275 3644 1140 103 306 -1 -1 -1 0 
403 278 0 1160 121 298 -1 -1 -1 0 
403 281 3732 1156 75 267 -1 -1 -1 0 
403 283 1562 1193 85 236 -1 -1 -1 0 
403 285 1573 1074 768 1067 -1 -1 -1 0 
403 287 2200 973 1359 608 -1 -1 -1 0 
404 266 1478 1182 91 239 -1 -1 -1 0 
404 273 1412 1185 73 225 -1 -1 -1 0 
404 275 3641 1142 108 301 -1 -1 -1 0 
404 278 0 1159 121 300 -1 -1 -1 0 
404 281 3730 1157 70 268 -1 -1 -1 0 
404 285 1497 1065 764 1077 -1 -1 -1 0 
404 287 2234 975 1345 605 -1 -1 -1 0 
405 273 1412 1186 74 224 -1 -1 -1 0 
405 275 3639 1144 114 299 -1 -1 -1 0 
405 278 0 1159 122 301 -1 -1 -1 0 
405 281 3728 1157 68 269 -1 -1 -1 0 
406 275 3652 1148 111 298 -1 -1 -1 0 
406 285 1355 1057 747 1086 -1 -1 -1 0 
406 287 2267 976 1347 605 -1 -1 -1 0 
407 275 3658 1148 112 298 -1 -1 -1 0 
407 285 1277 1062 742 1083 -1 -1 -1 0 
407 287 2267 974 1363 607 -1 -1 -1 0 
408 275 3660 1145 109 303 -1 -1 -1 0 
408 285 1201 1080 767 1065 -1 -1 -1 0 
408 287 2283 974 1357 609 -1 -1 -1 0 
409 275 3657 1139 114 313 -1 -1 -1 0 
409 285 1126 1110 729 1033 -1 -1 -1 0 
409 287 2293 975 1361 609 -1 -1 -1 0 
410 275 3660 1137 111 319 -1 -1 -1 0 
410 285 1058 1123 585 1018 -1 -1 -1 0 
410 287 2302 975 1369 611 -1 -1 -1 0 
410 291 1595 1182 80 239 -1 -1 -1 0 
411 275 3657 1135 116 318 -1 -1 -1 0 
411 285 944 1140 658 1002 -1 -1 -1 0 
411 287 2312 977 1381 610 -1 -1 -1 0 
411 291 1596 1187 85 236 -1 -1 -1 0 
411 293 1478 1180 101 238 -1 -1 -1 0 
412 275 3656 1134 120 318 -1 -1 -1 0 
412 285 857 1176 721 966 -1 -1 -1 0 
412 287 2327 978 1375 611 -1 -1 -1 0 
412 291 1600 1193 88 233 -1 -1 -1 0 
412 293 1478 1180 101 237 -1 -1 -1 0 
412 294 1415 1182 63 228 -1 -1 -1 0 
413 275 3660 1133 115 314 -1 -1 -1 0 
413 285 790 1194 711 951 -1 -1 -1 0 
413 287 2333 979 1387 609 -1 -1 -1 0 
413 291 1603 1199 97 226 -1 -1 -1 0 
413 293 1478 1181 102 236 -1 -1 -1 0 
413 294 1416 1184 61 226 -1 -1 -1 0 
413 295 0 1154 108 314 -1 -1 -1 0 
414 275 3668 1132 102 311 -1 -1 -1 0 
414 285 698 1190 730 953 -1 -1 -1 0 
414 287 2348 979 1390 610 -1 -1 -1 0 
414 291 1605 1197 108 229 -1 -1 -1 0 
414 293 1478 1181 104 237 -1 -1 -1 0 
414 294 1415 1186 62 224 -1 -1 -1 0 
414 295 0 1154 108 312 -1 -1 -1 0 
415 275 3679 1132 86 297 -1 -1 -1 0 
415 285 625 1155 724 983 -1 -1 -1 0 
415 287 2352 978 1400 612 -1 -1 -1 0 
415 291 1606 1198 119 231 -1 -1 -1 0 
415 293 1479 1181 103 237 -1 -1 -1 0 
415 294 1415 1187 62 223 -1 -1 -1 0 
415 295 0 1155 109 311 -1 -1 -1 0 
416 275 3677 1132 86 251 -1 -1 -1 0 
416 285 516 1133 770 1004 -1 -1 -1 0 
416 287 2361 976 1396 612 -1 -1 -1 0 
416 291 1609 1201 120 229 -1 -1 -1 0 
416 293 1480 1181 102 237 -1 -1 -1 0 
416 294 1416 1188 60 222 -1 -1 -1 0 
416 295 0 1157 111 307 -1 -1 -1 0 
417 275 3678 1134 83 212 -1 -1 -1 0 
417 285 481 1100 753 1040 -1 -1 -1 0 
417 287 2359 976 1418 613 -1 -1 -1 0 
417 291 1608 1204 123 226 -1 -1 -1 0 
417 293 1480 1182 101 236 -1 -1 -1 0 
417 294 1416 1184 60 226 -1 -1 -1 0 
417 295 0 1157 109 308 -1 -1 -1 0 
418 275 3679 1134 79 199 -1 -1 -1 0 
418 285 429 1078 760 1058 -1 -1 -1 0 
418 287 2370 978 1421 610 -1 -1 -1 0 
418 291 1614 1206 115 225 -1 -1 -1 0 
418 293 1481 1183 101 236 -1 -1 -1 0 
418 294 1415 1184 61 226 -1 -1 -1 0 
418 295 0 1158 110 307 -1 -1 -1 0 
419 275 3675 1135 85 175 -1 -1 -1 0 
419 285 311 1066 820 1074 -1 -1 -1 0 
419 287 2378 979 1423 610 -1 -1 -1 0 
419 291 1619 1204 109 227 -1 -1 -1 0 
419 293 1481 1184 101 235 -1 -1 -1 0 
419 294 1414 1185 62 225 -1 -1 -1 0 
419 295 0 1157 110 306 -1 -1 -1 0 
419 296 3600 1152 74 97 -1 -1 -1 0 
420 275 3659 1135 104 143 -1 -1 -1 0 
420 285 293 1052 540 1089 -1 -1 -1 0 
420 287 2400 977 1410 610 -1 -1 -1 0 
420 291 1624 1199 105 232 -1 -1 -1 0 
420 293 1481 1185 101 234 -1 -1 -1 0 
420 294 1413 1185 62 225 -1 -1 -1 0 
420 295 0 1156 111 307 -1 -1 -1 0 
421 275 3645 1132 116 134 -1 -1 -1 0 
421 285 183 1073 601 1066 -1 -1 -1 0 
421 287 2415 976 1405 611 -1 -1 -1 0 
421 291 1633 1202 94 228 -1 -1 -1 0 
421 293 1480 1185 101 234 -1 -1 -1 0 
421 294 1412 1184 63 226 -1 -1 -1 0 
421 295 0 1158 111 304 -1 -1 -1 0 
422 275 3672 1132 80 127 -1 -1 -1 0 
422 285 118 1058 533 1081 -1 -1 -1 0 
422 287 2426 974 1407 612 -1 -1 -1 0 
422 291 1642 1202 86 226 -1 -1 -1 0 
422 293 1480 1185 101 233 -1 -1 -1 0 
422 294 1411 1185 64 225 -1 -1 -1 0 
422 295 0 1159 108 303 -1 -1 -1 0 
423 275 3640 1133 124 119 -1 -1 -1 0 
423 285 0 1054 852 1085 -1 -1 -1 0 
423 287 2437 971 1401 611 -1 -1 -1 0 
423 291 1656 1194 72 230 -1 -1 -1 0 
423 293 1480 1182 103 237 -1 -1 -1 0 
423 294 1413 1183 64 225 -1 -1 -1 0 
424 275 3640 1135 122 119 -1 -1 -1 0 
424 285 0 1071 795 1063 -1 -1 -1 0 
424 287 2444 971 1395 610 -1 -1 -1 0 
424 291 1663 1192 68 232 -1 -1 -1 0 
424 293 1481 1181 103 237 -1 -1 -1 0 
424 294 1413 1185 64 223 -1 -1 -1 0 
425 275 3642 1134 116 110 -1 -1 -1 0 
425 285 13 1088 554 1041 -1 -1 -1 0 
425 287 2467 973 1372 608 -1 -1 -1 0 
425 291 1670 1192 64 234 -1 -1 -1 0 
425 293 1481 1180 104 238 -1 -1 -1 0 
426 285 7 1106 351 1025 -1 -1 -1 0 
426 287 2481 974 1358 609 -1 -1 -1 0 
426 291 1678 1189 56 233 -1 -1 -1 0 
426 293 1481 1180 105 238 -1 -1 -1 0 
426 294 1414 1188 63 220 -1 -1 -1 0 
427 285 0 1107 279 1023 -1 -1 -1 0 
427 287 2488 974 1351 608 -1 -1 -1 0 
427 291 1684 1188 52 234 -1 -1 -1 0 
428 287 2495 974 1344 608 -1 -1 -1 0 
428 293 1481 1179 105 239 -1 -1 -1 0 
428 294 1414 1186 64 223 -1 -1 -1 0 
429 287 2512 973 1327 607 -1 -1 -1 0 
429 293 1481 1179 105 239 -1 -1 -1 0 
429 294 1413 1186 65 223 -1 -1 -1 0 
430 287 2522 975 1317 607 -1 -1 -1 0 
430 293 1481 1179 104 241 -1 -1 -1 0 
430 294 1413 1186 66 223 -1 -1 -1 0 
430 297 3679 1132 80 104 -1 -1 -1 0 
431 287 2529 973 1310 608 -1 -1 -1 0 
431 293 1482 1178 102 243 -1 -1 -1 0 
431 294 1412 1186 68 224 -1 -1 -1 0 
432 287 2545 969 1294 610 -1 -1 -1 0 
432 293 1481 1179 104 242 -1 -1 -1 0 
432 294 1413 1186 66 224 -1 -1 -1 0 
433 287 2542 968 1297 609 -1 -1 -1 0 
433 293 1482 1179 102 241 -1 -1 -1 0 
433 294 1413 1187 67 223 -1 -1 -1 0 
434 287 2551 968 1288 608 -1 -1 -1 0 
434 293 1481 1178 101 242 -1 -1 -1 0 
434 294 1413 1189 67 221 -1 -1 -1 0 
435 287 2568 967 1270 610 -1 -1 -1 0 
435 293 1481 1178 101 242 -1 -1 -1 0 
435 294 1413 1189 67 221 -1 -1 -1 0 
436 287 2578 966 1253 610 -1 -1 -1 0 
436 293 1480 1178 102 241 -1 -1 -1 0 
436 294 1413 1187 66 223 -1 -1 -1 0 
436 299 2512 1146 101 270 -1 -1 -1 0 
437 287 2596 965 1228 610 -1 -1 -1 0 
437 293 1480 1179 98 239 -1 -1 -1 0 
437 294 1412 1186 68 224 -1 -1 -1 0 
437 299 2513 1146 108 274 -1 -1 -1 0 
438 287 2603 965 1227 613 -1 -1 -1 0 
438 293 1480 1181 95 237 -1 -1 -1 0 
438 294 1413 1185 67 225 -1 -1 -1 0 
438 299 2513 1148 108 274 -1 -1 -1 0 
439 287 2612 967 1214 609 -1 -1 -1 0 
439 293 1479 1183 91 234 -1 -1 -1 0 
439 294 1413 1184 66 226 -1 -1 -1 0 
439 299 2512 1151 105 272 -1 -1 -1 0 
440 287 2625 964 1204 612 -1 -1 -1 0 
440 293 1478 1182 92 235 -1 -1 -1 0 
440 294 1413 1184 67 226 -1 -1 -1 0 
440 299 2513 1151 99 271 -1 -1 -1 0 
441 287 2635 962 1201 613 -1 -1 -1 0 
441 293 1479 1181 89 236 -1 -1 -1 0 
441 294 1413 1182 66 228 -1 -1 -1 0 
441 299 2513 1152 98 270 -1 -1 -1 0 
442 287 2650 961 1187 615 -1 -1 -1 0 
442 293 1479 1180 89 237 -1 -1 -1 0 
442 294 1413 1180 66 230 -1 -1 -1 0 
442 299 2512 1152 100 271 -1 -1 -1 0 
442 300 3305 1103 479 799 -1 -1 -1 0 
443 287 2658 960 1181 611 -1 -1 -1 0 
443 293 1478 1180 90 237 -1 -1 -1 0 
443 294 1413 1181 66 228 -1 -1 -1 0 
443 299 2511 1152 101 271 -1 -1 -1 0 
443 300 3208 1090 574 844 -1 -1 -1 0 
444 287 2668 961 1171 607 -1 -1 -1 0 
444 293 1479 1181 89 236 -1 -1 -1 0 
444 294 1414 1182 65 227 -1 -1 -1 0 
444 299 2511 1152 101 270 -1 -1 -1 0 
444 300 3176 1096 574 814 -1 -1 -1 0 
445 287 2676 962 1163 602 -1 -1 -1 0 
445 293 1478 1181 91 236 -1 -1 -1 0 
445 294 1414 1183 66 226 -1 -1 -1 0 
445 299 2511 1152 101 268 -1 -1 -1 0 
445 300 3181 1093 486 826 -1 -1 -1 0 
446 287 2689 963 1149 594 -1 -1 -1 0 
446 293 1478 1181 90 236 -1 -1 -1 0 
446 294 1415 1185 64 224 -1 -1 -1 0 
446 299 2511 1152 101 268 -1 -1 -1 0 
446 300 3074 1101 555 806 -1 -1 -1 0 
446 304 2219 1173 75 269 -1 -1 -1 0 
447 287 2701 963 1138 584 -1 -1 -1 0 
447 293 1477 1181 92 236 -1 -1 -1 0 
447 294 1415 1185 63 224 -1 -1 -1 0 
447 299 2511 1152 103 268 -1 -1 -1 0 
447 300 3021 1101 546 802 -1 -1 -1 0 
447 304 2220 1172 74 270 -1 -1 -1 0 
448 287 2719 963 1116 566 -1 -1 -1 0 
448 293 1478 1180 93 237 -1 -1 -1 0 
448 294 1415 1184 64 225 -1 -1 -1 0 
448 299 2511 1151 104 270 -1 -1 -1 0 
448 300 3010 1102 498 783 -1 -1 -1 0 
448 304 2220 1172 75 269 -1 -1 -1 0 
448 305 2617 1147 106 261 -1 -1 -1 0 
449 287 2737 962 1095 554 -1 -1 -1 0 
449 293 1479 1178 93 239 -1 -1 -1 0 
449 294 1414 1184 65 225 -1 -1 -1 0 
449 299 2512 1151 103 270 -1 -1 -1 0 
449 300 2980 1101 480 782 -1 -1 -1 0 
450 287 2750 962 1082 549 -1 -1 -1 0 
450 293 1480 1178 94 238 -1 -1 -1 0 
450 294 1416 1184 64 226 -1 -1 -1 0 
450 299 2510 1151 104 270 -1 -1 -1 0 
451 293 1480 1180 91 235 -1 -1 -1 0 
451 294 1417 1184 63 226 -1 -1 -1 0 
451 299 2509 1149 105 273 -1 -1 -1 0 
451 300 2885 1104 475 769 -1 -1 -1 0 
452 293 1479 1181 89 233 -1 -1 -1 0 
452 294 1416 1186 66 224 -1 -1 -1 0 
452 299 2509 1148 103 272 -1 -1 -1 0 
452 300 2874 1100 437 755 -1 -1 -1 0 
453 293 1477 1181 88 233 -1 -1 -1 0 
453 294 1416 1185 65 224 -1 -1 -1 0 
453 299 2510 1147 100 273 -1 -1 -1 0 
453 300 2797 1102 484 755 -1 -1 -1 0 
453 306 2788 961 1048 549 -1 -1 -1 0 
453 307 0 1339 139 214 -1 -1 -1 0 
454 293 1478 1181 87 233 -1 -1 -1 0 
454 294 1417 1182 63 226 -1 -1 -1 0 
454 299 2511 1149 98 270 -1 -1 -1 0 
454 300 2767 1106 499 750 -1 -1 -1 0 
454 306 2804 955 1031 554 -1 -1 -1 0 
454 307 0 1335 164 228 -1 -1 -1 0 
455 293 1479 1181 85 233 -1 -1 -1 0 
455 294 1416 1181 65 227 -1 -1 -1 0 
455 299 2512 1148 97 272 -1 -1 -1 0 
455 300 2727 1103 470 756 -1 -1 -1 0 
455 306 2821 957 1014 561 -1 -1 -1 0 
455 307 0 1324 194 242 -1 -1 -1 0 
456 293 1478 1181 86 234 -1 -1 -1 0 
456 294 1415 1185 65 223 -1 -1 -1 0 
456 299 2512 1150 99 270 -1 -1 -1 0 
456 300 2673 1105 472 757 -1 -1 -1 0 
456 306 2827 956 1012 563 -1 -1 -1 0 
457 293 1476 1183 84 232 -1 -1 -1 0 
457 294 1416 1187 63 221 -1 -1 -1 0 
457 299 2511 1150 102 270 -1 -1 -1 0 
457 300 2630 1108 456 739 -1 -1 -1 0 
457 307 0 1325 279 243 -1 -1 -1 0 
458 293 1474 1183 84 232 -1 -1 -1 0 
458 294 1416 1188 63 220 -1 -1 -1 0 
458 299 2512 1150 101 269 -1 -1 -1 0 
458 300 2608 1107 454 735 -1 -1 -1 0 
458 307 2 1314 276 254 -1 -1 -1 0 
459 293 1473 1184 85 231 -1 -1 -1 0 
459 294 1415 1188 64 220 -1 -1 -1 0 
459 299 2511 1150 103 268 -1 -1 -1 0 
459 300 2574 1115 444 728 -1 -1 -1 0 
459 307 9 1267 283 301 -1 -1 -1 0 
460 293 1473 1186 84 229 -1 -1 -1 0 
460 294 1416 1187 63 221 -1 -1 -1 0 
460 299 2513 1149 100 273 -1 -1 -1 0 
460 300 2549 1114 429 726 -1 -1 -1 0 
460 307 0 1277 308 302 -1 -1 -1 0 
461 293 1472 1186 85 229 -1 -1 -1 0 
461 294 1417 1186 62 222 -1 -1 -1 0 
461 299 2512 1149 101 267 -1 -1 -1 0 
461 300 2542 1113 383 720 -1 -1 -1 0 
461 307 9 1242 303 338 -1 -1 -1 0 
462 293 1472 1186 85 229 -1 -1 -1 0 
462 294 1417 1186 62 222 -1 -1 -1 0 
462 299 2512 1149 101 267 -1 -1 -1 0 
462 300 2508 1099 385 704 -1 -1 -1 0 
462 307 6 1214 317 366 -1 -1 -1 0 
463 293 1472 1185 83 230 -1 -1 -1 0 
463 294 1417 1185 61 223 -1 -1 -1 0 
463 300 2490 1110 363 663 -1 -1 -1 0 
463 307 4 1206 321 376 -1 -1 -1 0 
464 293 1471 1185 84 230 -1 -1 -1 0 
464 294 1417 1184 61 224 -1 -1 -1 0 
464 300 2427 1122 392 634 -1 -1 -1 0 
464 307 0 1204 329 375 -1 -1 -1 0 
464 310 2972 961 864 612 -1 -1 -1 0 
465 293 1471 1185 83 229 -1 -1 -1 0 
465 294 1418 1183 60 226 -1 -1 -1 0 
465 300 2412 1114 358 661 -1 -1 -1 0 
465 307 0 1203 330 369 -1 -1 -1 0 
465 310 3001 961 829 609 -1 -1 -1 0 
465 311 2219 1169 85 272 -1 -1 -1 0 
466 293 1470 1184 84 230 -1 -1 -1 0 
466 294 1418 1183 60 226 -1 -1 -1 0 
466 300 2378 1120 364 667 -1 -1 -1 0 
466 307 0 1199 444 367 -1 -1 -1 0 
466 310 3021 959 812 613 -1 -1 -1 0 
466 311 2229 1159 80 276 -1 -1 -1 0 
467 293 1471 1184 85 230 -1 -1 -1 0 
467 294 1418 1183 60 226 -1 -1 -1 0 
467 300 2349 1123 365 679 -1 -1 -1 0 
467 307 22 1197 321 367 -1 -1 -1 0 
467 310 3040 960 797 614 -1 -1 -1 0 
467 311 2232 1156 80 277 -1 -1 -1 0 
468 293 1472 1182 86 233 -1 -1 -1 0 
468 294 1419 1183 59 227 -1 -1 -1 0 
468 300 2318 1123 364 658 -1 -1 -1 0 
468 307 0 1193 487 362 -1 -1 -1 0 
468 310 3055 960 783 613 -1 -1 -1 0 
468 313 1509 1180 72 228 -1 -1 -1 0 
469 293 1473 1181 87 234 -1 -1 -1 0 
469 294 1418 1185 60 225 -1 -1 -1 0 
469 300 2280 1122 369 673 -1 -1 -1 0 
469 307 0 1189 552 358 -1 -1 -1 0 
469 310 3084 959 752 615 -1 -1 -1 0 
469 313 1509 1179 71 229 -1 -1 -1 0 
469 314 2789 1125 76 140 -1 -1 -1 0 
470 293 1473 1181 87 234 -1 -1 -1 0 
470 294 1418 1185 60 224 -1 -1 -1 0 
470 300 2270 1123 345 658 -1 -1 -1 0 
470 307 0 1185 601 358 -1 -1 -1 0 
470 310 3105 960 732 614 -1 -1 -1 0 
470 313 1508 1179 71 229 -1 -1 -1 0 
470 314 2787 1127 76 144 -1 -1 -1 0 
470 315 1242 1189 51 128 -1 -1 -1 0 
471 293 1474 1182 85 233 -1 -1 -1 0 
471 294 1419 1184 58 225 -1 -1 -1 0 
471 300 2268 1123 310 635 -1 -1 -1 0 
471 307 0 1183 644 370 -1 -1 -1 0 
471 310 3134 961 703 612 -1 -1 -1 0 
471 314 2785 1128 80 143 -1 -1 -1 0 
471 315 1243 1189 49 127 -1 -1 -1 0 
472 293 1473 1181 87 235 -1 -1 -1 0 
472 294 1419 1184 58 225 -1 -1 -1 0 
472 300 2225 1125 324 641 -1 -1 -1 0 
472 307 0 1182 671 375 -1 -1 -1 0 
472 310 3150 960 689 610 -1 -1 -1 0 
472 314 2781 1129 84 144 -1 -1 -1 0 
472 316 2660 1142 99 268 -1 -1 -1 0 
472 318 897 1170 91 262 -1 -1 -1 0 
473 293 1473 1181 87 235 -1 -1 -1 0 
473 294 1418 1185 60 224 -1 -1 -1 0 
473 300 2200 1124 321 635 -1 -1 -1 0 
473 307 0 1180 703 377 -1 -1 -1 0 
473 310 3167 960 671 609 -1 -1 -1 0 
473 314 2782 1131 83 142 -1 -1 -1 0 
473 316 2659 1141 101 268 -1 -1 -1 0 
473 318 897 1169 92 263 -1 -1 -1 0 
474 293 1472 1183 87 233 -1 -1 -1 0 
474 294 1419 1187 58 223 -1 -1 -1 0 
474 300 2196 1123 303 631 -1 -1 -1 0 
474 307 0 1181 720 373 -1 -1 -1 0 
474 310 3204 960 632 609 -1 -1 -1 0 
474 314 2781 1132 84 141 -1 -1 -1 0 
474 316 2660 1142 99 268 -1 -1 -1 0 
474 318 897 1170 91 258 -1 -1 -1 0 
475 293 1472 1182 85 233 -1 -1 -1 0 
475 294 1419 1187 58 223 -1 -1 -1 0 
475 300 2186 1108 291 619 -1 -1 -1 0 
475 307 0 1180 750 372 -1 -1 -1 0 
475 310 3227 960 611 608 -1 -1 -1 0 
475 316 2665 1144 96 266 -1 -1 -1 0 
475 318 902 1167 85 266 -1 -1 -1 0 
475 319 2517 1145 97 277 -1 -1 -1 0 
476 293 1471 1182 84 233 -1 -1 -1 0 
476 294 1418 1186 59 224 -1 -1 -1 0 
476 300 2142 1113 309 612 -1 -1 -1 0 
476 307 0 1179 785 369 -1 -1 -1 0 
476 310 3239 957 600 611 -1 -1 -1 0 
476 316 2668 1145 99 266 -1 -1 -1 0 
476 318 901 1168 86 278 -1 -1 -1 0 
476 319 2514 1146 99 279 -1 -1 -1 0 
476 322 3140 1153 114 280 -1 -1 -1 0 
477 293 1474 1185 71 231 -1 -1 -1 0 
477 294 1418 1186 59 224 -1 -1 -1 0 
477 300 2129 1117 282 603 -1 -1 -1 0 
477 307 3 1178 797 377 -1 -1 -1 0 
477 310 3255 954 584 612 -1 -1 -1 0 
477 316 2670 1147 100 263 -1 -1 -1 0 
477 318 900 1165 89 283 -1 -1 -1 0 
477 319 2513 1147 100 279 -1 -1 -1 0 
477 322 3148 1156 88 275 -1 -1 -1 0 
478 293 1474 1186 68 230 -1 -1 -1 0 
478 294 1418 1186 60 224 -1 -1 -1 0 
478 300 2081 1124 307 584 -1 -1 -1 0 
478 307 0 1184 831 375 -1 -1 -1 0 
478 310 3299 953 535 609 -1 -1 -1 0 
478 316 2668 1149 106 260 -1 -1 -1 0 
478 318 898 1162 91 283 -1 -1 -1 0 
478 319 2513 1146 100 280 -1 -1 -1 0 
478 322 3138 1162 88 265 -1 -1 -1 0 
479 293 1470 1184 83 231 -1 -1 -1 0 
479 294 1419 1186 58 224 -1 -1 -1 0 
479 300 2056 1128 298 574 -1 -1 -1 0 
479 307 7 1187 800 372 -1 -1 -1 0 
479 310 3332 955 504 604 -1 -1 -1 0 
479 316 2668 1150 105 258 -1 -1 -1 0 
479 318 900 1163 89 288 -1 -1 -1 0 
479 319 2511 1145 102 280 -1 -1 -1 0 
479 322 3128 1162 93 262 -1 -1 -1 0 
479 324 1518 1181 66 226 -1 -1 -1 0 
480 293 1475 1188 69 227 -1 -1 -1 0 
480 294 1418 1186 61 224 -1 -1 -1 0 
480 300 2035 1128 297 556 -1 -1 -1 0 
480 307 0 1183 872 380 -1 -1 -1 0 
480 310 3359 956 479 600 -1 -1 -1 0 
480 316 2672 1151 100 257 -1 -1 -1 0 
480 318 902 1164 86 291 -1 -1 -1 0 
480 319 2512 1145 100 279 -1 -1 -1 0 
480 322 3123 1163 84 264 -1 -1 -1 0 
480 324 1518 1182 67 225 -1 -1 -1 0 
480 325 3228 1158 78 244 -1 -1 -1 0 
481 293 1474 1189 70 226 -1 -1 -1 0 
481 294 1418 1186 61 223 -1 -1 -1 0 
481 300 2024 1131 290 555 -1 -1 -1 0 
481 307 6 1185 848 377 -1 -1 -1 0 
481 310 3380 956 459 594 -1 -1 -1 0 
481 316 2676 1156 100 252 -1 -1 -1 0 
481 318 901 1165 88 285 -1 -1 -1 0 
481 319 2511 1148 101 275 -1 -1 -1 0 
481 322 3114 1163 80 267 -1 -1 -1 0 
481 324 1518 1182 67 225 -1 -1 -1 0 
482 293 1472 1188 80 226 -1 -1 -1 0 
482 294 1418 1188 61 221 -1 -1 -1 0 
482 300 2013 1137 259 548 -1 -1 -1 0 
482 307 0 1196 921 369 -1 -1 -1 0 
482 310 3405 954 434 582 -1 -1 -1 0 
482 316 2681 1161 95 246 -1 -1 -1 0 
482 318 902 1167 87 275 -1 -1 -1 0 
482 319 2510 1149 101 273 -1 -1 -1 0 
482 322 3093 1163 99 269 -1 -1 -1 0 
483 293 1474 1186 80 228 -1 -1 -1 0 
483 294 1418 1186 61 223 -1 -1 -1 0 
483 300 1986 1135 258 572 -1 -1 -1 0 
483 307 0 1197 950 369 -1 -1 -1 0 
483 310 3433 948 406 575 -1 -1 -1 0 
483 316 2696 1170 86 239 -1 -1 -1 0 
483 318 900 1169 89 264 -1 -1 -1 0 
483 319 2515 1152 95 270 -1 -1 -1 0 
483 322 3069 1165 121 266 -1 -1 -1 0 
484 293 1473 1185 80 228 -1 -1 -1 0 
484 294 1418 1185 61 223 -1 -1 -1 0 
484 300 1963 1133 261 578 -1 -1 -1 0 
484 307 2 1198 972 371 -1 -1 -1 0 
484 310 3462 938 374 580 -1 -1 -1 0 
484 316 2700 1173 84 236 -1 -1 -1 0 
484 318 900 1169 89 263 -1 -1 -1 0 
484 319 2515 1152 95 269 -1 -1 -1 0 
485 293 1473 1185 80 228 -1 -1 -1 0 
485 294 1418 1183 61 225 -1 -1 -1 0 
485 300 1931 1132 271 569 -1 -1 -1 0 
485 307 6 1190 996 379 -1 -1 -1 0 
485 310 3489 938 348 581 -1 -1 -1 0 
485 319 2514 1152 97 269 -1 -1 -1 0 
485 322 3036 1168 152 264 -1 -1 -1 0 
485 326 3168 1141 77 274 -1 -1 -1 0 
486 293 1472 1185 82 228 -1 -1 -1 0 
486 294 1418 1181 61 228 -1 -1 -1 0 
486 300 1922 1130 251 564 -1 -1 -1 0 
486 307 6 1184 1030 382 -1 -1 -1 0 
486 310 3522 935 315 580 -1 -1 -1 0 
486 319 2514 1152 97 269 -1 -1 -1 0 
486 322 3029 1169 156 263 -1 -1 -1 0 
486 326 3170 1144 71 268 -1 -1 -1 0 
487 293 1473 1184 81 229 -1 -1 -1 0 
487 294 1418 1180 61 229 -1 -1 -1 0 
487 300 1882 1135 275 570 -1 -1 -1 0 
487 307 8 1177 1053 391 -1 -1 -1 0 
487 310 3546 933 293 562 -1 -1 -1 0 
487 319 2514 1153 96 267 -1 -1 -1 0 
487 322 3023 1169 157 265 -1 -1 -1 0 
487 326 3165 1146 78 259 -1 -1 -1 0 
488 293 1472 1184 83 229 -1 -1 -1 0 
488 294 1417 1179 63 230 -1 -1 -1 0 
488 300 1859 1135 272 579 -1 -1 -1 0 
488 307 2 1173 1089 396 -1 -1 -1 0 
488 310 3576 938 262 549 -1 -1 -1 0 
488 319 2515 1153 95 268 -1 -1 -1 0 
488 322 3020 1168 155 268 -1 -1 -1 0 
488 326 3158 1147 88 259 -1 -1 -1 0 
488 329 899 1176 381 317 -1 -1 -1 0 
489 293 1472 1184 83 229 -1 -1 -1 0 
489 294 1417 1178 63 231 -1 -1 -1 0 
489 300 1834 1150 272 546 -1 -1 -1 0 
489 307 0 1169 1117 398 -1 -1 -1 0 
489 310 3599 941 240 540 -1 -1 -1 0 
489 319 2514 1153 96 268 -1 -1 -1 0 
489 322 3019 1168 156 268 -1 -1 -1 0 
489 326 3161 1146 81 258 -1 -1 -1 0 
489 329 910 1176 368 313 -1 -1 -1 0 
490 293 1472 1184 83 229 -1 -1 -1 0 
490 294 1416 1178 64 231 -1 -1 -1 0 
490 300 1834 1145 241 544 -1 -1 -1 0 
490 307 4 1165 1135 402 -1 -1 -1 0 
490 310 3630 948 209 530 -1 -1 -1 0 
490 319 2514 1154 95 267 -1 -1 -1 0 
490 322 3018 1170 148 266 -1 -1 -1 0 
490 326 3157 1146 86 260 -1 -1 -1 0 
490 329 913 1176 365 311 -1 -1 -1 0 
491 293 1472 1184 85 229 -1 -1 -1 0 
491 294 1415 1178 65 230 -1 -1 -1 0 
491 300 1806 1141 259 551 -1 -1 -1 0 
491 307 6 1162 1166 405 -1 -1 -1 0 
491 310 3655 948 184 524 -1 -1 -1 0 
491 319 2514 1154 95 267 -1 -1 -1 0 
491 322 3026 1169 101 264 -1 -1 -1 0 
491 326 3154 1146 88 260 -1 -1 -1 0 
492 293 1473 1184 84 229 -1 -1 -1 0 
492 294 1415 1178 64 230 -1 -1 -1 0 
492 300 1782 1138 271 557 -1 -1 -1 0 
492 307 48 1161 1136 407 -1 -1 -1 0 
492 319 2514 1155 95 266 -1 -1 -1 0 
492 322 3016 1168 110 266 -1 -1 -1 0 
492 326 3155 1146 86 259 -1 -1 -1 0 
492 331 2597 1156 83 254 -1 -1 -1 0 
493 293 1473 1183 85 230 -1 -1 -1 0 
493 294 1415 1179 65 230 -1 -1 -1 0 
493 300 1761 1142 260 553 -1 -1 -1 0 
493 307 70 1165 1147 401 -1 -1 -1 0 
493 319 2513 1154 97 267 -1 -1 -1 0 
493 322 3007 1169 111 265 -1 -1 -1 0 
493 326 3155 1146 84 259 -1 -1 -1 0 
493 331 2595 1158 83 254 -1 -1 -1 0 
493 332 966 1176 316 309 -1 -1 -1 0 
494 293 1473 1182 87 231 -1 -1 -1 0 
494 294 1416 1181 63 228 -1 -1 -1 0 
494 300 1739 1155 263 529 -1 -1 -1 0 
494 307 111 1160 1127 404 -1 -1 -1 0 
494 319 2512 1155 98 266 -1 -1 -1 0 
494 322 2998 1167 113 269 -1 -1 -1 0 
494 326 3151 1146 90 260 -1 -1 -1 0 
494 332 958 1178 329 264 -1 -1 -1 0 
494 333 3647 1136 105 314 -1 -1 -1 0 
495 293 1475 1182 84 231 -1 -1 -1 0 
495 294 1416 1183 64 226 -1 -1 -1 0 
495 300 1722 1171 267 495 -1 -1 -1 0 
495 307 151 1157 1110 408 -1 -1 -1 0 
495 319 2512 1154 98 266 -1 -1 -1 0 
495 322 2985 1169 127 268 -1 -1 -1 0 
495 326 3149 1147 93 258 -1 -1 -1 0 
495 332 970 1178 309 249 -1 -1 -1 0 
495 333 3647 1133 109 318 -1 -1 -1 0 
496 293 1475 1180 88 233 -1 -1 -1 0 
496 294 1417 1183 63 226 -1 -1 -1 0 
496 300 1705 1161 261 509 -1 -1 -1 0 
496 307 176 1160 1119 403 -1 -1 -1 0 
496 319 2512 1154 97 266 -1 -1 -1 0 
496 322 2974 1174 123 261 -1 -1 -1 0 
496 326 3150 1144 92 263 -1 -1 -1 0 
496 333 3648 1132 109 320 -1 -1 -1 0 
496 334 2597 1155 82 255 -1 -1 -1 0 
496 335 2 1149 138 309 -1 -1 -1 0 
497 293 1474 1180 88 233 -1 -1 -1 0 
497 294 1416 1183 64 226 -1 -1 -1 0 
497 300 1660 1163 283 516 -1 -1 -1 0 
497 307 198 1162 1125 399 -1 -1 -1 0 
497 319 2512 1153 97 268 -1 -1 -1 0 
497 322 2953 1172 132 264 -1 -1 -1 0 
497 326 3153 1142 88 265 -1 -1 -1 0 
497 333 3648 1131 110 320 -1 -1 -1 0 
497 334 2597 1154 81 256 -1 -1 -1 0 
497 335 2 1152 140 307 -1 -1 -1 0 
498 293 1475 1181 85 231 -1 -1 -1 0 
498 294 1416 1183 64 226 -1 -1 -1 0 
498 300 1640 1150 268 529 -1 -1 -1 0 
498 307 434 1163 869 394 -1 -1 -1 0 
498 319 2511 1153 99 267 -1 -1 -1 0 
498 322 2933 1171 141 266 -1 -1 -1 0 
498 326 3152 1142 89 266 -1 -1 -1 0 
498 333 3648 1131 110 320 -1 -1 -1 0 
498 334 2596 1154 81 256 -1 -1 -1 0 
498 335 2 1152 140 309 -1 -1 -1 0 
499 293 1476 1179 87 233 -1 -1 -1 0 
499 294 1414 1184 66 224 -1 -1 -1 0 
499 300 1612 1169 286 494 -1 -1 -1 0 
499 307 478 1161 888 396 -1 -1 -1 0 
499 319 2511 1151 98 269 -1 -1 -1 0 
499 322 2925 1172 146 265 -1 -1 -1 0 
499 326 3149 1145 94 261 -1 -1 -1 0 
499 333 3648 1130 109 321 -1 -1 -1 0 
499 335 3 1153 140 306 -1 -1 -1 0 
500 293 1476 1177 93 234 -1 -1 -1 0 
500 294 1414 1185 66 221 -1 -1 -1 0 
500 300 1600 1157 275 504 -1 -1 -1 0 
500 307 501 1155 900 403 -1 -1 -1 0 
500 319 2512 1151 97 269 -1 -1 -1 0 
500 322 2922 1170 147 267 -1 -1 -1 0 
500 326 3150 1146 91 260 -1 -1 -1 0 
500 333 3648 1131 110 319 -1 -1 -1 0 
500 335 2 1150 137 310 -1 -1 -1 0 
501 293 1475 1174 101 239 -1 -1 -1 0 
501 294 1416 1185 62 221 -1 -1 -1 0 
501 300 1586 1163 281 502 -1 -1 -1 0 
501 307 501 1158 938 402 -1 -1 -1 0 
501 319 2512 1150 96 270 -1 -1 -1 0 
501 322 2912 1172 155 266 -1 -1 -1 0 
501 326 3151 1146 90 259 -1 -1 -1 0 
501 333 3648 1131 109 320 -1 -1 -1 0 
501 335 2 1141 137 319 -1 -1 -1 0 
502 293 1475 1172 104 244 -1 -1 -1 0 
502 294 1415 1183 67 216 -1 -1 -1 0 
502 300 1576 1154 271 510 -1 -1 -1 0 
502 307 504 1159 961 405 -1 -1 -1 0 
502 319 2511 1150 98 270 -1 -1 -1 0 
502 322 2906 1172 159 268 -1 -1 -1 0 
502 326 3153 1146 88 259 -1 -1 -1 0 
502 333 3649 1132 108 318 -1 -1 -1 0 
502 335 2 1144 135 317 -1 -1 -1 0 
503 293 1473 1170 109 250 -1 -1 -1 0 
503 294 1415 1180 67 189 -1 -1 -1 0 
503 300 1567 1156 261 510 -1 -1 -1 0 
503 307 506 1158 979 410 -1 -1 -1 0 
503 319 2512 1150 97 270 -1 -1 -1 0 
503 322 2903 1172 154 267 -1 -1 -1 0 
503 326 3154 1146 87 259 -1 -1 -1 0 
503 333 3648 1132 110 318 -1 -1 -1 0 
503 335 1 1149 130 312 -1 -1 -1 0 
503 339 2721 1146 101 262 -1 -1 -1 0 
504 293 1475 1167 109 235 -1 -1 -1 0 
504 294 1415 1180 69 167 -1 -1 -1 0 
504 300 1557 1145 243 515 -1 -1 -1 0 
504 307 492 1156 1028 413 -1 -1 -1 0 
504 319 2512 1150 97 270 -1 -1 -1 0 
504 322 2908 1175 143 263 -1 -1 -1 0 
504 326 3153 1146 88 259 -1 -1 -1 0 
504 333 3648 1133 110 317 -1 -1 -1 0 
504 335 2 1152 130 307 -1 -1 -1 0 
504 339 2720 1143 102 266 -1 -1 -1 0 
505 293 1474 1163 113 222 -1 -1 -1 0 
505 294 1415 1178 70 151 -1 -1 -1 0 
505 300 1544 1146 237 505 -1 -1 -1 0 
505 307 494 1155 1052 414 -1 -1 -1 0 
505 319 2512 1150 97 270 -1 -1 -1 0 
505 322 2900 1176 145 262 -1 -1 -1 0 
505 326 3152 1146 89 259 -1 -1 -1 0 
505 333 3649 1133 109 317 -1 -1 -1 0 
505 335 1 1152 131 307 -1 -1 -1 0 
505 339 2716 1140 108 271 -1 -1 -1 0 
506 293 1476 1163 105 185 -1 -1 -1 0 
506 294 1414 1178 71 138 -1 -1 -1 0 
506 300 1520 1148 254 501 -1 -1 -1 0 
506 307 499 1154 1067 414 -1 -1 -1 0 
506 319 2513 1150 96 270 -1 -1 -1 0 
506 326 3150 1147 92 258 -1 -1 -1 0 
506 333 3648 1133 110 318 -1 -1 -1 0 
506 335 1 1151 128 308 -1 -1 -1 0 
506 339 2719 1140 107 272 -1 -1 -1 0 
507 293 1479 1164 94 170 -1 -1 -1 0 
507 294 1411 1180 72 131 -1 -1 -1 0 
507 300 1506 1144 257 512 -1 -1 -1 0 
507 307 510 1154 1052 416 -1 -1 -1 0 
507 319 2513 1150 96 270 -1 -1 -1 0 
507 326 3149 1147 93 259 -1 -1 -1 0 
507 333 3649 1133 109 318 -1 -1 -1 0 
507 335 3 1151 122 307 -1 -1 -1 0 
507 339 2722 1141 108 274 -1 -1 -1 0 
508 293 1481 1171 85 152 -1 -1 -1 0 
508 294 1412 1180 70 123 -1 -1 -1 0 
508 300 1492 1145 245 519 -1 -1 -1 0 
508 307 536 1155 1010 413 -1 -1 -1 0 
508 319 2513 1150 97 270 -1 -1 -1 0 
508 326 3149 1148 92 258 -1 -1 -1 0 
508 333 3648 1133 110 318 -1 -1 -1 0 
508 335 2 1150 120 308 -1 -1 -1 0 
508 339 2724 1143 107 274 -1 -1 -1 0 
508 342 2663 1144 72 255 -1 -1 -1 0 
509 293 1483 1171 82 144 -1 -1 -1 0 
509 300 1464 1144 250 519 -1 -1 -1 0 
509 307 557 1156 981 415 -1 -1 -1 0 
509 319 2512 1150 98 269 -1 -1 -1 0 
509 326 3149 1149 92 257 -1 -1 -1 0 
509 333 3647 1133 111 318 -1 -1 -1 0 
509 335 0 1152 130 306 -1 -1 -1 0 
509 339 2728 1143 105 274 -1 -1 -1 0 
510 300 1443 1147 251 500 -1 -1 -1 0 
510 307 585 1156 978 417 -1 -1 -1 0 
510 319 2513 1150 96 269 -1 -1 -1 0 
510 326 3148 1150 94 256 -1 -1 -1 0 
510 333 3648 1133 110 318 -1 -1 -1 0 
510 335 0 1142 129 318 -1 -1 -1 0 
510 339 2734 1143 100 275 -1 -1 -1 0 
510 342 2661 1145 73 253 -1 -1 -1 0 
511 300 1429 1147 247 485 -1 -1 -1 0 
511 307 628 1156 944 415 -1 -1 -1 0 
511 319 2513 1150 95 269 -1 -1 -1 0 
511 326 3149 1151 92 255 -1 -1 -1 0 
511 333 3648 1133 110 318 -1 -1 -1 0 
511 335 2 1145 115 313 -1 -1 -1 0 
511 339 2738 1143 99 274 -1 -1 -1 0 
512 300 1416 1148 239 497 -1 -1 -1 0 
512 307 650 1156 941 415 -1 -1 -1 0 
512 319 2513 1149 94 269 -1 -1 -1 0 
512 326 3150 1151 90 255 -1 -1 -1 0 
512 333 3649 1132 108 319 -1 -1 -1 0 
512 335 0 1150 116 308 -1 -1 -1 0 
512 339 2739 1142 100 275 -1 -1 -1 0 
513 300 1395 1145 263 506 -1 -1 -1 0 
513 319 2511 1147 95 272 -1 -1 -1 0 
513 326 3147 1153 94 253 -1 -1 -1 0 
513 333 3650 1131 106 323 -1 -1 -1 0 
513 335 0 1154 113 303 -1 -1 -1 0 
513 339 2740 1142 104 275 -1 -1 -1 0 
513 346 2660 1145 81 254 -1 -1 -1 0 
513 347 2827 1166 125 268 -1 -1 -1 0 
514 300 1380 1141 271 511 -1 -1 -1 0 
514 319 2510 1147 95 272 -1 -1 -1 0 
514 326 3145 1154 96 251 -1 -1 -1 0 
514 333 3650 1131 107 323 -1 -1 -1 0 
514 335 0 1158 117 300 -1 -1 -1 0 
514 339 2740 1145 102 268 -1 -1 -1 0 
514 346 2661 1144 79 256 -1 -1 -1 0 
514 347 2811 1168 142 269 -1 -1 -1 0 
515 300 1370 1143 241 479 -1 -1 -1 0 
515 319 2510 1147 94 272 -1 -1 -1 0 
515 326 3144 1154 97 251 -1 -1 -1 0 
515 333 3650 1131 107 324 -1 -1 -1 0 
515 335 1 1157 109 301 -1 -1 -1 0 
515 339 2738 1145 104 270 -1 -1 -1 0 
515 346 2661 1143 81 257 -1 -1 -1 0 
515 347 2805 1166 149 273 -1 -1 -1 0 
515 348 755 1158 1014 402 -1 -1 -1 0 
516 300 1353 1143 240 475 -1 -1 -1 0 
516 319 2509 1147 95 272 -1 -1 -1 0 
516 326 3143 1153 97 252 -1 -1 -1 0 
516 333 3650 1131 106 325 -1 -1 -1 0 
516 335 0 1156 110 300 -1 -1 -1 0 
516 339 2740 1147 99 271 -1 -1 -1 0 
516 346 2662 1145 78 256 -1 -1 -1 0 
516 347 2803 1169 148 270 -1 -1 -1 0 
517 319 2510 1147 94 273 -1 -1 -1 0 
517 326 3144 1152 95 253 -1 -1 -1 0 
517 333 3651 1131 106 325 -1 -1 -1 0 
517 335 0 1156 110 299 -1 -1 -1 0 
517 339 2742 1147 98 272 -1 -1 -1 0 
517 346 2661 1146 80 255 -1 -1 -1 0 
517 347 2798 1168 146 270 -1 -1 -1 0 
517 348 825 1156 1050 417 -1 -1 -1 0 
518 319 2509 1147 95 273 -1 -1 -1 0 
518 326 3143 1152 96 253 -1 -1 -1 0 
518 333 3650 1131 107 324 -1 -1 -1 0 
518 335 0 1156 112 301 -1 -1 -1 0 
518 346 2660 1149 83 252 -1 -1 -1 0 
518 347 2789 1167 153 268 -1 -1 -1 0 
518 348 849 1153 1057 418 -1 -1 -1 0 
519 319 2508 1147 96 273 -1 -1 -1 0 
519 326 3145 1153 94 252 -1 -1 -1 0 
519 333 3650 1131 106 324 -1 -1 -1 0 
519 335 0 1144 110 313 -1 -1 -1 0 
519 346 2661 1149 82 252 -1 -1 -1 0 
519 347 2785 1156 153 277 -1 -1 -1 0 
519 348 878 1152 1065 421 -1 -1 -1 0 
519 349 2597 1155 81 254 -1 -1 -1 0 
520 319 2509 1147 93 273 -1 -1 -1 0 
520 326 3148 1152 91 253 -1 -1 -1 0 
520 333 3650 1131 106 324 -1 -1 -1 0 
520 335 0 1146 110 310 -1 -1 -1 0 
520 346 2660 1149 84 250 -1 -1 -1 0 
520 347 2772 1159 148 272 -1 -1 -1 0 
520 349 2596 1155 82 252 -1 -1 -1 0 
520 350 1314 1142 270 482 -1 -1 -1 0 
521 319 2508 1147 95 273 -1 -1 -1 0 
521 326 3151 1151 87 254 -1 -1 -1 0 
521 333 3649 1130 108 325 -1 -1 -1 0 
521 335 0 1152 107 304 -1 -1 -1 0 
521 346 2659 1148 83 250 -1 -1 -1 0 
521 347 2770 1159 95 271 -1 -1 -1 0 
521 349 2597 1156 79 250 -1 -1 -1 0 
521 350 1308 1139 241 498 -1 -1 -1 0 
522 319 2509 1148 93 270 -1 -1 -1 0 
522 326 3153 1151 85 254 -1 -1 -1 0 
522 333 3649 1130 108 325 -1 -1 -1 0 
522 335 0 1148 107 308 -1 -1 -1 0 
522 346 2661 1147 81 251 -1 -1 -1 0 
522 347 2755 1144 98 290 -1 -1 -1 0 
522 349 2594 1155 81 251 -1 -1 -1 0 
522 350 1294 1139 240 453 -1 -1 -1 0 
523 319 2509 1148 94 270 -1 -1 -1 0 
523 326 3153 1151 85 254 -1 -1 -1 0 
523 333 3650 1130 107 325 -1 -1 -1 0 
523 335 0 1146 107 310 -1 -1 -1 0 
523 346 2661 1147 81 250 -1 -1 -1 0 
523 347 2749 1139 101 296 -1 -1 -1 0 
523 349 2594 1155 80 251 -1 -1 -1 0 
523 350 1294 1140 231 435 -1 -1 -1 0 
523 351 971 1153 1066 412 -1 -1 -1 0 
524 319 2510 1148 93 270 -1 -1 -1 0 
524 326 3153 1151 86 254 -1 -1 -1 0 
524 333 3650 1130 107 325 -1 -1 -1 0 
524 335 0 1151 110 304 -1 -1 -1 0 
524 346 2664 1146 82 250 -1 -1 -1 0 
524 347 2750 1144 99 292 -1 -1 -1 0 
524 349 2594 1155 82 251 -1 -1 -1 0 
524 350 1287 1149 248 430 -1 -1 -1 0 
524 351 976 1150 1091 408 -1 -1 -1 0 
524 352 899 1165 84 284 -1 -1 -1 0 
525 319 2510 1148 93 270 -1 -1 -1 0 
525 326 3153 1150 86 255 -1 -1 -1 0 
525 333 3649 1130 109 325 -1 -1 -1 0 
525 335 0 1153 108 303 -1 -1 -1 0 
525 346 2666 1149 81 245 -1 -1 -1 0 
525 347 2740 1161 103 276 -1 -1 -1 0 
525 349 2594 1154 80 252 -1 -1 -1 0 
525 350 1280 1148 207 433 -1 -1 -1 0 
525 351 1000 1145 1093 412 -1 -1 -1 0 
525 352 898 1164 86 283 -1 -1 -1 0 
526 319 2510 1148 93 269 -1 -1 -1 0 
526 326 3152 1150 87 255 -1 -1 -1 0 
526 333 3649 1130 109 326 -1 -1 -1 0 
526 335 0 1155 106 302 -1 -1 -1 0 
526 346 2669 1153 79 239 -1 -1 -1 0 
526 347 2732 1166 107 269 -1 -1 -1 0 
526 349 2594 1154 77 253 -1 -1 -1 0 
526 350 1265 1141 222 467 -1 -1 -1 0 
526 351 1052 1144 1067 408 -1 -1 -1 0 
526 352 897 1164 87 279 -1 -1 -1 0 
527 319 2510 1147 94 270 -1 -1 -1 0 
527 326 3150 1150 89 255 -1 -1 -1 0 
527 333 3649 1130 108 326 -1 -1 -1 0 
527 335 0 1155 106 303 -1 -1 -1 0 
527 346 2670 1156 76 237 -1 -1 -1 0 
527 347 2714 1166 122 268 -1 -1 -1 0 
527 349 2592 1154 79 254 -1 -1 -1 0 
527 350 1255 1137 226 450 -1 -1 -1 0 
527 351 1090 1142 1064 411 -1 -1 -1 0 
527 352 898 1162 86 281 -1 -1 -1 0 
528 319 2510 1146 93 271 -1 -1 -1 0 
528 326 3150 1151 88 254 -1 -1 -1 0 
528 333 3649 1130 108 326 -1 -1 -1 0 
528 335 0 1157 108 302 -1 -1 -1 0 
528 346 2671 1158 73 242 -1 -1 -1 0 
528 347 2699 1163 136 270 -1 -1 -1 0 
528 349 2591 1152 79 256 -1 -1 -1 0 
528 350 1245 1136 225 446 -1 -1 -1 0 
528 351 1105 1144 1092 406 -1 -1 -1 0 
529 319 2509 1144 95 273 -1 -1 -1 0 
529 326 3149 1152 89 253 -1 -1 -1 0 
529 333 3649 1130 109 326 -1 -1 -1 0 
529 335 0 1156 107 303 -1 -1 -1 0 
529 346 2670 1153 76 250 -1 -1 -1 0 
529 347 2726 1148 119 281 -1 -1 -1 0 
529 349 2591 1148 79 258 -1 -1 -1 0 
529 351 1119 1147 1115 402 -1 -1 -1 0 
529 352 897 1161 88 274 -1 -1 -1 0 
530 319 2509 1144 94 273 -1 -1 -1 0 
530 326 3150 1152 87 253 -1 -1 -1 0 
530 333 3650 1130 108 326 -1 -1 -1 0 
530 335 0 1156 107 303 -1 -1 -1 0 
530 346 2671 1155 79 260 -1 -1 -1 0 
530 347 2747 1146 103 283 -1 -1 -1 0 
530 349 2591 1147 79 257 -1 -1 -1 0 
530 351 1181 1148 1073 405 -1 -1 -1 0 
530 352 898 1162 87 274 -1 -1 -1 0 
531 319 2509 1145 94 272 -1 -1 -1 0 
531 326 3149 1152 89 253 -1 -1 -1 0 
531 333 3649 1130 109 326 -1 -1 -1 0 
531 335 0 1156 108 303 -1 -1 -1 0 
531 346 2672 1155 79 262 -1 -1 -1 0 
531 347 2757 1141 97 285 -1 -1 -1 0 
531 349 2594 1145 75 259 -1 -1 -1 0 
531 351 1143 1148 1167 407 -1 -1 -1 0 
531 352 898 1161 87 274 -1 -1 -1 0 
531 353 1230 1131 199 473 -1 -1 -1 0 
532 319 2510 1145 92 272 -1 -1 -1 0 
532 326 3149 1152 89 253 -1 -1 -1 0 
532 333 3650 1130 108 325 -1 -1 -1 0 
532 335 0 1151 110 308 -1 -1 -1 0 
532 347 2757 1137 101 286 -1 -1 -1 0 
532 349 2592 1148 79 256 -1 -1 -1 0 
532 351 1084 1148 1265 409 -1 -1 -1 0 
532 352 897 1163 88 269 -1 -1 -1 0 
532 353 1209 1145 215 466 -1 -1 -1 0 
532 354 2288 1164 82 203 -1 -1 -1 0 
533 319 2509 1145 94 272 -1 -1 -1 0 
533 326 3148 1152 90 253 -1 -1 -1 0 
533 333 3651 1130 107 325 -1 -1 -1 0 
533 335 0 1150 108 310 -1 -1 -1 0 
533 347 2759 1139 99 284 -1 -1 -1 0 
533 349 2594 1145 73 259 -1 -1 -1 0 
533 351 1279 1150 1046 411 -1 -1 -1 0 
533 352 897 1165 88 266 -1 -1 -1 0 
533 353 1202 1150 217 461 -1 -1 -1 0 
533 354 2292 1163 82 195 -1 -1 -1 0 
534 319 2508 1146 95 271 -1 -1 -1 0 
534 326 3147 1152 91 253 -1 -1 -1 0 
534 333 3650 1130 108 325 -1 -1 -1 0 
534 335 0 1155 106 304 -1 -1 -1 0 
534 347 2757 1142 101 282 -1 -1 -1 0 
534 349 2595 1146 70 260 -1 -1 -1 0 
534 351 1342 1151 1041 408 -1 -1 -1 0 
534 352 898 1165 86 265 -1 -1 -1 0 
534 353 1213 1139 198 457 -1 -1 -1 0 
534 354 2294 1162 87 181 -1 -1 -1 0 
535 319 2508 1146 94 272 -1 -1 -1 0 
535 326 3147 1153 91 252 -1 -1 -1 0 
535 333 3651 1130 107 325 -1 -1 -1 0 
535 335 0 1156 106 303 -1 -1 -1 0 
535 347 2756 1145 101 276 -1 -1 -1 0 
535 349 2595 1147 71 257 -1 -1 -1 0 
535 351 1368 1152 1080 405 -1 -1 -1 0 
535 352 898 1164 86 267 -1 -1 -1 0 
535 353 1194 1145 214 411 -1 -1 -1 0 
535 354 2293 1159 91 170 -1 -1 -1 0 
536 319 2509 1145 93 274 -1 -1 -1 0 
536 326 3145 1153 93 252 -1 -1 -1 0 
536 333 3650 1129 109 326 -1 -1 -1 0 
536 335 0 1156 102 303 -1 -1 -1 0 
536 347 2751 1144 105 276 -1 -1 -1 0 
536 349 2595 1145 73 259 -1 -1 -1 0 
536 351 1411 1150 1066 405 -1 -1 -1 0 
536 352 898 1164 86 271 -1 -1 -1 0 
536 353 1192 1150 193 381 -1 -1 -1 0 
536 354 2290 1157 99 163 -1 -1 -1 0 
537 319 2509 1145 93 274 -1 -1 -1 0 
537 326 3145 1153 92 252 -1 -1 -1 0 
537 333 3649 1129 111 326 -1 -1 -1 0 
537 335 0 1152 103 307 -1 -1 -1 0 
537 347 2753 1146 100 271 -1 -1 -1 0 
537 349 2596 1147 71 257 -1 -1 -1 0 
537 351 1466 1152 1037 406 -1 -1 -1 0 
537 352 897 1165 88 272 -1 -1 -1 0 
537 353 1190 1150 190 380 -1 -1 -1 0 
537 354 2297 1158 96 157 -1 -1 -1 0 
538 319 2509 1146 92 273 -1 -1 -1 0 
538 326 3145 1153 92 252 -1 -1 -1 0 
538 333 3650 1129 110 326 -1 -1 -1 0 
538 335 0 1150 102 310 -1 -1 -1 0 
538 347 2748 1145 105 272 -1 -1 -1 0 
538 349 2596 1153 69 250 -1 -1 -1 0 
538 351 1503 1150 1029 408 -1 -1 -1 0 
538 352 898 1166 86 273 -1 -1 -1 0 
538 353 1188 1150 185 379 -1 -1 -1 0 
538 354 2302 1156 91 149 -1 -1 -1 0 
538 357 2655 1163 84 268 -1 -1 -1 0 
539 319 2510 1148 93 253 -1 -1 -1 0 
539 326 3145 1153 92 252 -1 -1 -1 0 
539 333 3650 1129 109 326 -1 -1 -1 0 
539 335 0 1149 103 311 -1 -1 -1 0 
539 347 2750 1146 102 272 -1 -1 -1 0 
539 349 2596 1154 64 243 -1 -1 -1 0 
539 351 1527 1148 1044 410 -1 -1 -1 0 
539 352 897 1166 88 273 -1 -1 -1 0 
539 353 1195 1151 167 371 -1 -1 -1 0 
539 357 2646 1164 93 267 -1 -1 -1 0 
539 358 1410 1180 74 233 -1 -1 -1 0 
540 319 2510 1147 94 226 -1 -1 -1 0 
540 326 3146 1152 92 253 -1 -1 -1 0 
540 333 3649 1128 111 327 -1 -1 -1 0 
540 335 0 1152 98 308 -1 -1 -1 0 
540 347 2752 1145 100 274 -1 -1 -1 0 
540 349 2596 1154 62 242 -1 -1 -1 0 
540 351 1568 1149 1039 409 -1 -1 -1 0 
540 352 897 1166 88 271 -1 -1 -1 0 
540 353 1191 1153 163 363 -1 -1 -1 0 
540 357 2633 1167 97 263 -1 -1 -1 0 
541 319 2507 1148 98 192 -1 -1 -1 0 
541 326 3147 1152 92 253 -1 -1 -1 0 
541 333 3650 1129 110 326 -1 -1 -1 0 
541 335 0 1154 97 304 -1 -1 -1 0 
541 347 2744 1144 109 275 -1 -1 -1 0 
541 351 1604 1147 1043 412 -1 -1 -1 0 
541 352 897 1167 88 270 -1 -1 -1 0 
541 357 2634 1164 105 264 -1 -1 -1 0 
541 358 1408 1185 78 229 -1 -1 -1 0 
541 359 1485 1185 95 231 -1 -1 -1 0 
542 319 2508 1149 96 169 -1 -1 -1 0 
542 326 3148 1152 90 253 -1 -1 -1 0 
542 333 3650 1130 111 325 -1 -1 -1 0 
542 335 0 1154 98 306 -1 -1 -1 0 
542 347 2748 1146 102 273 -1 -1 -1 0 
542 351 1629 1148 1059 415 -1 -1 -1 0 
542 352 897 1167 88 269 -1 -1 -1 0 
542 357 2667 1161 76 247 -1 -1 -1 0 
542 358 1408 1186 77 227 -1 -1 -1 0 
542 359 1485 1184 97 234 -1 -1 -1 0 
543 319 2511 1148 91 160 -1 -1 -1 0 
543 326 3149 1151 89 254 -1 -1 -1 0 
543 333 3651 1132 110 323 -1 -1 -1 0 
543 335 0 1157 98 303 -1 -1 -1 0 
543 347 2751 1148 99 269 -1 -1 -1 0 
543 351 1675 1146 1047 417 -1 -1 -1 0 
543 352 898 1167 86 268 -1 -1 -1 0 
543 357 2672 1156 76 225 -1 -1 -1 0 
543 358 1409 1186 76 226 -1 -1 -1 0 
543 359 1485 1183 98 235 -1 -1 -1 0 
544 319 2512 1146 92 152 -1 -1 -1 0 
544 326 3150 1148 87 257 -1 -1 -1 0 
544 333 3650 1132 110 322 -1 -1 -1 0 
544 335 0 1157 98 303 -1 -1 -1 0 
544 347 2752 1152 98 264 -1 -1 -1 0 
544 351 1705 1148 1057 413 -1 -1 -1 0 
544 352 897 1169 88 268 -1 -1 -1 0 
544 357 2671 1150 77 189 -1 -1 -1 0 
544 358 1412 1181 70 229 -1 -1 -1 0 
544 359 1484 1180 100 239 -1 -1 -1 0 
544 361 1157 1153 170 373 -1 -1 -1 0 
545 319 2516 1143 87 150 -1 -1 -1 0 
545 326 3150 1147 87 258 -1 -1 -1 0 
545 333 3651 1132 108 322 -1 -1 -1 0 
545 347 2764 1151 86 260 -1 -1 -1 0 
545 351 1728 1147 1080 410 -1 -1 -1 0 
545 352 896 1170 89 266 -1 -1 -1 0 
545 357 2667 1145 76 170 -1 -1 -1 0 
545 358 1413 1180 69 230 -1 -1 -1 0 
545 359 1483 1180 101 239 -1 -1 -1 0 
545 361 1147 1157 173 369 -1 -1 -1 0 
546 319 2518 1143 87 141 -1 -1 -1 0 
546 326 3148 1146 89 259 -1 -1 -1 0 
546 333 3651 1132 107 321 -1 -1 -1 0 
546 347 2765 1151 85 259 -1 -1 -1 0 
546 351 1781 1146 1056 411 -1 -1 -1 0 
546 352 896 1171 89 265 -1 -1 -1 0 
546 357 2663 1141 76 168 -1 -1 -1 0 
546 358 1412 1180 70 230 -1 -1 -1 0 
546 359 1483 1181 101 237 -1 -1 -1 0 
546 361 1135 1161 174 371 -1 -1 -1 0 
546 363 3232 1162 74 245 -1 -1 -1 0 
547 319 2520 1142 83 133 -1 -1 -1 0 
547 326 3148 1146 89 259 -1 -1 -1 0 
547 333 3651 1133 108 320 -1 -1 -1 0 
547 351 1815 1147 1063 411 -1 -1 -1 0 
547 352 896 1171 89 263 -1 -1 -1 0 
547 357 2660 1139 78 164 -1 -1 -1 0 
547 358 1412 1181 70 228 -1 -1 -1 0 
547 359 1482 1181 101 237 -1 -1 -1 0 
547 361 1135 1154 166 397 -1 -1 -1 0 
547 363 3231 1162 76 245 -1 -1 -1 0 
548 326 3148 1146 89 259 -1 -1 -1 0 
548 333 3652 1133 107 320 -1 -1 -1 0 
548 351 1862 1146 1049 412 -1 -1 -1 0 
548 352 897 1170 88 264 -1 -1 -1 0 
548 357 2655 1137 85 158 -1 -1 -1 0 
548 358 1413 1181 68 228 -1 -1 -1 0 
548 359 1482 1183 100 235 -1 -1 -1 0 
548 361 1124 1154 175 404 -1 -1 -1 0 
548 363 3231 1163 76 244 -1 -1 -1 0 
549 326 3148 1146 89 259 -1 -1 -1 0 
549 333 3652 1134 107 318 -1 -1 -1 0 
549 351 1897 1148 1061 407 -1 -1 -1 0 
549 352 898 1170 86 264 -1 -1 -1 0 
549 357 2656 1135 84 150 -1 -1 -1 0 
549 358 1413 1179 67 230 -1 -1 -1 0 
549 359 1482 1183 97 234 -1 -1 -1 0 
549 361 1121 1156 175 400 -1 -1 -1 0 
549 363 3232 1163 75 243 -1 -1 -1 0 
549 365 1884 1142 1062 411 -1 -1 -1 0 
550 326 3149 1146 88 260 -1 -1 -1 0 
550 333 3652 1135 106 316 -1 -1 -1 0 
550 351 1932 1148 1071 404 -1 -1 -1 0 
550 352 898 1170 86 266 -1 -1 -1 0 
550 357 2652 1134 93 129 -1 -1 -1 0 
550 358 1412 1179 69 230 -1 -1 -1 0 
550 359 1482 1185 93 232 -1 -1 -1 0 
550 361 1119 1162 176 391 -1 -1 -1 0 
550 363 3232 1163 74 243 -1 -1 -1 0 
550 365 1905 1141 1062 410 -1 -1 -1 0 
551 326 3149 1146 87 260 -1 -1 -1 0 
551 333 3651 1135 107 316 -1 -1 -1 0 
551 351 1957 1147 1090 402 -1 -1 -1 0 
551 352 898 1171 86 263 -1 -1 -1 0 
551 357 2655 1132 87 118 -1 -1 -1 0 
551 358 1413 1181 67 229 -1 -1 -1 0 
551 359 1481 1186 91 231 -1 -1 -1 0 
551 361 1118 1167 176 376 -1 -1 -1 0 
552 326 3149 1146 88 260 -1 -1 -1 0 
552 333 3652 1136 106 314 -1 -1 -1 0 
552 351 2017 1145 1055 407 -1 -1 -1 0 
552 352 899 1170 84 267 -1 -1 -1 0 
552 358 1412 1182 68 228 -1 -1 -1 0 
552 359 1480 1184 94 232 -1 -1 -1 0 
552 361 1116 1169 174 379 -1 -1 -1 0 
552 363 3231 1163 75 243 -1 -1 -1 0 
553 326 3148 1146 90 260 -1 -1 -1 0 
553 333 3652 1136 106 314 -1 -1 -1 0 
553 351 2050 1147 1074 403 -1 -1 -1 0 
553 352 900 1170 83 270 -1 -1 -1 0 
553 358 1412 1182 68 228 -1 -1 -1 0 
553 359 1479 1181 96 235 -1 -1 -1 0 
553 361 1111 1168 181 366 -1 -1 -1 0 
553 363 3232 1164 74 242 -1 -1 -1 0 
554 326 3147 1146 91 258 -1 -1 -1 0 
554 333 3652 1137 106 314 -1 -1 -1 0 
554 351 2085 1149 1083 400 -1 -1 -1 0 
554 352 900 1170 83 270 -1 -1 -1 0 
554 358 1412 1182 68 227 -1 -1 -1 0 
554 359 1477 1179 100 237 -1 -1 -1 0 
554 361 1112 1170 173 353 -1 -1 -1 0 
555 326 3151 1144 85 251 -1 -1 -1 0 
555 333 3653 1137 105 314 -1 -1 -1 0 
555 351 2137 1149 1068 404 -1 -1 -1 0 
555 358 1412 1182 69 227 -1 -1 -1 0 
555 359 1477 1178 101 238 -1 -1 -1 0 
555 361 1110 1167 168 365 -1 -1 -1 0 
555 363 3231 1165 75 241 -1 -1 -1 0 
556 326 3146 1148 89 198 -1 -1 -1 0 
556 333 3653 1137 105 314 -1 -1 -1 0 
556 351 2171 1151 1082 400 -1 -1 -1 0 
556 358 1413 1182 67 227 -1 -1 -1 0 
556 359 1477 1177 102 238 -1 -1 -1 0 
556 361 1109 1164 168 365 -1 -1 -1 0 
556 363 3230 1164 78 238 -1 -1 -1 0 
557 326 3145 1148 88 174 -1 -1 -1 0 
557 333 3653 1138 104 314 -1 -1 -1 0 
557 351 2210 1149 1083 403 -1 -1 -1 0 
557 358 1413 1182 66 227 -1 -1 -1 0 
557 359 1478 1176 99 239 -1 -1 -1 0 
557 361 1102 1168 176 355 -1 -1 -1 0 
557 363 3230 1164 78 238 -1 -1 -1 0 
558 326 3150 1143 82 166 -1 -1 -1 0 
558 333 3653 1139 105 313 -1 -1 -1 0 
558 351 2250 1144 1079 405 -1 -1 -1 0 
558 358 1413 1180 66 230 -1 -1 -1 0 
558 359 1478 1176 98 238 -1 -1 -1 0 
558 361 1098 1171 179 346 -1 -1 -1 0 
558 370 898 1172 87 263 -1 -1 -1 0 
559 326 3150 1142 83 157 -1 -1 -1 0 
559 333 3653 1139 104 313 -1 -1 -1 0 
559 351 2274 1143 1105 406 -1 -1 -1 0 
559 358 1413 1179 66 231 -1 -1 -1 0 
559 359 1477 1177 97 237 -1 -1 -1 0 
559 361 1101 1181 174 333 -1 -1 -1 0 
559 370 899 1173 86 256 -1 -1 -1 0 
559 371 0 944 301 1190 -1 -1 -1 0 
560 326 3160 1141 71 152 -1 -1 -1 0 
560 333 3653 1140 104 311 -1 -1 -1 0 
560 351 2313 1140 1102 410 -1 -1 -1 0 
560 358 1412 1178 68 232 -1 -1 -1 0 
560 359 1476 1177 99 236 -1 -1 -1 0 
560 361 1101 1183 171 333 -1 -1 -1 0 
560 370 900 1173 84 255 -1 -1 -1 0 
560 371 0 955 316 1165 -1 -1 -1 0 
561 326 3167 1143 64 137 -1 -1 -1 0 
561 333 3654 1139 103 312 -1 -1 -1 0 
561 351 2343 1139 1119 415 -1 -1 -1 0 
561 358 1413 1178 66 232 -1 -1 -1 0 
561 359 1475 1179 99 234 -1 -1 -1 0 
561 361 1103 1184 163 345 -1 -1 -1 0 
561 370 900 1172 83 257 -1 -1 -1 0 
561 371 0 960 344 1176 -1 -1 -1 0 
562 326 3171 1144 59 121 -1 -1 -1 0 
562 333 3654 1139 104 312 -1 -1 -1 0 
562 351 2364 1138 1143 416 -1 -1 -1 0 
562 358 1413 1178 67 231 -1 -1 -1 0 
562 359 1476 1180 97 234 -1 -1 -1 0 
562 361 1103 1184 164 352 -1 -1 -1 0 
562 370 900 1172 83 256 -1 -1 -1 0 
562 371 0 965 402 1169 -1 -1 -1 0 
563 326 3176 1143 56 109 -1 -1 -1 0 
563 333 3654 1139 103 313 -1 -1 -1 0 
563 351 2392 1136 1156 418 -1 -1 -1 0 
563 358 1413 1179 67 231 -1 -1 -1 0 
563 359 1475 1181 98 233 -1 -1 -1 0 
563 361 1103 1183 166 359 -1 -1 -1 0 
563 371 0 969 469 1166 -1 -1 -1 0 
563 372 2236 1192 74 231 -1 -1 -1 0 
564 326 3179 1143 52 98 -1 -1 -1 0 
564 333 3653 1139 105 312 -1 -1 -1 0 
564 351 2415 1134 1190 425 -1 -1 -1 0 
564 358 1412 1179 68 231 -1 -1 -1 0 
564 359 1474 1183 93 230 -1 -1 -1 0 
564 361 1104 1184 166 370 -1 -1 -1 0 
564 371 0 967 509 1167 -1 -1 -1 0 
565 333 3653 1139 105 310 -1 -1 -1 0 
565 351 2500 1129 1132 430 -1 -1 -1 0 
565 358 1412 1179 67 231 -1 -1 -1 0 
565 359 1472 1186 91 227 -1 -1 -1 0 
565 361 1109 1184 161 365 -1 -1 -1 0 
565 371 10 957 542 1173 -1 -1 -1 0 
565 372 2244 1185 69 236 -1 -1 -1 0 
566 333 3656 1139 102 311 -1 -1 -1 0 
566 351 2529 1137 1159 423 -1 -1 -1 0 
566 358 1413 1179 65 231 -1 -1 -1 0 
566 359 1472 1186 87 227 -1 -1 -1 0 
566 361 1121 1189 143 338 -1 -1 -1 0 
566 371 67 944 515 1192 -1 -1 -1 0 
566 372 2241 1182 71 239 -1 -1 -1 0 
567 333 3654 1140 106 257 -1 -1 -1 0 
567 351 2564 1133 1168 425 -1 -1 -1 0 
567 358 1414 1178 64 232 -1 -1 -1 0 
567 359 1470 1186 90 227 -1 -1 -1 0 
567 361 1121 1186 151 356 -1 -1 -1 0 
567 371 117 938 517 1203 -1 -1 -1 0 
567 372 2243 1182 70 237 -1 -1 -1 0 
568 333 3653 1140 105 211 -1 -1 -1 0 
568 351 2608 1136 1176 419 -1 -1 -1 0 
568 358 1413 1178 65 232 -1 -1 -1 0 
568 359 1471 1186 90 227 -1 -1 -1 0 
568 361 1122 1187 149 356 -1 -1 -1 0 
568 371 176 935 496 1207 -1 -1 -1 0 
569 333 3655 1139 100 189 -1 -1 -1 0 
569 351 2651 1133 1170 427 -1 -1 -1 0 
569 358 1414 1176 63 233 -1 -1 -1 0 
569 359 1471 1186 87 227 -1 -1 -1 0 
569 371 233 930 477 1213 -1 -1 -1 0 
569 376 2478 1178 87 237 -1 -1 -1 0 
570 333 3656 1137 96 171 -1 -1 -1 0 
570 351 2690 1131 1149 431 -1 -1 -1 0 
570 358 1414 1175 63 234 -1 -1 -1 0 
570 359 1471 1186 83 227 -1 -1 -1 0 
570 371 293 922 455 1224 -1 -1 -1 0 
570 376 2473 1180 87 235 -1 -1 -1 0 
570 377 2678 1129 1144 421 -1 -1 -1 0 
570 379 2532 1148 76 266 -1 -1 -1 0 
571 333 3658 1136 93 158 -1 -1 -1 0 
571 351 2727 1136 1112 421 -1 -1 -1 0 
571 358 1413 1176 63 232 -1 -1 -1 0 
571 359 1470 1186 83 227 -1 -1 -1 0 
571 371 329 916 464 1231 -1 -1 -1 0 
571 377 2731 1131 1099 421 -1 -1 -1 0 
571 379 2529 1146 79 271 -1 -1 -1 0 
571 380 901 1177 84 259 -1 -1 -1 0 
571 381 2289 1164 80 243 -1 -1 -1 0 
572 333 3658 1136 91 147 -1 -1 -1 0 
572 351 2760 1136 1079 417 -1 -1 -1 0 
572 358 1414 1180 62 228 -1 -1 -1 0 
572 359 1469 1188 82 226 -1 -1 -1 0 
572 371 370 917 468 1224 -1 -1 -1 0 
572 377 2752 1131 1087 422 -1 -1 -1 0 
572 379 2524 1149 85 267 -1 -1 -1 0 
572 380 902 1177 82 259 -1 -1 -1 0 
572 381 2287 1164 82 244 -1 -1 -1 0 
573 333 3655 1137 97 135 -1 -1 -1 0 
573 351 2797 1135 1042 418 -1 -1 -1 0 
573 358 1413 1182 63 226 -1 -1 -1 0 
573 359 1470 1188 83 226 -1 -1 -1 0 
573 371 417 918 467 1236 -1 -1 -1 0 
573 377 2783 1133 1056 422 -1 -1 -1 0 
573 379 2522 1150 87 267 -1 -1 -1 0 
573 380 903 1177 81 259 -1 -1 -1 0 
573 381 2286 1164 80 244 -1 -1 -1 0 
573 382 2637 1152 90 256 -1 -1 -1 0 
574 333 3661 1140 90 117 -1 -1 -1 0 
574 358 1413 1184 63 223 -1 -1 -1 0 
574 359 1471 1192 77 222 -1 -1 -1 0 
574 371 478 917 447 1234 -1 -1 -1 0 
574 377 2840 1130 992 424 -1 -1 -1 0 
574 379 2519 1149 89 270 -1 -1 -1 0 
574 381 2285 1167 79 242 -1 -1 -1 0 
574 382 2639 1155 89 254 -1 -1 -1 0 
575 333 3666 1140 81 104 -1 -1 -1 0 
575 358 1414 1184 61 225 -1 -1 -1 0 
575 359 1471 1193 76 221 -1 -1 -1 0 
575 371 526 915 446 1232 -1 -1 -1 0 
575 377 2868 1131 971 420 -1 -1 -1 0 
575 379 2516 1150 93 269 -1 -1 -1 0 
575 381 2284 1170 83 240 -1 -1 -1 0 
575 382 2640 1154 89 256 -1 -1 -1 0 
576 358 1412 1184 64 226 -1 -1 -1 0 
576 359 1469 1191 84 223 -1 -1 -1 0 
576 371 567 916 466 1230 -1 -1 -1 0 
576 377 2907 1133 927 418 -1 -1 -1 0 
576 379 2517 1150 91 269 -1 -1 -1 0 
576 381 2285 1171 82 239 -1 -1 -1 0 
576 382 2633 1149 94 262 -1 -1 -1 0 
576 385 2765 1146 109 270 -1 -1 -1 0 
577 358 1411 1184 65 226 -1 -1 -1 0 
577 359 1470 1189 84 226 -1 -1 -1 0 
577 371 622 922 439 1221 -1 -1 -1 0 
577 377 2950 1134 883 418 -1 -1 -1 0 
577 379 2516 1150 92 269 -1 -1 -1 0 
577 381 2284 1172 82 239 -1 -1 -1 0 
577 382 2632 1148 90 265 -1 -1 -1 0 
577 385 2765 1143 111 275 -1 -1 -1 0 
578 358 1412 1184 64 226 -1 -1 -1 0 
578 359 1471 1189 85 226 -1 -1 -1 0 
578 371 675 926 421 1216 -1 -1 -1 0 
578 377 2989 1133 847 417 -1 -1 -1 0 
578 379 2515 1151 93 268 -1 -1 -1 0 
578 382 2632 1147 91 265 -1 -1 -1 0 
578 385 2766 1142 113 276 -1 -1 -1 0 
579 358 1412 1185 65 225 -1 -1 -1 0 
579 359 1471 1189 85 227 -1 -1 -1 0 
579 371 734 937 400 1204 -1 -1 -1 0 
579 377 3016 1133 823 414 -1 -1 -1 0 
579 379 2516 1152 91 268 -1 -1 -1 0 
579 382 2633 1149 86 263 -1 -1 -1 0 
579 385 2768 1142 110 275 -1 -1 -1 0 
580 358 1411 1183 65 229 -1 -1 -1 0 
580 359 1471 1189 85 227 -1 -1 -1 0 
580 371 780 946 388 1194 -1 -1 -1 0 
580 377 3065 1131 772 417 -1 -1 -1 0 
580 379 2515 1152 92 268 -1 -1 -1 0 
580 382 2635 1152 80 259 -1 -1 -1 0 
580 385 2768 1144 109 273 -1 -1 -1 0 
581 358 1413 1182 63 230 -1 -1 -1 0 
581 359 1470 1189 84 227 -1 -1 -1 0 
581 371 824 956 405 1182 -1 -1 -1 0 
581 377 3099 1128 738 423 -1 -1 -1 0 
581 379 2515 1152 92 268 -1 -1 -1 0 
581 382 2636 1154 78 256 -1 -1 -1 0 
581 385 2769 1143 109 274 -1 -1 -1 0 
582 358 1413 1182 63 230 -1 -1 -1 0 
582 359 1475 1185 82 229 -1 -1 -1 0 
582 371 871 962 410 1180 -1 -1 -1 0 
582 377 3138 1128 698 427 -1 -1 -1 0 
582 379 2512 1152 96 268 -1 -1 -1 0 
582 382 2635 1150 79 258 -1 -1 -1 0 
583 359 1475 1183 84 230 -1 -1 -1 0 
583 371 895 969 453 1177 -1 -1 -1 0 
583 377 3168 1128 670 426 -1 -1 -1 0 
583 379 2512 1152 97 268 -1 -1 -1 0 
583 382 2632 1150 80 256 -1 -1 -1 0 
584 359 1468 1185 88 229 -1 -1 -1 0 
584 371 975 979 409 1167 -1 -1 -1 0 
584 377 3226 1125 606 430 -1 -1 -1 0 
584 379 2511 1152 98 268 -1 -1 -1 0 
584 382 2628 1147 84 259 -1 -1 -1 0 
584 393 2320 1166 85 247 -1 -1 -1 0 
584 394 0 1173 55 286 -1 -1 -1 0 
585 359 1465 1186 90 228 -1 -1 -1 0 
585 371 1046 980 388 1169 -1 -1 -1 0 
585 377 3258 1124 578 431 -1 -1 -1 0 
585 379 2512 1152 97 267 -1 -1 -1 0 
585 382 2623 1149 89 258 -1 -1 -1 0 
585 393 2311 1163 91 264 -1 -1 -1 0 
585 394 0 1175 54 285 -1 -1 -1 0 
585 395 899 1173 90 261 -1 -1 -1 0 
586 359 1473 1184 89 228 -1 -1 -1 0 
586 371 1096 983 405 1163 -1 -1 -1 0 
586 377 3299 1124 538 430 -1 -1 -1 0 
586 379 2512 1152 97 267 -1 -1 -1 0 
586 382 2619 1151 90 259 -1 -1 -1 0 
586 393 2304 1161 94 272 -1 -1 -1 0 
586 394 0 1175 52 286 -1 -1 -1 0 
586 395 899 1173 90 265 -1 -1 -1 0 
587 359 1466 1188 89 220 -1 -1 -1 0 
587 371 1152 975 404 1172 -1 -1 -1 0 
587 377 3342 1123 496 429 -1 -1 -1 0 
587 379 2512 1151 97 268 -1 -1 -1 0 
587 382 2619 1149 90 263 -1 -1 -1 0 
587 394 0 1178 51 280 -1 -1 -1 0 
587 395 899 1175 91 267 -1 -1 -1 0 
587 396 3147 1150 89 255 -1 -1 -1 0 
588 359 1466 1188 88 220 -1 -1 -1 0 
588 371 1204 974 392 1174 -1 -1 -1 0 
588 377 3385 1123 453 431 -1 -1 -1 0 
588 379 2512 1151 97 268 -1 -1 -1 0 
588 382 2617 1149 94 268 -1 -1 -1 0 
588 394 0 1177 50 281 -1 -1 -1 0 
588 395 899 1176 91 267 -1 -1 -1 0 
588 396 3147 1151 89 254 -1 -1 -1 0 
589 371 1254 964 378 1182 -1 -1 -1 0 
589 377 3415 1123 424 429 -1 -1 -1 0 
589 379 2511 1151 99 268 -1 -1 -1 0 
589 382 2618 1149 94 271 -1 -1 -1 0 
589 394 0 1181 50 278 -1 -1 -1 0 
589 395 900 1175 90 269 -1 -1 -1 0 
589 396 3149 1151 86 254 -1 -1 -1 0 
589 397 3229 1160 82 253 -1 -1 -1 0 
589 398 2671 1146 84 269 -1 -1 -1 0 
589 399 2762 1138 110 281 -1 -1 -1 0 
590 371 1299 955 370 1191 -1 -1 -1 0 
590 377 3457 1113 378 438 -1 -1 -1 0 
590 379 2510 1151 101 269 -1 -1 -1 0 
590 382 2618 1151 89 267 -1 -1 -1 0 
590 394 1 1184 46 273 -1 -1 -1 0 
590 395 900 1176 91 268 -1 -1 -1 0 
590 396 3149 1150 87 255 -1 -1 -1 0 
590 397 3229 1161 81 250 -1 -1 -1 0 
590 398 2679 1149 77 262 -1 -1 -1 0 
590 399 2761 1139 110 278 -1 -1 -1 0 
591 371 1340 946 365 1200 -1 -1 -1 0 
591 377 3492 1114 346 435 -1 -1 -1 0 
591 379 2510 1151 100 269 -1 -1 -1 0 
591 382 2618 1155 84 260 -1 -1 -1 0 
591 394 1 1185 43 272 -1 -1 -1 0 
591 395 901 1176 89 269 -1 -1 -1 0 
591 396 3149 1150 87 255 -1 -1 -1 0 
591 397 3229 1162 80 248 -1 -1 -1 0 
591 398 2680 1151 77 260 -1 -1 -1 0 
591 399 2759 1141 112 275 -1 -1 -1 0 
592 371 1364 938 385 1207 -1 -1 -1 0 
592 377 3527 1105 312 438 -1 -1 -1 0 
592 379 2510 1151 101 269 -1 -1 -1 0 
592 382 2616 1159 85 255 -1 -1 -1 0 
592 394 1 1188 40 270 -1 -1 -1 0 
592 395 902 1177 88 268 -1 -1 -1 0 
592 396 3149 1151 87 254 -1 -1 -1 0 
592 397 3229 1162 80 246 -1 -1 -1 0 
592 399 2758 1141 112 275 -1 -1 -1 0 
592 400 2297 1170 80 248 -1 -1 -1 0 
593 371 1399 930 401 1213 -1 -1 -1 0 
593 377 3576 1082 260 452 -1 -1 -1 0 
593 379 2510 1150 102 270 -1 -1 -1 0 
593 382 2616 1161 85 254 -1 -1 -1 0 
593 394 0 1191 38 266 -1 -1 -1 0 
593 395 902 1176 88 269 -1 -1 -1 0 
593 396 3149 1150 87 254 -1 -1 -1 0 
593 397 3230 1162 78 246 -1 -1 -1 0 
593 399 2758 1144 108 270 -1 -1 -1 0 
593 400 2300 1170 79 247 -1 -1 -1 0 
594 371 1452 925 390 1215 -1 -1 -1 0 
594 377 3606 1101 233 427 -1 -1 -1 0 
594 379 2510 1150 103 270 -1 -1 -1 0 
594 382 2619 1161 81 254 -1 -1 -1 0 
594 394 0 1190 36 267 -1 -1 -1 0 
594 395 901 1175 89 269 -1 -1 -1 0 
594 396 3149 1149 86 255 -1 -1 -1 0 
594 397 3229 1163 79 244 -1 -1 -1 0 
594 399 2758 1146 108 267 -1 -1 -1 0 
594 400 2292 1172 82 249 -1 -1 -1 0 
595 371 1491 926 408 1214 -1 -1 -1 0 
595 377 3642 1099 197 426 -1 -1 -1 0 
595 379 2510 1149 103 271 -1 -1 -1 0 
595 382 2622 1161 81 257 -1 -1 -1 0 
595 394 0 1190 32 265 -1 -1 -1 0 
595 395 900 1175 90 269 -1 -1 -1 0 
595 396 3148 1149 88 256 -1 -1 -1 0 
595 397 3230 1163 77 244 -1 -1 -1 0 
595 399 2759 1146 107 268 -1 -1 -1 0 
595 400 2281 1174 86 247 -1 -1 -1 0 
596 371 1531 932 417 1208 -1 -1 -1 0 
596 379 2511 1149 102 271 -1 -1 -1 0 
596 382 2625 1160 80 259 -1 -1 -1 0 
596 394 0 1191 30 264 -1 -1 -1 0 
596 395 900 1175 91 269 -1 -1 -1 0 
596 396 3149 1148 87 257 -1 -1 -1 0 
596 397 3230 1163 77 244 -1 -1 -1 0 
596 399 2760 1143 106 272 -1 -1 -1 0 
596 400 2278 1178 81 243 -1 -1 -1 0 
596 404 2356 1157 104 301 -1 -1 -1 0 
597 371 1576 936 377 1204 -1 -1 -1 0 
597 379 2511 1148 102 273 -1 -1 -1 0 
597 382 2627 1158 80 261 -1 -1 -1 0 
597 395 900 1174 91 269 -1 -1 -1 0 
597 396 3149 1148 87 257 -1 -1 -1 0 
597 397 3230 1164 78 244 -1 -1 -1 0 
597 399 2759 1141 109 275 -1 -1 -1 0 
597 400 2272 1177 84 245 -1 -1 -1 0 
597 404 2355 1158 104 300 -1 -1 -1 0 
598 371 1594 954 438 1186 -1 -1 -1 0 
598 379 2511 1148 101 273 -1 -1 -1 0 
598 382 2629 1158 80 258 -1 -1 -1 0 
598 395 897 1173 93 269 -1 -1 -1 0 
598 396 3148 1148 88 257 -1 -1 -1 0 
598 397 3229 1164 78 244 -1 -1 -1 0 
598 399 2759 1139 110 277 -1 -1 -1 0 
598 400 2269 1176 83 248 -1 -1 -1 0 
598 405 3650 1137 103 312 -1 -1 -1 0 
599 371 1639 972 427 1170 -1 -1 -1 0 
599 379 2511 1148 100 273 -1 -1 -1 0 
599 382 2628 1156 82 259 -1 -1 -1 0 
599 395 895 1171 96 271 -1 -1 -1 0 
599 396 3149 1148 87 258 -1 -1 -1 0 
599 397 3229 1164 78 244 -1 -1 -1 0 
599 399 2762 1139 106 277 -1 -1 -1 0 
599 400 2264 1175 88 249 -1 -1 -1 0 
599 405 3651 1134 106 316 -1 -1 -1 0 
600 371 1675 975 417 1169 -1 -1 -1 0 
600 379 2511 1148 97 273 -1 -1 -1 0 
600 382 2629 1155 81 259 -1 -1 -1 0 
600 395 895 1170 96 271 -1 -1 -1 0 
600 396 3150 1148 86 258 -1 -1 -1 0 
600 397 3230 1164 77 244 -1 -1 -1 0 
600 399 2766 1139 102 277 -1 -1 -1 0 
600 400 2261 1177 87 246 -1 -1 -1 0 
600 405 3651 1134 109 316 -1 -1 -1 0 
601 371 1719 988 399 1152 -1 -1 -1 0 
601 379 2511 1149 96 272 -1 -1 -1 0 
601 382 2631 1155 78 256 -1 -1 -1 0 
601 395 894 1169 97 270 -1 -1 -1 0 
601 396 3149 1148 88 258 -1 -1 -1 0 
601 397 3230 1164 77 243 -1 -1 -1 0 
601 399 2769 1140 99 275 -1 -1 -1 0 
601 400 2259 1178 85 245 -1 -1 -1 0 
601 405 3652 1133 107 317 -1 -1 -1 0 
602 371 1746 1003 432 1140 -1 -1 -1 0 
602 379 2511 1149 95 272 -1 -1 -1 0 
602 382 2632 1153 78 258 -1 -1 -1 0 
602 395 895 1168 96 272 -1 -1 -1 0 
602 396 3150 1148 87 258 -1 -1 -1 0 
602 397 3230 1164 77 243 -1 -1 -1 0 
602 399 2769 1139 99 276 -1 -1 -1 0 
602 400 2258 1179 82 242 -1 -1 -1 0 
602 405 3652 1132 107 318 -1 -1 -1 0 
603 371 1823 1016 385 1112 -1 -1 -1 0 
603 379 2511 1149 95 272 -1 -1 -1 0 
603 382 2632 1151 80 261 -1 -1 -1 0 
603 395 894 1168 98 272 -1 -1 -1 0 
603 396 3149 1148 88 258 -1 -1 -1 0 
603 397 3230 1164 78 243 -1 -1 -1 0 
603 399 2769 1140 99 275 -1 -1 -1 0 
603 400 2255 1180 82 241 -1 -1 -1 0 
604 371 1858 1019 436 1123 -1 -1 -1 0 
604 379 2511 1149 97 272 -1 -1 -1 0 
604 382 2631 1150 83 267 -1 -1 -1 0 
604 395 894 1169 97 268 -1 -1 -1 0 
604 396 3148 1149 93 257 -1 -1 -1 0 
604 397 3232 1164 75 242 -1 -1 -1 0 
604 399 2768 1139 99 278 -1 -1 -1 0 
604 405 3650 1131 108 321 -1 -1 -1 0 
605 371 1925 1017 418 1129 -1 -1 -1 0 
605 379 2511 1149 97 272 -1 -1 -1 0 
605 382 2630 1150 85 270 -1 -1 -1 0 
605 395 894 1169 96 266 -1 -1 -1 0 
605 396 3149 1149 92 257 -1 -1 -1 0 
605 397 3232 1164 75 241 -1 -1 -1 0 
605 399 2767 1138 99 279 -1 -1 -1 0 
605 405 3649 1131 109 322 -1 -1 -1 0 
606 371 1991 1020 428 1128 -1 -1 -1 0 
606 379 2511 1149 99 272 -1 -1 -1 0 
606 382 2628 1152 88 269 -1 -1 -1 0 
606 395 894 1170 96 265 -1 -1 -1 0 
606 396 3149 1150 93 256 -1 -1 -1 0 
606 397 3232 1164 75 241 -1 -1 -1 0 
606 399 2766 1138 100 280 -1 -1 -1 0 
606 405 3649 1131 109 323 -1 -1 -1 0 
607 371 2052 1023 434 1124 -1 -1 -1 0 
607 379 2511 1148 100 273 -1 -1 -1 0 
607 382 2629 1151 85 272 -1 -1 -1 0 
607 395 893 1172 97 264 -1 -1 -1 0 
607 396 3149 1150 93 256 -1 -1 -1 0 
607 397 3232 1164 75 240 -1 -1 -1 0 
607 399 2765 1137 102 281 -1 -1 -1 0 
607 405 3649 1131 109 324 -1 -1 -1 0 
608 371 2118 1028 423 1118 -1 -1 -1 0 
608 379 2512 1148 98 273 -1 -1 -1 0 
608 382 2628 1152 84 271 -1 -1 -1 0 
608 395 894 1172 96 264 -1 -1 -1 0 
608 396 3149 1151 93 255 -1 -1 -1 0 
608 397 3232 1164 75 240 -1 -1 -1 0 
608 399 2764 1139 103 279 -1 -1 -1 0 
608 405 3649 1131 109 323 -1 -1 -1 0 
609 371 2184 1026 377 1116 -1 -1 -1 0 
609 379 2513 1147 97 274 -1 -1 -1 0 
609 382 2627 1152 87 270 -1 -1 -1 0 
609 395 893 1172 96 263 -1 -1 -1 0 
609 396 3149 1151 93 255 -1 -1 -1 0 
609 397 3232 1164 74 240 -1 -1 -1 0 
609 399 2765 1139 102 279 -1 -1 -1 0 
609 405 3649 1131 109 324 -1 -1 -1 0 
609 407 1417 1182 61 226 -1 -1 -1 0 
609 408 1474 1173 106 257 -1 -1 -1 0 
610 371 2231 1020 368 1117 -1 -1 -1 0 
610 379 2521 1147 88 272 -1 -1 -1 0 
610 382 2626 1153 90 270 -1 -1 -1 0 
610 395 894 1172 95 263 -1 -1 -1 0 
610 396 3148 1151 93 255 -1 -1 -1 0 
610 397 3232 1164 74 240 -1 -1 -1 0 
610 399 2764 1140 104 278 -1 -1 -1 0 
610 405 3649 1131 109 323 -1 -1 -1 0 
610 407 1417 1182 62 226 -1 -1 -1 0 
610 408 1497 1165 88 273 -1 -1 -1 0 
611 371 2278 1009 350 1130 -1 -1 -1 0 
611 379 2522 1146 87 272 -1 -1 -1 0 
611 382 2625 1153 88 273 -1 -1 -1 0 
611 395 895 1171 94 266 -1 -1 -1 0 
611 396 3148 1151 93 255 -1 -1 -1 0 
611 397 3232 1164 74 240 -1 -1 -1 0 
611 399 2763 1143 104 275 -1 -1 -1 0 
611 405 3649 1131 109 323 -1 -1 -1 0 
611 407 1416 1184 64 225 -1 -1 -1 0 
612 371 2314 990 346 1153 -1 -1 -1 0 
612 382 2624 1158 87 266 -1 -1 -1 0 
612 395 895 1170 94 266 -1 -1 -1 0 
612 396 3149 1151 92 255 -1 -1 -1 0 
612 397 3232 1164 74 240 -1 -1 -1 0 
612 399 2763 1148 103 270 -1 -1 -1 0 
612 405 3648 1130 110 324 -1 -1 -1 0 
612 407 1417 1185 62 224 -1 -1 -1 0 
612 408 1480 1173 107 255 -1 -1 -1 0 
613 371 2349 976 359 1169 -1 -1 -1 0 
613 382 2623 1159 88 265 -1 -1 -1 0 
613 395 895 1170 94 266 -1 -1 -1 0 
613 396 3148 1151 93 255 -1 -1 -1 0 
613 397 3232 1164 74 241 -1 -1 -1 0 
613 399 2763 1149 103 270 -1 -1 -1 0 
613 405 3648 1130 110 323 -1 -1 -1 0 
613 407 1417 1185 62 225 -1 -1 -1 0 
613 408 1511 1170 75 259 -1 -1 -1 0 
614 371 2389 960 361 1187 -1 -1 -1 0 
614 395 894 1172 96 264 -1 -1 -1 0 
614 396 3148 1152 93 254 -1 -1 -1 0 
614 397 3232 1164 74 241 -1 -1 -1 0 
614 399 2762 1145 104 274 -1 -1 -1 0 
614 405 3648 1130 110 323 -1 -1 -1 0 
614 407 1417 1185 63 225 -1 -1 -1 0 
614 408 1514 1169 78 259 -1 -1 -1 0 
615 371 2423 949 378 1196 -1 -1 -1 0 
615 395 894 1173 96 263 -1 -1 -1 0 
615 396 3148 1152 93 254 -1 -1 -1 0 
615 397 3231 1164 76 241 -1 -1 -1 0 
615 399 2760 1141 105 278 -1 -1 -1 0 
615 405 3648 1130 109 324 -1 -1 -1 0 
615 407 1417 1185 63 225 -1 -1 -1 0 
615 408 1517 1170 76 256 -1 -1 -1 0 
615 410 1475 1178 94 246 -1 -1 -1 0 
616 371 2460 946 397 1204 -1 -1 -1 0 
616 395 895 1173 94 263 -1 -1 -1 0 
616 396 3148 1152 93 254 -1 -1 -1 0 
616 397 3231 1164 76 241 -1 -1 -1 0 
616 399 2760 1140 105 279 -1 -1 -1 0 
616 405 3649 1131 109 322 -1 -1 -1 0 
616 407 1417 1185 62 225 -1 -1 -1 0 
616 408 1521 1170 69 252 -1 -1 -1 0 
616 410 1473 1179 85 241 -1 -1 -1 0 
616 411 2275 1188 78 234 -1 -1 -1 0 
617 371 2496 949 414 1199 -1 -1 -1 0 
617 395 895 1174 94 261 -1 -1 -1 0 
617 396 3149 1152 92 254 -1 -1 -1 0 
617 397 3232 1164 75 241 -1 -1 -1 0 
617 399 2760 1140 105 279 -1 -1 -1 0 
617 405 3649 1132 109 321 -1 -1 -1 0 
617 407 1416 1188 63 222 -1 -1 -1 0 
617 408 1525 1169 68 251 -1 -1 -1 0 
618 371 2531 953 426 1196 -1 -1 -1 0 
618 395 896 1173 93 262 -1 -1 -1 0 
618 396 3151 1152 89 254 -1 -1 -1 0 
618 397 3232 1164 76 241 -1 -1 -1 0 
618 405 3650 1132 108 321 -1 -1 -1 0 
618 407 1416 1191 64 219 -1 -1 -1 0 
618 410 1472 1197 72 223 -1 -1 -1 0 
618 411 2276 1185 76 237 -1 -1 -1 0 
619 371 2561 955 436 1192 -1 -1 -1 0 
619 395 896 1172 93 263 -1 -1 -1 0 
619 396 3151 1152 89 255 -1 -1 -1 0 
619 397 3232 1163 76 243 -1 -1 -1 0 
619 405 3650 1133 108 319 -1 -1 -1 0 
619 407 1418 1192 60 219 -1 -1 -1 0 
619 410 1471 1202 69 217 -1 -1 -1 0 
619 411 2279 1184 74 237 -1 -1 -1 0 
620 371 2585 962 456 1183 -1 -1 -1 0 
620 395 896 1172 93 263 -1 -1 -1 0 
620 396 3150 1152 89 255 -1 -1 -1 0 
620 397 3232 1163 75 243 -1 -1 -1 0 
620 405 3651 1135 107 317 -1 -1 -1 0 
620 407 1418 1187 59 224 -1 -1 -1 0 
620 411 2279 1184 74 236 -1 -1 -1 0 
621 371 2619 971 470 1175 -1 -1 -1 0 
621 395 897 1170 92 265 -1 -1 -1 0 
621 396 3149 1152 91 255 -1 -1 -1 0 
621 397 3232 1163 75 243 -1 -1 -1 0 
621 405 3651 1136 107 316 -1 -1 -1 0 
621 407 1418 1188 59 223 -1 -1 -1 0 
621 412 2520 1150 89 273 -1 -1 -1 0 
622 371 2646 980 505 1165 -1 -1 -1 0 
622 395 897 1169 92 264 -1 -1 -1 0 
622 396 3149 1152 90 255 -1 -1 -1 0 
622 397 3233 1163 74 244 -1 -1 -1 0 
622 405 3652 1137 106 314 -1 -1 -1 0 
622 412 2522 1148 87 275 -1 -1 -1 0 
623 371 2690 988 515 1156 -1 -1 -1 0 
623 395 898 1168 91 265 -1 -1 -1 0 
623 396 3149 1152 90 255 -1 -1 -1 0 
623 397 3233 1163 75 244 -1 -1 -1 0 
623 405 3651 1138 107 314 -1 -1 -1 0 
623 412 2522 1149 89 274 -1 -1 -1 0 
623 413 2608 1155 93 268 -1 -1 -1 0 
624 371 2742 995 525 1151 -1 -1 -1 0 
624 395 898 1168 92 264 -1 -1 -1 0 
624 396 3154 1152 83 255 -1 -1 -1 0 
624 397 3232 1163 76 243 -1 -1 -1 0 
624 405 3651 1140 107 312 -1 -1 -1 0 
624 412 2522 1147 89 276 -1 -1 -1 0 
624 413 2606 1155 92 270 -1 -1 -1 0 
625 371 2811 995 504 1151 -1 -1 -1 0 
625 395 897 1166 93 266 -1 -1 -1 0 
625 396 3154 1153 82 254 -1 -1 -1 0 
625 397 3232 1164 77 242 -1 -1 -1 0 
625 405 3651 1141 108 311 -1 -1 -1 0 
625 412 2522 1147 89 276 -1 -1 -1 0 
625 413 2605 1154 92 272 -1 -1 -1 0 
626 371 2874 993 489 1153 -1 -1 -1 0 
626 395 899 1166 90 266 -1 -1 -1 0 
626 397 3230 1165 79 238 -1 -1 -1 0 
626 405 3652 1141 106 312 -1 -1 -1 0 
626 412 2523 1148 88 275 -1 -1 -1 0 
626 413 2606 1153 93 275 -1 -1 -1 0 
627 371 2918 988 492 1160 -1 -1 -1 0 
627 395 898 1165 92 267 -1 -1 -1 0 
627 397 3229 1165 80 238 -1 -1 -1 0 
627 405 3652 1142 106 310 -1 -1 -1 0 
627 412 2524 1148 87 275 -1 -1 -1 0 
627 413 2606 1152 92 275 -1 -1 -1 0 
627 414 2759 1141 107 278 -1 -1 -1 0 
627 415 2228 1169 77 265 -1 -1 -1 0 
627 416 2304 1175 65 245 -1 -1 -1 0 
628 371 2962 982 474 1166 -1 -1 -1 0 
628 395 898 1165 91 269 -1 -1 -1 0 
628 405 3652 1142 106 310 -1 -1 -1 0 
628 412 2524 1148 87 276 -1 -1 -1 0 
628 413 2604 1151 91 275 -1 -1 -1 0 
628 414 2757 1140 110 282 -1 -1 -1 0 
628 415 2227 1168 82 273 -1 -1 -1 0 
628 416 2303 1174 65 248 -1 -1 -1 0 
629 371 2999 974 461 1175 -1 -1 -1 0 
629 395 899 1165 90 271 -1 -1 -1 0 
629 405 3652 1143 105 309 -1 -1 -1 0 
629 412 2523 1150 88 273 -1 -1 -1 0 
629 413 2603 1152 92 274 -1 -1 -1 0 
629 414 2756 1139 111 283 -1 -1 -1 0 
629 415 2216 1176 101 266 -1 -1 -1 0 
629 416 2301 1175 67 252 -1 -1 -1 0 
629 417 2677 1143 80 273 -1 -1 -1 0 
630 371 3027 961 463 1186 -1 -1 -1 0 
630 395 898 1165 92 271 -1 -1 -1 0 
630 405 3651 1143 107 310 -1 -1 -1 0 
630 412 2523 1150 87 273 -1 -1 -1 0 
630 413 2604 1153 91 274 -1 -1 -1 0 
630 414 2756 1139 111 283 -1 -1 -1 0 
630 415 2217 1180 102 261 -1 -1 -1 0 
630 416 2301 1176 70 258 -1 -1 -1 0 
630 417 2678 1143 79 272 -1 -1 -1 0 
631 371 3061 949 458 1197 -1 -1 -1 0 
631 395 898 1165 92 272 -1 -1 -1 0 
631 405 3652 1142 105 311 -1 -1 -1 0 
631 412 2523 1149 87 274 -1 -1 -1 0 
631 413 2604 1152 92 276 -1 -1 -1 0 
631 414 2757 1140 109 282 -1 -1 -1 0 
631 415 2220 1184 103 253 -1 -1 -1 0 
631 416 2301 1176 71 261 -1 -1 -1 0 
632 371 3092 940 461 1207 -1 -1 -1 0 
632 395 897 1165 93 273 -1 -1 -1 0 
632 405 3652 1142 105 312 -1 -1 -1 0 
632 412 2523 1150 87 274 -1 -1 -1 0 
632 413 2603 1152 96 277 -1 -1 -1 0 
632 414 2756 1140 111 282 -1 -1 -1 0 
632 415 2225 1179 110 258 -1 -1 -1 0 
632 419 1418 1199 73 223 -1 -1 -1 0 
633 371 3116 934 476 1211 -1 -1 -1 0 
633 395 897 1164 93 274 -1 -1 -1 0 
633 405 3652 1142 105 312 -1 -1 -1 0 
633 412 2523 1151 86 273 -1 -1 -1 0 
633 413 2604 1153 94 277 -1 -1 -1 0 
633 414 2757 1140 109 281 -1 -1 -1 0 
633 415 2233 1175 110 260 -1 -1 -1 0 
633 419 1417 1199 73 223 -1 -1 -1 0 
634 371 3153 938 471 1207 -1 -1 -1 0 
634 395 896 1162 94 276 -1 -1 -1 0 
634 405 3651 1142 106 312 -1 -1 -1 0 
634 412 2521 1151 89 273 -1 -1 -1 0 
634 413 2606 1152 97 278 -1 -1 -1 0 
634 414 2756 1139 112 282 -1 -1 -1 0 
634 415 2235 1175 114 260 -1 -1 -1 0 
634 421 1546 1182 62 221 -1 -1 -1 0 
634 422 1484 1189 76 230 -1 -1 -1 0 
635 371 3187 941 472 1205 -1 -1 -1 0 
635 395 895 1162 96 276 -1 -1 -1 0 
635 405 3650 1142 108 311 -1 -1 -1 0 
635 412 2522 1153 86 270 -1 -1 -1 0 
635 413 2607 1152 103 279 -1 -1 -1 0 
635 414 2756 1139 113 282 -1 -1 -1 0 
635 415 2236 1174 117 260 -1 -1 -1 0 
635 421 1546 1183 62 219 -1 -1 -1 0 
635 422 1482 1189 78 230 -1 -1 -1 0 
636 371 3222 943 470 1203 -1 -1 -1 0 
636 395 895 1163 96 273 -1 -1 -1 0 
636 405 3650 1142 107 310 -1 -1 -1 0 
636 412 2522 1152 86 272 -1 -1 -1 0 
636 413 2611 1153 104 277 -1 -1 -1 0 
636 414 2756 1139 112 282 -1 -1 -1 0 
636 415 2241 1173 106 260 -1 -1 -1 0 
636 422 1482 1191 77 228 -1 -1 -1 0 
636 423 1400 1192 81 228 -1 -1 -1 0 
637 371 3258 951 464 1196 -1 -1 -1 0 
637 395 896 1164 95 271 -1 -1 -1 0 
637 405 3654 1142 100 306 -1 -1 -1 0 
637 412 2521 1150 87 272 -1 -1 -1 0 
637 413 2632 1149 98 282 -1 -1 -1 0 
637 414 2757 1138 111 283 -1 -1 -1 0 
637 415 2251 1173 97 258 -1 -1 -1 0 
637 422 1481 1192 78 225 -1 -1 -1 0 
637 423 1396 1191 82 226 -1 -1 -1 0 
638 371 3287 960 476 1185 -1 -1 -1 0 
638 395 898 1164 92 274 -1 -1 -1 0 
638 405 3654 1142 100 305 -1 -1 -1 0 
638 412 2519 1147 90 273 -1 -1 -1 0 
638 413 2636 1149 100 283 -1 -1 -1 0 
638 414 2757 1137 111 284 -1 -1 -1 0 
638 415 2260 1174 88 256 -1 -1 -1 0 
638 422 1482 1192 75 225 -1 -1 -1 0 
638 423 1402 1190 73 223 -1 -1 -1 0 
639 371 3322 968 481 1175 -1 -1 -1 0 
639 395 897 1163 93 276 -1 -1 -1 0 
639 412 2521 1146 87 274 -1 -1 -1 0 
639 413 2628 1150 105 282 -1 -1 -1 0 
639 414 2757 1137 111 284 -1 -1 -1 0 
639 415 2261 1172 88 256 -1 -1 -1 0 
639 422 1482 1191 75 225 -1 -1 -1 0 
639 423 1408 1190 70 221 -1 -1 -1 0 
639 424 3155 1153 80 250 -1 -1 -1 0 
640 371 3361 973 473 1169 -1 -1 -1 0 
640 395 897 1163 93 276 -1 -1 -1 0 
640 412 2521 1145 86 274 -1 -1 -1 0 
640 413 2627 1153 102 280 -1 -1 -1 0 
640 414 2756 1136 112 285 -1 -1 -1 0 
640 415 2263 1171 89 260 -1 -1 -1 0 
640 422 1483 1191 73 225 -1 -1 -1 0 
640 423 1408 1189 70 220 -1 -1 -1 0 
640 424 3155 1153 80 251 -1 -1 -1 0 
641 371 3400 977 439 1169 -1 -1 -1 0 
641 395 898 1163 92 277 -1 -1 -1 0 
641 412 2522 1146 82 272 -1 -1 -1 0 
641 413 2625 1154 100 278 -1 -1 -1 0 
641 414 2756 1135 112 286 -1 -1 -1 0 
641 415 2264 1170 92 261 -1 -1 -1 0 
641 422 1483 1191 73 225 -1 -1 -1 0 
641 424 3154 1153 82 251 -1 -1 -1 0 
642 371 3442 980 397 1161 -1 -1 -1 0 
642 395 898 1164 92 276 -1 -1 -1 0 
642 412 2521 1146 82 272 -1 -1 -1 0 
642 413 2624 1153 103 277 -1 -1 -1 0 
642 414 2755 1134 114 286 -1 -1 -1 0 
642 415 2271 1169 85 259 -1 -1 -1 0 
642 422 1484 1191 72 225 -1 -1 -1 0 
642 424 3152 1153 83 252 -1 -1 -1 0 
643 371 3474 976 365 1163 -1 -1 -1 0 
643 395 898 1165 92 272 -1 -1 -1 0 
643 412 2521 1143 81 274 -1 -1 -1 0 
643 413 2626 1150 103 282 -1 -1 -1 0 
643 414 2755 1134 114 285 -1 -1 -1 0 
643 415 2276 1171 82 257 -1 -1 -1 0 
643 422 1484 1193 72 223 -1 -1 -1 0 
643 424 3152 1153 83 252 -1 -1 -1 0 
644 371 3507 967 332 1174 -1 -1 -1 0 
644 395 898 1165 91 272 -1 -1 -1 0 
644 412 2520 1142 81 276 -1 -1 -1 0 
644 413 2629 1149 100 284 -1 -1 -1 0 
644 414 2755 1134 114 285 -1 -1 -1 0 
644 415 2280 1170 78 257 -1 -1 -1 0 
644 422 1485 1193 70 223 -1 -1 -1 0 
644 424 3152 1153 82 252 -1 -1 -1 0 
645 371 3534 963 305 1180 -1 -1 -1 0 
645 395 898 1165 92 273 -1 -1 -1 0 
645 412 2518 1143 84 276 -1 -1 -1 0 
645 413 2630 1149 101 286 -1 -1 -1 0 
645 414 2756 1137 113 284 -1 -1 -1 0 
645 415 2281 1171 78 255 -1 -1 -1 0 
645 422 1484 1193 70 222 -1 -1 -1 0 
645 424 3152 1152 83 253 -1 -1 -1 0 
645 427 1416 1195 69 216 -1 -1 -1 0 
646 371 3559 962 280 1180 -1 -1 -1 0 
646 395 898 1164 91 276 -1 -1 -1 0 
646 412 2518 1144 83 275 -1 -1 -1 0 
646 413 2632 1150 100 285 -1 -1 -1 0 
646 414 2755 1137 115 285 -1 -1 -1 0 
646 415 2282 1170 80 260 -1 -1 -1 0 
646 422 1484 1191 70 223 -1 -1 -1 0 
646 424 3151 1152 84 253 -1 -1 -1 0 
646 427 1416 1191 69 219 -1 -1 -1 0 
647 371 3586 958 253 1183 -1 -1 -1 0 
647 395 898 1164 92 276 -1 -1 -1 0 
647 412 2517 1144 83 274 -1 -1 -1 0 
647 413 2633 1150 99 285 -1 -1 -1 0 
647 414 2754 1136 117 284 -1 -1 -1 0 
647 415 2286 1170 74 261 -1 -1 -1 0 
647 422 1484 1191 70 224 -1 -1 -1 0 
647 424 3150 1152 85 253 -1 -1 -1 0 
647 427 1416 1189 70 221 -1 -1 -1 0 
647 429 0 1192 67 301 -1 -1 -1 0 
647 430 1323 1194 86 220 -1 -1 -1 0 
648 371 3611 955 228 1185 -1 -1 -1 0 
648 395 897 1164 93 276 -1 -1 -1 0 
648 412 2518 1142 81 276 -1 -1 -1 0 
648 413 2633 1149 99 287 -1 -1 -1 0 
648 414 2754 1136 116 283 -1 -1 -1 0 
648 415 2287 1167 72 264 -1 -1 -1 0 
648 422 1483 1191 73 224 -1 -1 -1 0 
648 424 3151 1152 84 253 -1 -1 -1 0 
648 427 1413 1188 73 223 -1 -1 -1 0 
648 429 0 1193 78 295 -1 -1 -1 0 
648 430 1321 1200 81 215 -1 -1 -1 0 
649 371 3644 947 195 1198 -1 -1 -1 0 
649 395 897 1163 92 277 -1 -1 -1 0 
649 412 2515 1142 86 276 -1 -1 -1 0 
649 413 2633 1149 100 288 -1 -1 -1 0 
649 414 2753 1136 116 285 -1 -1 -1 0 
649 415 2288 1167 72 264 -1 -1 -1 0 
649 422 1483 1189 76 227 -1 -1 -1 0 
649 424 3151 1152 84 253 -1 -1 -1 0 
649 427 1414 1187 69 226 -1 -1 -1 0 
649 429 0 1191 84 293 -1 -1 -1 0 
649 430 1317 1200 83 207 -1 -1 -1 0 
649 432 3231 1159 82 250 -1 -1 -1 0 
650 371 3669 947 170 1208 -1 -1 -1 0 
650 395 896 1162 94 276 -1 -1 -1 0 
650 412 2514 1142 88 275 -1 -1 -1 0 
650 413 2634 1148 96 289 -1 -1 -1 0 
650 414 2753 1136 115 285 -1 -1 -1 0 
650 415 2289 1167 72 266 -1 -1 -1 0 
650 422 1483 1187 80 230 -1 -1 -1 0 
650 424 3150 1152 87 253 -1 -1 -1 0 
650 427 1414 1186 68 226 -1 -1 -1 0 
650 429 0 1191 92 292 -1 -1 -1 0 
650 430 1314 1201 80 209 -1 -1 -1 0 
650 432 3232 1161 80 248 -1 -1 -1 0 
651 371 3703 946 136 1210 -1 -1 -1 0 
651 395 895 1162 95 275 -1 -1 -1 0 
651 412 2514 1144 89 273 -1 -1 -1 0 
651 413 2636 1149 94 288 -1 -1 -1 0 
651 414 2754 1136 113 285 -1 -1 -1 0 
651 415 2291 1169 72 265 -1 -1 -1 0 
651 422 1484 1184 82 235 -1 -1 -1 0 
651 424 3150 1152 87 253 -1 -1 -1 0 
651 427 1415 1185 67 226 -1 -1 -1 0 
651 429 0 1195 98 293 -1 -1 -1 0 
651 430 1311 1197 82 213 -1 -1 -1 0 
651 432 3232 1163 81 245 -1 -1 -1 0 
652 395 895 1164 95 273 -1 -1 -1 0 
652 412 2514 1143 87 273 -1 -1 -1 0 
652 413 2635 1151 96 285 -1 -1 -1 0 
652 414 2755 1137 112 284 -1 -1 -1 0 
652 415 2291 1170 72 264 -1 -1 -1 0 
652 422 1484 1184 83 235 -1 -1 -1 0 
652 424 3151 1152 86 253 -1 -1 -1 0 
652 427 1416 1185 66 225 -1 -1 -1 0 
652 429 0 1198 105 289 -1 -1 -1 0 
652 430 1306 1197 85 213 -1 -1 -1 0 
652 432 3233 1164 80 244 -1 -1 -1 0 
653 395 896 1164 93 275 -1 -1 -1 0 
653 412 2513 1143 87 272 -1 -1 -1 0 
653 413 2635 1151 97 282 -1 -1 -1 0 
653 414 2755 1138 113 283 -1 -1 -1 0 
653 415 2293 1170 69 263 -1 -1 -1 0 
653 422 1485 1183 82 236 -1 -1 -1 0 
653 424 3150 1151 88 254 -1 -1 -1 0 
653 427 1415 1185 68 225 -1 -1 -1 0 
653 429 0 1200 109 287 -1 -1 -1 0 
653 430 1301 1210 86 202 -1 -1 -1 0 
653 432 3234 1163 78 244 -1 -1 -1 0 
653 433 3654 1143 100 305 -1 -1 -1 0 
654 395 896 1163 93 276 -1 -1 -1 0 
654 412 2513 1143 87 274 -1 -1 -1 0 
654 413 2634 1149 98 283 -1 -1 -1 0 
654 414 2757 1138 112 283 -1 -1 -1 0 
654 415 2296 1171 67 262 -1 -1 -1 0 
654 422 1484 1182 87 237 -1 -1 -1 0 
654 424 3150 1152 87 253 -1 -1 -1 0 
654 427 1415 1186 68 224 -1 -1 -1 0 
654 429 0 1194 123 293 -1 -1 -1 0 
654 430 1301 1209 82 204 -1 -1 -1 0 
654 432 3234 1162 78 245 -1 -1 -1 0 
654 433 3654 1142 101 310 -1 -1 -1 0 
655 395 896 1163 92 275 -1 -1 -1 0 
655 412 2512 1143 88 274 -1 -1 -1 0 
655 413 2634 1149 99 283 -1 -1 -1 0 
655 414 2757 1140 112 281 -1 -1 -1 0 
655 415 2297 1171 67 260 -1 -1 -1 0 
655 422 1484 1182 88 238 -1 -1 -1 0 
655 424 3150 1154 87 251 -1 -1 -1 0 
655 427 1414 1187 70 223 -1 -1 -1 0 
655 429 0 1188 131 300 -1 -1 -1 0 
655 430 1300 1206 78 203 -1 -1 -1 0 
655 432 3233 1162 79 244 -1 -1 -1 0 
655 433 3653 1142 104 312 -1 -1 -1 0 
656 395 896 1164 93 275 -1 -1 -1 0 
656 412 2513 1143 89 273 -1 -1 -1 0 
656 413 2640 1150 93 283 -1 -1 -1 0 
656 414 2757 1141 112 280 -1 -1 -1 0 
656 415 2300 1172 64 257 -1 -1 -1 0 
656 422 1485 1182 87 238 -1 -1 -1 0 
656 424 3150 1154 86 251 -1 -1 -1 0 
656 427 1414 1187 70 224 -1 -1 -1 0 
656 429 2 1188 135 302 -1 -1 -1 0 
656 430 1297 1197 79 214 -1 -1 -1 0 
656 432 3234 1163 78 243 -1 -1 -1 0 
656 433 3653 1142 105 311 -1 -1 -1 0 
657 395 896 1164 94 277 -1 -1 -1 0 
657 412 2514 1142 88 275 -1 -1 -1 0 
657 413 2641 1152 92 282 -1 -1 -1 0 
657 414 2757 1142 113 279 -1 -1 -1 0 
657 415 2301 1172 65 257 -1 -1 -1 0 
657 422 1484 1182 89 239 -1 -1 -1 0 
657 424 3151 1155 85 250 -1 -1 -1 0 
657 427 1416 1188 66 222 -1 -1 -1 0 
657 429 4 1189 136 301 -1 -1 -1 0 
657 430 1293 1200 77 205 -1 -1 -1 0 
657 432 3234 1163 79 243 -1 -1 -1 0 
657 433 3653 1142 106 310 -1 -1 -1 0 
658 395 897 1162 93 280 -1 -1 -1 0 
658 412 2513 1142 90 274 -1 -1 -1 0 
658 413 2641 1152 92 283 -1 -1 -1 0 
658 414 2758 1142 112 279 -1 -1 -1 0 
658 415 2302 1171 67 259 -1 -1 -1 0 
658 422 1485 1183 86 238 -1 -1 -1 0 
658 424 3151 1155 85 250 -1 -1 -1 0 
658 427 1416 1188 67 222 -1 -1 -1 0 
658 429 5 1196 139 293 -1 -1 -1 0 
658 430 1292 1204 75 200 -1 -1 -1 0 
658 432 3234 1162 78 244 -1 -1 -1 0 
658 433 3654 1143 104 309 -1 -1 -1 0 
659 395 897 1162 93 282 -1 -1 -1 0 
659 412 2514 1143 87 273 -1 -1 -1 0 
659 413 2643 1154 89 282 -1 -1 -1 0 
659 414 2758 1142 112 280 -1 -1 -1 0 
659 415 2302 1171 65 259 -1 -1 -1 0 
659 422 1484 1183 86 238 -1 -1 -1 0 
659 424 3152 1154 84 251 -1 -1 -1 0 
659 427 1416 1188 66 223 -1 -1 -1 0 
659 429 5 1196 142 296 -1 -1 -1 0 
659 430 1289 1205 70 197 -1 -1 -1 0 
659 432 3235 1161 76 244 -1 -1 -1 0 
659 433 3654 1143 104 308 -1 -1 -1 0 
660 395 897 1162 94 282 -1 -1 -1 0 
660 412 2513 1145 88 271 -1 -1 -1 0 
660 413 2641 1157 92 279 -1 -1 -1 0 
660 414 2756 1140 115 282 -1 -1 -1 0 
660 415 2302 1171 65 258 -1 -1 -1 0 
660 422 1484 1183 84 239 -1 -1 -1 0 
660 424 3152 1154 84 251 -1 -1 -1 0 
660 427 1417 1187 65 224 -1 -1 -1 0 
660 429 5 1192 144 299 -1 -1 -1 0 
660 430 1286 1211 67 190 -1 -1 -1 0 
660 432 3235 1160 76 245 -1 -1 -1 0 
660 433 3653 1143 105 308 -1 -1 -1 0 
661 395 896 1162 95 281 -1 -1 -1 0 
661 412 2515 1147 86 267 -1 -1 -1 0 
661 413 2638 1159 95 277 -1 -1 -1 0 
661 414 2756 1139 115 283 -1 -1 -1 0 
661 415 2302 1172 68 257 -1 -1 -1 0 
661 422 1484 1184 84 237 -1 -1 -1 0 
661 424 3151 1153 86 252 -1 -1 -1 0 
661 427 1414 1188 70 224 -1 -1 -1 0 
661 429 6 1188 141 294 -1 -1 -1 0 
661 430 1283 1213 65 187 -1 -1 -1 0 
661 432 3234 1160 78 244 -1 -1 -1 0 
662 395 895 1162 96 280 -1 -1 -1 0 
662 412 2517 1148 86 265 -1 -1 -1 0 
662 413 2636 1162 96 275 -1 -1 -1 0 
662 414 2755 1139 116 282 -1 -1 -1 0 
662 415 2302 1172 70 259 -1 -1 -1 0 
662 422 1484 1184 84 237 -1 -1 -1 0 
662 424 3152 1153 83 253 -1 -1 -1 0 
662 427 1413 1188 72 224 -1 -1 -1 0 
662 429 3 1189 151 291 -1 -1 -1 0 
662 432 3235 1160 76 244 -1 -1 -1 0 
662 433 3653 1141 105 311 -1 -1 -1 0 
663 395 895 1162 96 280 -1 -1 -1 0 
663 412 2519 1148 83 264 -1 -1 -1 0 
663 413 2636 1163 96 274 -1 -1 -1 0 
663 414 2755 1139 115 282 -1 -1 -1 0 
663 415 2301 1174 73 257 -1 -1 -1 0 
663 422 1484 1184 85 237 -1 -1 -1 0 
663 424 3153 1152 82 254 -1 -1 -1 0 
663 427 1413 1188 72 224 -1 -1 -1 0 
663 429 8 1189 138 290 -1 -1 -1 0 
663 432 3236 1160 75 245 -1 -1 -1 0 
663 433 3653 1140 105 312 -1 -1 -1 0 
664 395 894 1161 97 284 -1 -1 -1 0 
664 412 2519 1147 79 266 -1 -1 -1 0 
664 413 2639 1164 90 274 -1 -1 -1 0 
664 414 2755 1141 116 280 -1 -1 -1 0 
664 415 2302 1173 71 260 -1 -1 -1 0 
664 422 1484 1186 85 233 -1 -1 -1 0 
664 424 3153 1152 83 254 -1 -1 -1 0 
664 427 1413 1188 72 223 -1 -1 -1 0 
664 429 9 1189 140 289 -1 -1 -1 0 
664 432 3237 1160 75 245 -1 -1 -1 0 
665 395 894 1161 97 285 -1 -1 -1 0 
665 412 2517 1147 82 267 -1 -1 -1 0 
665 413 2636 1162 95 275 -1 -1 -1 0 
665 414 2755 1141 116 280 -1 -1 -1 0 
665 415 2303 1173 70 260 -1 -1 -1 0 
665 422 1484 1187 85 232 -1 -1 -1 0 
665 424 3153 1151 83 255 -1 -1 -1 0 
665 427 1413 1188 72 223 -1 -1 -1 0 
665 432 3237 1160 75 245 -1 -1 -1 0 
665 433 3653 1139 105 315 -1 -1 -1 0 
666 395 893 1160 98 285 -1 -1 -1 0 
666 412 2517 1148 82 266 -1 -1 -1 0 
666 413 2632 1163 99 274 -1 -1 -1 0 
666 414 2755 1141 115 279 -1 -1 -1 0 
666 415 2303 1173 72 261 -1 -1 -1 0 
666 422 1485 1187 85 232 -1 -1 -1 0 
666 424 3153 1151 84 256 -1 -1 -1 0 
666 427 1413 1188 71 223 -1 -1 -1 0 
666 432 3238 1160 74 246 -1 -1 -1 0 
666 433 3653 1139 105 315 -1 -1 -1 0 
667 395 893 1161 97 284 -1 -1 -1 0 
667 412 2516 1146 83 268 -1 -1 -1 0 
667 413 2640 1161 86 277 -1 -1 -1 0 
667 414 2755 1141 114 279 -1 -1 -1 0 
667 415 2302 1173 75 261 -1 -1 -1 0 
667 422 1484 1186 87 233 -1 -1 -1 0 
667 424 3153 1151 83 256 -1 -1 -1 0 
667 427 1413 1188 71 222 -1 -1 -1 0 
667 432 3238 1159 75 247 -1 -1 -1 0 
667 433 3654 1138 103 316 -1 -1 -1 0 
668 395 893 1161 97 285 -1 -1 -1 0 
668 412 2517 1147 79 267 -1 -1 -1 0 
668 413 2646 1159 83 278 -1 -1 -1 0 
668 414 2753 1142 116 277 -1 -1 -1 0 
668 415 2302 1173 76 261 -1 -1 -1 0 
668 422 1484 1185 90 234 -1 -1 -1 0 
668 424 3150 1150 86 257 -1 -1 -1 0 
668 427 1413 1188 71 222 -1 -1 -1 0 
668 433 3654 1137 104 316 -1 -1 -1 0 
669 395 892 1161 98 287 -1 -1 -1 0 
669 412 2517 1148 78 265 -1 -1 -1 0 
669 413 2648 1158 83 277 -1 -1 -1 0 
669 414 2753 1142 115 277 -1 -1 -1 0 
669 415 2302 1173 76 262 -1 -1 -1 0 
669 422 1485 1185 88 234 -1 -1 -1 0 
669 424 3148 1149 88 258 -1 -1 -1 0 
669 427 1414 1188 70 222 -1 -1 -1 0 
669 433 3653 1136 105 317 -1 -1 -1 0 
669 440 2580 1149 82 260 -1 -1 -1 0 
670 395 893 1161 97 290 -1 -1 -1 0 
670 412 2516 1150 78 263 -1 -1 -1 0 
670 413 2649 1156 84 277 -1 -1 -1 0 
670 414 2754 1142 113 277 -1 -1 -1 0 
670 415 2304 1169 75 269 -1 -1 -1 0 
670 422 1485 1185 87 234 -1 -1 -1 0 
670 424 3148 1149 87 258 -1 -1 -1 0 
670 427 1418 1184 63 227 -1 -1 -1 0 
670 433 3652 1135 106 318 -1 -1 -1 0 
670 440 2580 1148 82 265 -1 -1 -1 0 
671 395 892 1161 99 290 -1 -1 -1 0 
671 412 2515 1150 78 265 -1 -1 -1 0 
671 413 2648 1154 88 282 -1 -1 -1 0 
671 414 2754 1140 114 280 -1 -1 -1 0 
671 415 2303 1166 80 273 -1 -1 -1 0 
671 422 1485 1186 85 232 -1 -1 -1 0 
671 424 3148 1148 87 259 -1 -1 -1 0 
671 427 1414 1187 72 223 -1 -1 -1 0 
671 433 3652 1135 106 318 -1 -1 -1 0 
671 440 2581 1146 79 258 -1 -1 -1 0 
671 441 1268 1184 70 209 -1 -1 -1 0 
671 442 3238 1163 73 244 -1 -1 -1 0 
672 395 891 1161 100 290 -1 -1 -1 0 
672 412 2513 1150 81 265 -1 -1 -1 0 
672 413 2647 1153 92 285 -1 -1 -1 0 
672 414 2754 1141 114 279 -1 -1 -1 0 
672 415 2305 1165 78 275 -1 -1 -1 0 
672 422 1485 1187 85 231 -1 -1 -1 0 
672 424 3148 1147 88 260 -1 -1 -1 0 
672 427 1415 1188 70 222 -1 -1 -1 0 
672 433 3651 1134 108 319 -1 -1 -1 0 
672 440 2582 1145 77 252 -1 -1 -1 0 
672 441 1266 1189 70 205 -1 -1 -1 0 
672 442 3237 1163 74 245 -1 -1 -1 0 
673 395 892 1161 98 289 -1 -1 -1 0 
673 412 2514 1151 80 264 -1 -1 -1 0 
673 413 2648 1153 95 286 -1 -1 -1 0 
673 414 2755 1142 113 279 -1 -1 -1 0 
673 415 2305 1167 78 273 -1 -1 -1 0 
673 422 1485 1187 85 231 -1 -1 -1 0 
673 424 3148 1147 88 260 -1 -1 -1 0 
673 427 1414 1188 71 222 -1 -1 -1 0 
673 433 3651 1133 108 320 -1 -1 -1 0 
673 440 2580 1146 81 253 -1 -1 -1 0 
673 441 1266 1193 68 199 -1 -1 -1 0 
673 442 3237 1164 73 244 -1 -1 -1 0 
674 395 893 1161 97 289 -1 -1 -1 0 
674 412 2517 1150 77 264 -1 -1 -1 0 
674 413 2648 1150 99 287 -1 -1 -1 0 
674 414 2755 1143 112 278 -1 -1 -1 0 
674 415 2304 1167 81 273 -1 -1 -1 0 
674 422 1484 1187 86 231 -1 -1 -1 0 
674 424 3148 1147 89 260 -1 -1 -1 0 
674 427 1414 1188 71 222 -1 -1 -1 0 
674 433 3651 1133 108 320 -1 -1 -1 0 
674 440 2580 1145 81 249 -1 -1 -1 0 
674 441 1266 1191 66 198 -1 -1 -1 0 
674 442 3237 1165 73 243 -1 -1 -1 0 
675 395 894 1160 96 290 -1 -1 -1 0 
675 412 2521 1150 72 267 -1 -1 -1 0 
675 413 2650 1152 102 285 -1 -1 -1 0 
675 414 2758 1145 108 277 -1 -1 -1 0 
675 415 2305 1167 81 272 -1 -1 -1 0 
675 422 1484 1187 86 232 -1 -1 -1 0 
675 424 3148 1147 89 260 -1 -1 -1 0 
675 427 1415 1187 70 223 -1 -1 -1 0 
675 433 3650 1132 109 321 -1 -1 -1 0 
675 440 2578 1145 83 251 -1 -1 -1 0 
675 441 1264 1187 68 204 -1 -1 -1 0 
675 442 3237 1166 73 242 -1 -1 -1 0 
676 395 894 1160 96 291 -1 -1 -1 0 
676 412 2519 1148 75 270 -1 -1 -1 0 
676 413 2648 1153 112 284 -1 -1 -1 0 
676 414 2758 1143 110 278 -1 -1 -1 0 
676 415 2307 1166 77 272 -1 -1 -1 0 
676 422 1485 1187 85 232 -1 -1 -1 0 
676 424 3147 1147 90 260 -1 -1 -1 0 
676 427 1415 1187 70 223 -1 -1 -1 0 
676 433 3650 1132 109 321 -1 -1 -1 0 
676 440 2578 1144 80 253 -1 -1 -1 0 
676 441 1264 1187 67 204 -1 -1 -1 0 
676 442 3237 1165 72 243 -1 -1 -1 0 
676 443 2474 1164 109 276 -1 -1 -1 0 
677 395 894 1161 97 290 -1 -1 -1 0 
677 412 2519 1148 75 270 -1 -1 -1 0 
677 413 2652 1156 110 281 -1 -1 -1 0 
677 414 2759 1143 108 278 -1 -1 -1 0 
677 415 2307 1166 79 272 -1 -1 -1 0 
677 422 1484 1186 88 233 -1 -1 -1 0 
677 424 3147 1147 90 259 -1 -1 -1 0 
677 427 1415 1187 70 223 -1 -1 -1 0 
677 433 3651 1132 108 321 -1 -1 -1 0 
677 440 2576 1147 83 250 -1 -1 -1 0 
677 441 1263 1186 65 204 -1 -1 -1 0 
678 395 894 1163 97 286 -1 -1 -1 0 
678 413 2657 1158 101 279 -1 -1 -1 0 
678 414 2759 1143 109 277 -1 -1 -1 0 
678 415 2308 1166 74 272 -1 -1 -1 0 
678 422 1484 1184 89 236 -1 -1 -1 0 
678 424 3146 1147 91 259 -1 -1 -1 0 
678 427 1415 1187 70 223 -1 -1 -1 0 
678 433 3650 1132 109 322 -1 -1 -1 0 
678 440 2575 1146 85 252 -1 -1 -1 0 
678 441 1261 1189 66 195 -1 -1 -1 0 
678 442 3236 1163 73 246 -1 -1 -1 0 
679 395 895 1163 95 287 -1 -1 -1 0 
679 413 2661 1159 95 277 -1 -1 -1 0 
679 414 2761 1145 106 274 -1 -1 -1 0 
679 415 2308 1168 72 270 -1 -1 -1 0 
679 422 1484 1184 90 236 -1 -1 -1 0 
679 424 3146 1148 91 258 -1 -1 -1 0 
679 427 1414 1187 71 223 -1 -1 -1 0 
679 433 3650 1132 109 322 -1 -1 -1 0 
679 440 2574 1143 87 255 -1 -1 -1 0 
679 441 1262 1194 63 184 -1 -1 -1 0 
679 442 3236 1161 73 248 -1 -1 -1 0 
680 395 895 1162 95 289 -1 -1 -1 0 
680 413 2663 1157 94 279 -1 -1 -1 0 
680 414 2761 1144 106 275 -1 -1 -1 0 
680 415 2308 1168 69 270 -1 -1 -1 0 
680 422 1484 1185 90 234 -1 -1 -1 0 
680 424 3145 1150 93 256 -1 -1 -1 0 
680 427 1414 1187 71 223 -1 -1 -1 0 
680 433 3650 1132 109 322 -1 -1 -1 0 
680 440 2574 1144 86 256 -1 -1 -1 0 
680 441 1261 1194 62 183 -1 -1 -1 0 
680 442 3235 1161 74 247 -1 -1 -1 0 
681 395 895 1162 95 289 -1 -1 -1 0 
681 413 2662 1156 95 278 -1 -1 -1 0 
681 414 2761 1143 106 276 -1 -1 -1 0 
681 415 2307 1169 68 269 -1 -1 -1 0 
681 422 1485 1185 89 234 -1 -1 -1 0 
681 424 3146 1150 91 256 -1 -1 -1 0 
681 427 1415 1187 69 223 -1 -1 -1 0 
681 433 3649 1132 110 321 -1 -1 -1 0 
681 440 2575 1146 85 256 -1 -1 -1 0 
681 442 3235 1161 74 247 -1 -1 -1 0 
681 444 2511 1157 78 279 -1 -1 -1 0 
682 395 895 1162 95 289 -1 -1 -1 0 
682 413 2663 1156 95 279 -1 -1 -1 0 
682 414 2760 1141 107 279 -1 -1 -1 0 
682 415 2307 1170 68 268 -1 -1 -1 0 
682 422 1485 1186 88 233 -1 -1 -1 0 
682 424 3145 1150 93 257 -1 -1 -1 0 
682 427 1415 1187 69 223 -1 -1 -1 0 
682 433 3649 1132 110 321 -1 -1 -1 0 
682 440 2575 1151 86 250 -1 -1 -1 0 
682 442 3235 1161 74 247 -1 -1 -1 0 
682 444 2513 1161 77 270 -1 -1 -1 0 
683 395 894 1162 96 288 -1 -1 -1 0 
683 413 2670 1157 85 278 -1 -1 -1 0 
683 414 2759 1141 109 279 -1 -1 -1 0 
683 415 2307 1171 68 267 -1 -1 -1 0 
683 422 1485 1187 88 231 -1 -1 -1 0 
683 424 3144 1150 95 257 -1 -1 -1 0 
683 427 1414 1187 71 223 -1 -1 -1 0 
683 433 3649 1132 110 321 -1 -1 -1 0 
683 440 2575 1152 86 248 -1 -1 -1 0 
683 442 3235 1161 74 247 -1 -1 -1 0 
683 444 2514 1172 76 258 -1 -1 -1 0 
684 395 894 1162 96 288 -1 -1 -1 0 
684 413 2671 1156 85 278 -1 -1 -1 0 
684 414 2758 1140 109 279 -1 -1 -1 0 
684 415 2307 1171 69 267 -1 -1 -1 0 
684 422 1484 1188 89 230 -1 -1 -1 0 
684 424 3143 1150 96 257 -1 -1 -1 0 
684 427 1414 1187 71 223 -1 -1 -1 0 
684 433 3650 1132 109 321 -1 -1 -1 0 
684 442 3235 1161 75 247 -1 -1 -1 0 
684 444 2516 1180 74 254 -1 -1 -1 0 
685 395 894 1162 96 287 -1 -1 -1 0 
685 413 2669 1158 92 276 -1 -1 -1 0 
685 414 2758 1140 109 279 -1 -1 -1 0 
685 415 2308 1171 68 267 -1 -1 -1 0 
685 422 1485 1188 87 230 -1 -1 -1 0 
685 424 3142 1150 96 257 -1 -1 -1 0 
685 427 1414 1187 71 223 -1 -1 -1 0 
685 433 3649 1131 110 321 -1 -1 -1 0 
685 442 3235 1160 75 248 -1 -1 -1 0 
685 444 2517 1184 74 252 -1 -1 -1 0 
685 446 2448 1157 73 222 -1 -1 -1 0 
686 395 895 1162 95 287 -1 -1 -1 0 
686 413 2670 1161 96 270 -1 -1 -1 0 
686 414 2761 1141 106 278 -1 -1 -1 0 
686 415 2307 1172 67 266 -1 -1 -1 0 
686 422 1485 1190 86 228 -1 -1 -1 0 
686 424 3142 1149 95 258 -1 -1 -1 0 
686 427 1414 1187 71 223 -1 -1 -1 0 
686 433 3650 1131 109 321 -1 -1 -1 0 
686 442 3235 1162 75 246 -1 -1 -1 0 
686 444 2516 1175 82 264 -1 -1 -1 0 
686 446 2449 1157 74 222 -1 -1 -1 0 
687 395 895 1162 95 287 -1 -1 -1 0 
687 413 2670 1160 99 271 -1 -1 -1 0 
687 414 2759 1141 110 277 -1 -1 -1 0 
687 415 2306 1172 69 266 -1 -1 -1 0 
687 422 1485 1190 85 228 -1 -1 -1 0 
687 424 3141 1149 96 258 -1 -1 -1 0 
687 427 1414 1187 71 223 -1 -1 -1 0 
687 433 3650 1132 110 320 -1 -1 -1 0 
687 442 3235 1162 75 246 -1 -1 -1 0 
687 444 2518 1177 81 263 -1 -1 -1 0 
688 395 894 1162 96 287 -1 -1 -1 0 
688 413 2670 1161 100 269 -1 -1 -1 0 
688 414 2759 1142 110 276 -1 -1 -1 0 
688 415 2305 1172 70 267 -1 -1 -1 0 
688 422 1485 1190 86 228 -1 -1 -1 0 
688 424 3141 1149 96 258 -1 -1 -1 0 
688 427 1415 1187 69 223 -1 -1 -1 0 
688 433 3650 1132 110 320 -1 -1 -1 0 
688 442 3235 1162 76 245 -1 -1 -1 0 
688 446 2452 1158 73 218 -1 -1 -1 0 
689 395 894 1162 96 287 -1 -1 -1 0 
689 413 2669 1161 102 270 -1 -1 -1 0 
689 414 2757 1144 111 274 -1 -1 -1 0 
689 415 2306 1171 66 268 -1 -1 -1 0 
689 422 1485 1189 85 229 -1 -1 -1 0 
689 424 3140 1148 97 259 -1 -1 -1 0 
689 427 1415 1187 69 223 -1 -1 -1 0 
689 433 3651 1132 108 320 -1 -1 -1 0 
689 442 3235 1162 75 245 -1 -1 -1 0 
689 446 2453 1158 73 216 -1 -1 -1 0 
690 395 894 1163 97 285 -1 -1 -1 0 
690 413 2668 1160 104 272 -1 -1 -1 0 
690 414 2756 1144 113 273 -1 -1 -1 0 
690 415 2305 1170 65 270 -1 -1 -1 0 
690 422 1484 1189 87 229 -1 -1 -1 0 
690 424 3139 1148 97 259 -1 -1 -1 0 
690 427 1415 1187 69 223 -1 -1 -1 0 
690 433 3651 1132 108 320 -1 -1 -1 0 
690 442 3235 1163 76 244 -1 -1 -1 0 
690 446 2454 1159 72 214 -1 -1 -1 0 
691 395 894 1163 96 285 -1 -1 -1 0 
691 413 2667 1161 105 271 -1 -1 -1 0 
691 414 2759 1144 110 273 -1 -1 -1 0 
691 415 2305 1169 65 269 -1 -1 -1 0 
691 422 1484 1189 87 229 -1 -1 -1 0 
691 424 3138 1148 99 259 -1 -1 -1 0 
691 427 1414 1187 70 224 -1 -1 -1 0 
691 433 3652 1131 107 321 -1 -1 -1 0 
691 442 3235 1163 76 244 -1 -1 -1 0 
691 447 2538 1177 121 268 -1 -1 -1 0 
692 395 895 1164 95 285 -1 -1 -1 0 
692 413 2668 1161 104 271 -1 -1 -1 0 
692 414 2760 1145 108 273 -1 -1 -1 0 
692 415 2304 1169 66 267 -1 -1 -1 0 
692 422 1484 1189 88 229 -1 -1 -1 0 
692 424 3137 1147 99 260 -1 -1 -1 0 
692 427 1414 1187 71 224 -1 -1 -1 0 
692 433 3652 1131 108 321 -1 -1 -1 0 
692 442 3236 1166 74 240 -1 -1 -1 0 
692 447 2549 1179 117 265 -1 -1 -1 0 
693 395 896 1164 94 286 -1 -1 -1 0 
693 413 2669 1161 101 272 -1 -1 -1 0 
693 414 2759 1149 109 268 -1 -1 -1 0 
693 415 2304 1167 66 269 -1 -1 -1 0 
693 422 1484 1188 89 230 -1 -1 -1 0 
693 424 3137 1148 99 259 -1 -1 -1 0 
693 427 1414 1187 71 224 -1 -1 -1 0 
693 433 3651 1131 109 321 -1 -1 -1 0 
693 442 3236 1168 74 238 -1 -1 -1 0 
693 447 2555 1179 115 268 -1 -1 -1 0 
694 395 892 1165 100 278 -1 -1 -1 0 
694 413 2667 1162 102 272 -1 -1 -1 0 
694 414 2759 1151 100 264 -1 -1 -1 0 
694 415 2303 1165 66 273 -1 -1 -1 0 
694 422 1485 1188 88 231 -1 -1 -1 0 
694 424 3136 1150 100 257 -1 -1 -1 0 
694 427 1414 1189 72 222 -1 -1 -1 0 
694 433 3652 1130 108 321 -1 -1 -1 0 
694 442 3236 1168 73 238 -1 -1 -1 0 
694 447 2562 1181 110 267 -1 -1 -1 0 
695 395 892 1165 99 275 -1 -1 -1 0 
695 413 2667 1162 101 272 -1 -1 -1 0 
695 414 2757 1152 100 262 -1 -1 -1 0 
695 415 2303 1164 66 275 -1 -1 -1 0 
695 422 1485 1188 88 231 -1 -1 -1 0 
695 424 3135 1150 101 257 -1 -1 -1 0 
695 427 1414 1189 72 222 -1 -1 -1 0 
695 433 3652 1130 108 321 -1 -1 -1 0 
695 447 2562 1185 112 265 -1 -1 -1 0 
696 395 893 1166 97 274 -1 -1 -1 0 
696 413 2668 1162 100 271 -1 -1 -1 0 
696 414 2759 1151 96 263 -1 -1 -1 0 
696 415 2302 1164 66 275 -1 -1 -1 0 
696 422 1485 1188 88 232 -1 -1 -1 0 
696 424 3136 1151 100 256 -1 -1 -1 0 
696 427 1415 1190 71 221 -1 -1 -1 0 
696 433 3653 1130 107 320 -1 -1 -1 0 
696 447 2573 1174 101 277 -1 -1 -1 0 
696 450 1241 1170 70 210 -1 -1 -1 0 
697 395 893 1166 97 275 -1 -1 -1 0 
697 413 2669 1163 99 269 -1 -1 -1 0 
697 414 2758 1151 98 263 -1 -1 -1 0 
697 415 2301 1164 66 276 -1 -1 -1 0 
697 422 1484 1188 90 232 -1 -1 -1 0 
697 424 3138 1151 98 255 -1 -1 -1 0 
697 427 1415 1190 71 221 -1 -1 -1 0 
697 433 3653 1129 108 321 -1 -1 -1 0 
697 447 2573 1160 101 292 -1 -1 -1 0 
697 450 1240 1170 71 209 -1 -1 -1 0 
698 395 892 1166 98 274 -1 -1 -1 0 
698 413 2672 1163 94 269 -1 -1 -1 0 
698 414 2757 1152 97 262 -1 -1 -1 0 
698 415 2295 1169 76 267 -1 -1 -1 0 
698 422 1484 1188 92 232 -1 -1 -1 0 
698 424 3137 1152 99 254 -1 -1 -1 0 
698 427 1415 1190 70 221 -1 -1 -1 0 
698 433 3653 1129 108 321 -1 -1 -1 0 
698 447 2574 1160 103 291 -1 -1 -1 0 
698 450 1239 1175 72 184 -1 -1 -1 0 
698 451 2524 1150 81 284 -1 -1 -1 0 
699 395 892 1166 99 272 -1 -1 -1 0 
699 413 2671 1164 95 269 -1 -1 -1 0 
699 414 2757 1154 94 260 -1 -1 -1 0 
699 415 2294 1171 76 265 -1 -1 -1 0 
699 422 1484 1188 94 232 -1 -1 -1 0 
699 424 3138 1152 98 254 -1 -1 -1 0 
699 427 1414 1190 71 221 -1 -1 -1 0 
699 433 3653 1129 108 321 -1 -1 -1 0 
699 447 2586 1164 89 284 -1 -1 -1 0 
699 450 1239 1175 70 182 -1 -1 -1 0 
699 451 2525 1153 83 277 -1 -1 -1 0 
700 395 892 1166 98 272 -1 -1 -1 0 
700 413 2672 1164 94 268 -1 -1 -1 0 
700 414 2756 1155 94 260 -1 -1 -1 0 
700 415 2293 1174 75 260 -1 -1 -1 0 
700 422 1484 1188 95 232 -1 -1 -1 0 
700 424 3138 1152 97 254 -1 -1 -1 0 
700 427 1415 1190 70 221 -1 -1 -1 0 
700 433 3653 1129 108 321 -1 -1 -1 0 
700 447 2588 1162 90 284 -1 -1 -1 0 
700 451 2523 1156 83 269 -1 -1 -1 0 
701 395 892 1166 98 273 -1 -1 -1 0 
701 413 2677 1166 87 265 -1 -1 -1 0 
701 414 2756 1157 92 258 -1 -1 -1 0 
701 415 2294 1175 73 254 -1 -1 -1 0 
701 422 1484 1187 96 233 -1 -1 -1 0 
701 424 3139 1151 94 255 -1 -1 -1 0 
701 427 1415 1189 69 222 -1 -1 -1 0 
701 433 3653 1129 108 322 -1 -1 -1 0 
701 447 2595 1176 85 273 -1 -1 -1 0 
701 451 2525 1158 81 261 -1 -1 -1 0 
702 395 893 1165 97 273 -1 -1 -1 0 
702 413 2677 1168 87 263 -1 -1 -1 0 
702 414 2752 1158 96 258 -1 -1 -1 0 
702 415 2293 1173 76 254 -1 -1 -1 0 
702 422 1484 1187 96 233 -1 -1 -1 0 
702 424 3139 1151 93 255 -1 -1 -1 0 
702 427 1415 1189 69 222 -1 -1 -1 0 
702 433 3653 1129 108 322 -1 -1 -1 0 
702 447 2600 1177 84 272 -1 -1 -1 0 
702 451 2528 1159 84 260 -1 -1 -1 0 
703 395 892 1165 98 275 -1 -1 -1 0 
703 413 2677 1170 87 261 -1 -1 -1 0 
703 414 2751 1163 94 253 -1 -1 -1 0 
703 415 2293 1174 75 253 -1 -1 -1 0 
703 422 1484 1187 97 233 -1 -1 -1 0 
703 424 3139 1151 92 255 -1 -1 -1 0 
703 427 1415 1189 69 222 -1 -1 -1 0 
703 433 3652 1130 109 321 -1 -1 -1 0 
703 451 2530 1160 86 259 -1 -1 -1 0 
704 395 892 1165 98 274 -1 -1 -1 0 
704 413 2673 1170 91 265 -1 -1 -1 0 
704 414 2752 1163 92 253 -1 -1 -1 0 
704 415 2292 1175 77 253 -1 -1 -1 0 
704 422 1484 1189 96 231 -1 -1 -1 0 
704 424 3138 1151 93 255 -1 -1 -1 0 
704 427 1414 1189 71 221 -1 -1 -1 0 
704 433 3653 1130 108 321 -1 -1 -1 0 
704 451 2531 1157 84 263 -1 -1 -1 0 
704 454 2460 1156 88 261 -1 -1 -1 0 
704 455 3233 1163 77 241 -1 -1 -1 0 
705 395 892 1166 99 273 -1 -1 -1 0 
705 413 2676 1169 89 265 -1 -1 -1 0 
705 414 2753 1162 93 255 -1 -1 -1 0 
705 415 2291 1176 77 251 -1 -1 -1 0 
705 422 1484 1190 95 230 -1 -1 -1 0 
705 424 3139 1151 91 255 -1 -1 -1 0 
705 427 1414 1189 71 221 -1 -1 -1 0 
705 433 3653 1130 108 322 -1 -1 -1 0 
705 451 2534 1158 80 260 -1 -1 -1 0 
705 454 2465 1154 79 250 -1 -1 -1 0 
705 455 3233 1166 76 238 -1 -1 -1 0 
705 456 2607 1175 91 270 -1 -1 -1 0 
706 395 893 1166 97 272 -1 -1 -1 0 
706 413 2675 1167 89 269 -1 -1 -1 0 
706 414 2751 1161 98 258 -1 -1 -1 0 
706 415 2292 1177 76 248 -1 -1 -1 0 
706 422 1484 1190 95 230 -1 -1 -1 0 
706 424 3141 1151 88 256 -1 -1 -1 0 
706 427 1415 1189 69 221 -1 -1 -1 0 
706 433 3653 1130 107 322 -1 -1 -1 0 
706 451 2536 1158 78 262 -1 -1 -1 0 
706 454 2465 1152 78 249 -1 -1 -1 0 
706 455 3233 1164 77 245 -1 -1 -1 0 
706 456 2611 1174 91 271 -1 -1 -1 0 
707 395 893 1164 97 276 -1 -1 -1 0 
707 413 2673 1163 91 280 -1 -1 -1 0 
707 414 2751 1158 98 262 -1 -1 -1 0 
707 415 2293 1177 75 247 -1 -1 -1 0 
707 422 1484 1191 95 229 -1 -1 -1 0 
707 424 3139 1151 88 256 -1 -1 -1 0 
707 427 1415 1189 69 221 -1 -1 -1 0 
707 433 3653 1130 108 322 -1 -1 -1 0 
707 451 2537 1155 77 268 -1 -1 -1 0 
707 455 3233 1163 78 246 -1 -1 -1 0 
707 456 2613 1174 91 272 -1 -1 -1 0 
707 457 1657 1194 72 237 -1 -1 -1 0 
708 395 892 1164 98 277 -1 -1 -1 0 
708 413 2677 1165 87 280 -1 -1 -1 0 
708 414 2751 1158 98 262 -1 -1 -1 0 
708 415 2291 1179 78 244 -1 -1 -1 0 
708 422 1484 1191 93 229 -1 -1 -1 0 
708 424 3138 1151 89 256 -1 -1 -1 0 
708 427 1414 1189 71 221 -1 -1 -1 0 
708 433 3653 1129 108 323 -1 -1 -1 0 
708 451 2541 1156 71 268 -1 -1 -1 0 
708 455 3232 1163 77 242 -1 -1 -1 0 
709 395 892 1164 98 277 -1 -1 -1 0 
709 413 2674 1165 93 281 -1 -1 -1 0 
709 415 2292 1178 75 246 -1 -1 -1 0 
709 422 1484 1190 92 230 -1 -1 -1 0 
709 424 3136 1151 91 256 -1 -1 -1 0 
709 427 1414 1189 71 221 -1 -1 -1 0 
709 433 3653 1129 108 323 -1 -1 -1 0 
709 451 2539 1156 73 267 -1 -1 -1 0 
709 455 3231 1162 78 242 -1 -1 -1 0 
709 458 2476 1158 72 244 -1 -1 -1 0 
710 395 892 1164 98 278 -1 -1 -1 0 
710 413 2662 1169 104 281 -1 -1 -1 0 
710 415 2292 1179 75 246 -1 -1 -1 0 
710 422 1484 1190 92 230 -1 -1 -1 0 
710 424 3138 1151 88 256 -1 -1 -1 0 
710 427 1418 1187 63 223 -1 -1 -1 0 
710 433 3653 1129 107 323 -1 -1 -1 0 
710 451 2537 1155 79 269 -1 -1 -1 0 
710 455 3231 1161 78 242 -1 -1 -1 0 
710 458 2481 1159 77 248 -1 -1 -1 0 
711 395 892 1164 98 280 -1 -1 -1 0 
711 413 2653 1174 115 277 -1 -1 -1 0 
711 415 2288 1179 80 247 -1 -1 -1 0 
711 422 1483 1191 92 229 -1 -1 -1 0 
711 424 3139 1151 87 255 -1 -1 -1 0 
711 427 1414 1188 71 222 -1 -1 -1 0 
711 433 3653 1129 108 323 -1 -1 -1 0 
711 451 2531 1155 86 268 -1 -1 -1 0 
711 455 3230 1162 81 241 -1 -1 -1 0 
711 458 2487 1157 77 252 -1 -1 -1 0 
711 459 1641 1195 58 235 -1 -1 -1 0 
712 395 892 1165 98 279 -1 -1 -1 0 
712 413 2650 1177 119 273 -1 -1 -1 0 
712 415 2286 1178 82 248 -1 -1 -1 0 
712 422 1483 1191 93 230 -1 -1 -1 0 
712 424 3141 1151 85 255 -1 -1 -1 0 
712 427 1414 1189 71 221 -1 -1 -1 0 
712 433 3653 1129 108 323 -1 -1 -1 0 
712 451 2532 1155 86 268 -1 -1 -1 0 
712 455 3230 1162 81 241 -1 -1 -1 0 
712 458 2491 1157 80 257 -1 -1 -1 0 
713 395 891 1165 99 277 -1 -1 -1 0 
713 413 2654 1179 111 270 -1 -1 -1 0 
713 415 2284 1178 84 248 -1 -1 -1 0 
713 422 1483 1189 95 232 -1 -1 -1 0 
713 424 3141 1151 86 255 -1 -1 -1 0 
713 427 1414 1189 71 221 -1 -1 -1 0 
713 433 3653 1129 107 323 -1 -1 -1 0 
713 455 3230 1163 81 239 -1 -1 -1 0 
713 458 2495 1157 83 266 -1 -1 -1 0 
713 459 1624 1202 69 222 -1 -1 -1 0 
714 395 892 1165 98 277 -1 -1 -1 0 
714 413 2663 1174 100 274 -1 -1 -1 0 
714 415 2281 1178 85 247 -1 -1 -1 0 
714 422 1483 1189 95 232 -1 -1 -1 0 
714 424 3142 1150 86 255 -1 -1 -1 0 
714 427 1413 1190 72 220 -1 -1 -1 0 
714 433 3652 1130 109 322 -1 -1 -1 0 
714 455 3229 1163 81 239 -1 -1 -1 0 
714 458 2496 1159 88 267 -1 -1 -1 0 
714 459 1611 1203 83 222 -1 -1 -1 0 
715 395 892 1166 98 277 -1 -1 -1 0 
715 413 2655 1162 124 291 -1 -1 -1 0 
715 415 2285 1179 78 244 -1 -1 -1 0 
715 422 1484 1187 94 234 -1 -1 -1 0 
715 424 3142 1150 86 255 -1 -1 -1 0 
715 427 1414 1190 70 221 -1 -1 -1 0 
715 433 3652 1130 109 323 -1 -1 -1 0 
715 455 3231 1163 78 239 -1 -1 -1 0 
715 458 2499 1161 91 271 -1 -1 -1 0 
715 459 1601 1204 94 220 -1 -1 -1 0 
716 395 892 1166 98 278 -1 -1 -1 0 
716 413 2654 1161 127 293 -1 -1 -1 0 
716 415 2285 1178 79 240 -1 -1 -1 0 
716 422 1485 1187 92 235 -1 -1 -1 0 
716 424 3141 1150 88 255 -1 -1 -1 0 
716 427 1414 1190 70 221 -1 -1 -1 0 
716 433 3652 1130 111 322 -1 -1 -1 0 
716 455 3232 1163 77 239 -1 -1 -1 0 
716 458 2502 1161 89 272 -1 -1 -1 0 
717 395 893 1166 97 279 -1 -1 -1 0 
717 415 2284 1178 80 241 -1 -1 -1 0 
717 422 1486 1187 89 235 -1 -1 -1 0 
717 424 3144 1150 84 255 -1 -1 -1 0 
717 427 1414 1190 71 222 -1 -1 -1 0 
717 433 3652 1131 113 321 -1 -1 -1 0 
717 455 3233 1163 76 239 -1 -1 -1 0 
717 458 2503 1163 89 269 -1 -1 -1 0 
717 459 1578 1197 109 233 -1 -1 -1 0 
718 395 893 1166 97 279 -1 -1 -1 0 
718 415 2283 1177 79 240 -1 -1 -1 0 
718 422 1487 1187 86 235 -1 -1 -1 0 
718 424 3146 1150 81 255 -1 -1 -1 0 
718 427 1414 1190 71 222 -1 -1 -1 0 
718 433 3651 1131 116 320 -1 -1 -1 0 
718 455 3232 1163 77 239 -1 -1 -1 0 
718 458 2507 1163 82 268 -1 -1 -1 0 
718 459 1570 1197 114 235 -1 -1 -1 0 
719 395 892 1166 99 277 -1 -1 -1 0 
719 415 2284 1176 78 244 -1 -1 -1 0 
719 422 1486 1187 86 234 -1 -1 -1 0 
719 424 3147 1151 81 254 -1 -1 -1 0 
719 427 1415 1191 70 221 -1 -1 -1 0 
719 433 3651 1131 118 320 -1 -1 -1 0 
719 455 3230 1163 79 239 -1 -1 -1 0 
719 458 2510 1164 80 269 -1 -1 -1 0 
719 459 1564 1194 120 238 -1 -1 -1 0 
719 463 2426 1154 87 227 -1 -1 -1 0 
720 395 893 1166 98 277 -1 -1 -1 0 
720 415 2285 1176 76 241 -1 -1 -1 0 
720 422 1486 1188 86 233 -1 -1 -1 0 
720 424 3148 1151 81 254 -1 -1 -1 0 
720 427 1415 1191 70 221 -1 -1 -1 0 
720 433 3651 1131 119 319 -1 -1 -1 0 
720 455 3230 1163 78 239 -1 -1 -1 0 
720 458 2508 1161 96 270 -1 -1 -1 0 
720 459 1568 1192 95 236 -1 -1 -1 0 
720 463 2429 1154 86 222 -1 -1 -1 0 
720 464 2696 1174 101 273 -1 -1 -1 0 
720 465 2617 1169 79 238 -1 -1 -1 0 
721 395 891 1167 99 273 -1 -1 -1 0 
721 415 2284 1176 77 240 -1 -1 -1 0 
721 422 1487 1188 80 231 -1 -1 -1 0 
721 424 3148 1150 82 256 -1 -1 -1 0 
721 427 1415 1191 69 221 -1 -1 -1 0 
721 433 3652 1131 119 319 -1 -1 -1 0 
721 455 3230 1163 78 239 -1 -1 -1 0 
721 458 2512 1162 97 275 -1 -1 -1 0 
721 459 1564 1190 80 230 -1 -1 -1 0 
721 463 2431 1154 85 222 -1 -1 -1 0 
721 464 2703 1178 95 267 -1 -1 -1 0 
721 465 2612 1172 82 234 -1 -1 -1 0 
722 395 891 1167 100 273 -1 -1 -1 0 
722 415 2284 1174 77 241 -1 -1 -1 0 
722 422 1486 1189 80 230 -1 -1 -1 0 
722 424 3148 1150 83 256 -1 -1 -1 0 
722 427 1414 1191 71 221 -1 -1 -1 0 
722 433 3653 1131 115 319 -1 -1 -1 0 
722 455 3230 1164 78 238 -1 -1 -1 0 
722 458 2513 1161 95 276 -1 -1 -1 0 
722 459 1562 1188 70 228 -1 -1 -1 0 
722 463 2433 1153 85 223 -1 -1 -1 0 
722 464 2702 1177 104 272 -1 -1 -1 0 
723 395 891 1167 99 272 -1 -1 -1 0 
723 415 2284 1171 77 246 -1 -1 -1 0 
723 422 1485 1188 80 231 -1 -1 -1 0 
723 424 3146 1150 86 256 -1 -1 -1 0 
723 427 1415 1191 69 221 -1 -1 -1 0 
723 433 3653 1132 115 318 -1 -1 -1 0 
723 455 3230 1164 78 238 -1 -1 -1 0 
723 458 2517 1161 95 278 -1 -1 -1 0 
723 459 1559 1186 66 226 -1 -1 -1 0 
723 464 2703 1177 105 271 -1 -1 -1 0 
723 465 2600 1176 79 233 -1 -1 -1 0 
724 395 894 1171 96 264 -1 -1 -1 0 
724 415 2279 1171 85 246 -1 -1 -1 0 
724 422 1484 1188 76 230 -1 -1 -1 0 
724 424 3142 1151 94 255 -1 -1 -1 0 
724 427 1417 1189 65 223 -1 -1 -1 0 
724 433 3652 1132 113 318 -1 -1 -1 0 
724 455 3229 1165 81 238 -1 -1 -1 0 
724 458 2523 1159 92 276 -1 -1 -1 0 
724 459 1553 1187 62 224 -1 -1 -1 0 
724 464 2730 1180 83 267 -1 -1 -1 0 
725 395 895 1172 94 261 -1 -1 -1 0 
725 415 2279 1173 83 246 -1 -1 -1 0 
725 422 1482 1190 74 225 -1 -1 -1 0 
725 424 3141 1151 95 255 -1 -1 -1 0 
725 427 1417 1189 65 223 -1 -1 -1 0 
725 433 3652 1132 113 318 -1 -1 -1 0 
725 455 3228 1165 82 238 -1 -1 -1 0 
725 458 2526 1161 90 273 -1 -1 -1 0 
725 459 1546 1187 64 226 -1 -1 -1 0 
725 464 2737 1181 81 267 -1 -1 -1 0 
726 395 895 1173 94 260 -1 -1 -1 0 
726 415 2278 1173 90 251 -1 -1 -1 0 
726 422 1483 1190 68 224 -1 -1 -1 0 
726 424 3140 1151 97 256 -1 -1 -1 0 
726 427 1417 1189 64 223 -1 -1 -1 0 
726 433 3652 1131 112 319 -1 -1 -1 0 
726 455 3228 1165 84 238 -1 -1 -1 0 
726 458 2528 1160 91 275 -1 -1 -1 0 
726 459 1542 1185 59 231 -1 -1 -1 0 
726 467 2671 1166 89 271 -1 -1 -1 0 
727 395 894 1173 96 261 -1 -1 -1 0 
727 415 2282 1174 84 252 -1 -1 -1 0 
727 422 1482 1190 69 227 -1 -1 -1 0 
727 424 3141 1151 95 256 -1 -1 -1 0 
727 427 1416 1188 66 224 -1 -1 -1 0 
727 433 3652 1131 112 319 -1 -1 -1 0 
727 455 3229 1166 83 237 -1 -1 -1 0 
727 458 2533 1160 84 272 -1 -1 -1 0 
727 459 1537 1185 59 237 -1 -1 -1 0 
727 467 2671 1163 90 275 -1 -1 -1 0 
728 395 894 1175 96 259 -1 -1 -1 0 
728 415 2283 1174 82 252 -1 -1 -1 0 
728 422 1481 1192 67 226 -1 -1 -1 0 
728 424 3140 1151 96 256 -1 -1 -1 0 
728 427 1415 1188 68 225 -1 -1 -1 0 
728 433 3652 1131 110 319 -1 -1 -1 0 
728 455 3229 1166 83 238 -1 -1 -1 0 
728 458 2536 1163 79 275 -1 -1 -1 0 
728 459 1534 1187 63 237 -1 -1 -1 0 
728 467 2669 1160 96 280 -1 -1 -1 0 
728 468 2747 1182 132 268 -1 -1 -1 0 
728 469 1650 1201 81 219 -1 -1 -1 0 
729 395 895 1176 95 256 -1 -1 -1 0 
729 415 2287 1171 80 254 -1 -1 -1 0 
729 422 1479 1193 68 226 -1 -1 -1 0 
729 424 3142 1152 93 255 -1 -1 -1 0 
729 427 1415 1188 67 226 -1 -1 -1 0 
729 433 3651 1131 111 319 -1 -1 -1 0 
729 455 3230 1167 82 237 -1 -1 -1 0 
729 458 2532 1161 86 280 -1 -1 -1 0 
729 459 1529 1187 62 237 -1 -1 -1 0 
729 467 2668 1157 100 285 -1 -1 -1 0 
729 468 2752 1187 134 263 -1 -1 -1 0 
729 469 1639 1199 90 224 -1 -1 -1 0 
730 395 894 1176 96 255 -1 -1 -1 0 
730 415 2285 1171 87 256 -1 -1 -1 0 
730 422 1478 1193 71 227 -1 -1 -1 0 
730 424 3142 1152 93 254 -1 -1 -1 0 
730 427 1415 1188 67 226 -1 -1 -1 0 
730 433 3651 1131 110 320 -1 -1 -1 0 
730 455 3231 1168 82 236 -1 -1 -1 0 
730 458 2534 1159 99 282 -1 -1 -1 0 
730 467 2669 1157 95 284 -1 -1 -1 0 
730 468 2752 1179 139 272 -1 -1 -1 0 
730 469 1628 1201 102 223 -1 -1 -1 0 
730 470 2447 1156 96 271 -1 -1 -1 0 
731 395 895 1175 94 255 -1 -1 -1 0 
731 415 2285 1171 84 256 -1 -1 -1 0 
731 422 1477 1194 70 226 -1 -1 -1 0 
731 424 3143 1152 92 254 -1 -1 -1 0 
731 427 1415 1187 67 228 -1 -1 -1 0 
731 433 3650 1131 111 320 -1 -1 -1 0 
731 455 3231 1170 82 234 -1 -1 -1 0 
731 458 2536 1161 100 280 -1 -1 -1 0 
731 467 2667 1155 97 284 -1 -1 -1 0 
731 468 2754 1162 138 291 -1 -1 -1 0 
731 469 1615 1204 118 224 -1 -1 -1 0 
731 470 2451 1156 93 257 -1 -1 -1 0 
732 395 894 1175 96 254 -1 -1 -1 0 
732 415 2285 1170 85 256 -1 -1 -1 0 
732 424 3142 1152 93 254 -1 -1 -1 0 
732 427 1415 1187 68 229 -1 -1 -1 0 
732 433 3651 1131 109 320 -1 -1 -1 0 
732 455 3230 1171 84 233 -1 -1 -1 0 
732 458 2538 1158 98 284 -1 -1 -1 0 
732 467 2666 1156 98 282 -1 -1 -1 0 
732 468 2760 1151 135 301 -1 -1 -1 0 
732 469 1597 1203 134 226 -1 -1 -1 0 
732 470 2452 1155 92 254 -1 -1 -1 0 
732 471 1488 1187 89 235 -1 -1 -1 0 
733 395 894 1174 95 255 -1 -1 -1 0 
733 415 2285 1171 85 254 -1 -1 -1 0 
733 424 3143 1152 91 253 -1 -1 -1 0 
733 427 1414 1187 69 231 -1 -1 -1 0 
733 433 3651 1132 110 320 -1 -1 -1 0 
733 455 3231 1171 82 233 -1 -1 -1 0 
733 458 2540 1158 92 285 -1 -1 -1 0 
733 467 2667 1157 100 280 -1 -1 -1 0 
733 468 2764 1144 130 309 -1 -1 -1 0 
733 469 1588 1206 140 224 -1 -1 -1 0 
733 470 2455 1154 91 255 -1 -1 -1 0 
733 471 1481 1186 93 238 -1 -1 -1 0 
734 395 893 1172 97 260 -1 -1 -1 0 
734 415 2284 1172 85 250 -1 -1 -1 0 
734 424 3143 1152 91 253 -1 -1 -1 0 
734 427 1413 1188 70 229 -1 -1 -1 0 
734 433 3651 1132 110 320 -1 -1 -1 0 
734 455 3231 1170 83 234 -1 -1 -1 0 
734 458 2542 1161 88 279 -1 -1 -1 0 
734 467 2670 1158 96 277 -1 -1 -1 0 
734 468 2765 1150 127 304 -1 -1 -1 0 
734 469 1583 1208 142 224 -1 -1 -1 0 
734 470 2457 1155 90 248 -1 -1 -1 0 
734 471 1478 1187 94 237 -1 -1 -1 0 
735 395 893 1171 97 262 -1 -1 -1 0 
735 415 2285 1172 75 248 -1 -1 -1 0 
735 424 3143 1152 91 254 -1 -1 -1 0 
735 427 1413 1188 69 229 -1 -1 -1 0 
735 433 3651 1132 111 320 -1 -1 -1 0 
735 455 3235 1165 78 242 -1 -1 -1 0 
735 458 2543 1162 91 282 -1 -1 -1 0 
735 467 2670 1158 96 276 -1 -1 -1 0 
735 468 2770 1149 123 306 -1 -1 -1 0 
735 469 1583 1204 134 227 -1 -1 -1 0 
735 470 2458 1154 93 248 -1 -1 -1 0 
735 471 1477 1188 87 237 -1 -1 -1 0 
736 395 893 1171 97 263 -1 -1 -1 0 
736 415 2284 1173 70 247 -1 -1 -1 0 
736 424 3144 1154 90 252 -1 -1 -1 0 
736 427 1414 1190 71 228 -1 -1 -1 0 
736 433 3652 1132 110 320 -1 -1 -1 0 
736 455 3229 1168 85 237 -1 -1 -1 0 
736 458 2543 1160 94 285 -1 -1 -1 0 
736 467 2670 1159 96 275 -1 -1 -1 0 
736 468 2791 1168 106 285 -1 -1 -1 0 
736 469 1580 1199 124 233 -1 -1 -1 0 
736 470 2459 1155 95 245 -1 -1 -1 0 
736 471 1477 1188 83 237 -1 -1 -1 0 
737 395 894 1171 96 264 -1 -1 -1 0 
737 415 2281 1174 70 244 -1 -1 -1 0 
737 424 3142 1154 90 253 -1 -1 -1 0 
737 427 1415 1188 66 230 -1 -1 -1 0 
737 433 3651 1132 111 320 -1 -1 -1 0 
737 455 3230 1168 84 236 -1 -1 -1 0 
737 458 2542 1159 98 285 -1 -1 -1 0 
737 467 2669 1159 95 273 -1 -1 -1 0 
737 468 2807 1180 90 271 -1 -1 -1 0 
737 469 1573 1196 122 236 -1 -1 -1 0 
737 470 2461 1155 96 245 -1 -1 -1 0 
737 471 1472 1188 83 238 -1 -1 -1 0 
738 395 893 1170 98 265 -1 -1 -1 0 
738 415 2279 1174 71 246 -1 -1 -1 0 
738 424 3143 1154 88 253 -1 -1 -1 0 
738 427 1415 1186 65 232 -1 -1 -1 0 
738 433 3651 1132 110 320 -1 -1 -1 0 
738 455 3230 1167 83 237 -1 -1 -1 0 
738 458 2543 1154 105 292 -1 -1 -1 0 
738 467 2668 1160 94 272 -1 -1 -1 0 
738 468 2814 1179 85 270 -1 -1 -1 0 
738 469 1576 1195 102 235 -1 -1 -1 0 
738 470 2462 1155 96 259 -1 -1 -1 0 
738 471 1471 1189 80 235 -1 -1 -1 0 
739 395 893 1170 98 264 -1 -1 -1 0 
739 415 2276 1176 75 244 -1 -1 -1 0 
739 424 3144 1152 87 256 -1 -1 -1 0 
739 427 1415 1186 65 232 -1 -1 -1 0 
739 433 3652 1133 109 319 -1 -1 -1 0 
739 455 3235 1162 76 245 -1 -1 -1 0 
739 458 2546 1151 106 297 -1 -1 -1 0 
739 467 2668 1162 96 269 -1 -1 -1 0 
739 468 2820 1186 83 260 -1 -1 -1 0 
739 469 1570 1191 98 241 -1 -1 -1 0 
739 470 2463 1157 99 264 -1 -1 -1 0 
739 471 1471 1187 82 236 -1 -1 -1 0 
740 395 892 1169 99 264 -1 -1 -1 0 
740 415 2276 1176 75 245 -1 -1 -1 0 
740 424 3144 1152 86 256 -1 -1 -1 0 
740 427 1417 1185 62 231 -1 -1 -1 0 
740 433 3652 1133 109 319 -1 -1 -1 0 
740 455 3235 1160 79 248 -1 -1 -1 0 
740 458 2548 1153 104 295 -1 -1 -1 0 
740 467 2668 1164 100 267 -1 -1 -1 0 
740 468 2826 1190 78 250 -1 -1 -1 0 
740 469 1563 1188 93 241 -1 -1 -1 0 
740 470 2463 1157 100 268 -1 -1 -1 0 
740 471 1468 1187 80 236 -1 -1 -1 0 
741 395 892 1169 99 264 -1 -1 -1 0 
741 415 2276 1176 73 245 -1 -1 -1 0 
741 424 3142 1152 87 256 -1 -1 -1 0 
741 427 1419 1186 57 231 -1 -1 -1 0 
741 433 3652 1133 110 319 -1 -1 -1 0 
741 455 3235 1159 79 249 -1 -1 -1 0 
741 458 2550 1155 102 294 -1 -1 -1 0 
741 467 2668 1164 101 268 -1 -1 -1 0 
741 468 2833 1183 82 263 -1 -1 -1 0 
741 469 1556 1187 90 241 -1 -1 -1 0 
741 470 2474 1158 91 277 -1 -1 -1 0 
741 471 1462 1187 81 234 -1 -1 -1 0 
742 395 892 1170 99 263 -1 -1 -1 0 
742 415 2275 1176 74 245 -1 -1 -1 0 
742 424 3142 1153 87 255 -1 -1 -1 0 
742 427 1418 1186 59 232 -1 -1 -1 0 
742 433 3652 1133 110 319 -1 -1 -1 0 
742 455 3237 1159 78 250 -1 -1 -1 0 
742 458 2552 1156 103 295 -1 -1 -1 0 
742 467 2667 1162 101 271 -1 -1 -1 0 
742 468 2835 1179 84 269 -1 -1 -1 0 
742 469 1550 1186 84 241 -1 -1 -1 0 
742 470 2477 1157 91 284 -1 -1 -1 0 
742 471 1464 1186 78 234 -1 -1 -1 0 
742 472 2343 1151 80 209 -1 -1 -1 0 
742 473 0 1377 140 178 -1 -1 -1 0 
743 395 893 1171 97 260 -1 -1 -1 0 
743 415 2274 1177 74 244 -1 -1 -1 0 
743 424 3142 1153 87 255 -1 -1 -1 0 
743 427 1418 1186 75 233 -1 -1 -1 0 
743 433 3653 1134 108 318 -1 -1 -1 0 
743 455 3238 1160 77 250 -1 -1 -1 0 
743 458 2556 1155 98 296 -1 -1 -1 0 
743 467 2668 1161 96 273 -1 -1 -1 0 
743 468 2838 1177 86 270 -1 -1 -1 0 
743 469 1546 1189 79 236 -1 -1 -1 0 
743 470 2478 1156 96 285 -1 -1 -1 0 
743 471 1471 1186 73 234 -1 -1 -1 0 
743 472 2342 1150 79 221 -1 -1 -1 0 
743 473 0 1370 193 196 -1 -1 -1 0 
744 395 894 1171 95 259 -1 -1 -1 0 
744 415 2274 1175 74 247 -1 -1 -1 0 
744 424 3142 1151 86 257 -1 -1 -1 0 
744 427 1419 1184 76 238 -1 -1 -1 0 
744 433 3653 1134 108 318 -1 -1 -1 0 
744 455 3233 1162 82 244 -1 -1 -1 0 
744 458 2558 1156 98 294 -1 -1 -1 0 
744 467 2667 1163 97 270 -1 -1 -1 0 
744 468 2840 1181 97 270 -1 -1 -1 0 
744 469 1539 1190 84 235 -1 -1 -1 0 
744 470 2483 1158 90 279 -1 -1 -1 0 
744 471 1473 1184 75 240 -1 -1 -1 0 
744 472 2341 1150 80 229 -1 -1 -1 0 
744 473 0 1361 242 204 -1 -1 -1 0 
745 395 893 1171 97 260 -1 -1 -1 0 
745 415 2274 1177 73 246 -1 -1 -1 0 
745 424 3139 1150 89 258 -1 -1 -1 0 
745 427 1422 1185 71 238 -1 -1 -1 0 
745 433 3653 1134 108 319 -1 -1 -1 0 
745 455 3238 1160 74 249 -1 -1 -1 0 
745 458 2563 1157 95 296 -1 -1 -1 0 
745 467 2668 1163 95 269 -1 -1 -1 0 
745 468 2841 1179 112 270 -1 -1 -1 0 
745 469 1535 1190 87 232 -1 -1 -1 0 
745 470 2485 1158 91 283 -1 -1 -1 0 
745 471 1476 1185 73 239 -1 -1 -1 0 
745 472 2340 1154 76 225 -1 -1 -1 0 
745 473 0 1358 258 209 -1 -1 -1 0 
746 395 893 1171 98 259 -1 -1 -1 0 
746 415 2273 1177 74 248 -1 -1 -1 0 
746 424 3139 1149 88 259 -1 -1 -1 0 
746 427 1420 1185 75 238 -1 -1 -1 0 
746 433 3653 1135 107 317 -1 -1 -1 0 
746 455 3238 1159 74 250 -1 -1 -1 0 
746 458 2567 1157 91 299 -1 -1 -1 0 
746 467 2668 1161 98 271 -1 -1 -1 0 
746 468 2843 1178 123 272 -1 -1 -1 0 
746 469 1532 1191 87 231 -1 -1 -1 0 
746 470 2488 1157 98 291 -1 -1 -1 0 
746 471 1481 1186 67 240 -1 -1 -1 0 
746 472 2339 1156 74 225 -1 -1 -1 0 
746 473 1 1366 249 187 -1 -1 -1 0 
747 395 894 1171 96 261 -1 -1 -1 0 
747 415 2268 1178 78 248 -1 -1 -1 0 
747 424 3138 1147 89 262 -1 -1 -1 0 
747 427 1412 1181 76 249 -1 -1 -1 0 
747 433 3653 1135 106 317 -1 -1 -1 0 
747 455 3240 1158 70 253 -1 -1 -1 0 
747 458 2571 1155 89 305 -1 -1 -1 0 
747 467 2669 1161 96 270 -1 -1 -1 0 
747 468 2845 1178 129 271 -1 -1 -1 0 
747 469 1531 1190 87 233 -1 -1 -1 0 
747 470 2493 1154 97 302 -1 -1 -1 0 
747 471 1479 1185 71 242 -1 -1 -1 0 
747 472 2337 1156 73 224 -1 -1 -1 0 
747 473 0 1361 286 203 -1 -1 -1 0 
748 395 894 1171 96 262 -1 -1 -1 0 
748 415 2269 1179 77 248 -1 -1 -1 0 
748 424 3137 1147 90 262 -1 -1 -1 0 
748 427 1396 1182 97 251 -1 -1 -1 0 
748 433 3653 1135 106 317 -1 -1 -1 0 
748 455 3240 1157 70 254 -1 -1 -1 0 
748 458 2574 1155 93 307 -1 -1 -1 0 
748 467 2670 1162 94 267 -1 -1 -1 0 
748 468 2847 1182 132 267 -1 -1 -1 0 
748 469 1514 1187 105 239 -1 -1 -1 0 
748 470 2496 1154 98 311 -1 -1 -1 0 
748 471 1477 1186 74 238 -1 -1 -1 0 
748 472 2338 1159 70 224 -1 -1 -1 0 
748 473 7 1353 279 215 -1 -1 -1 0 
749 395 895 1170 95 265 -1 -1 -1 0 
749 415 2265 1178 81 250 -1 -1 -1 0 
749 424 3137 1146 90 264 -1 -1 -1 0 
749 427 1387 1181 105 251 -1 -1 -1 0 
749 433 3653 1135 106 318 -1 -1 -1 0 
749 458 2575 1156 96 306 -1 -1 -1 0 
749 467 2670 1162 95 266 -1 -1 -1 0 
749 468 2848 1186 131 261 -1 -1 -1 0 
749 469 1499 1184 120 241 -1 -1 -1 0 
749 470 2498 1154 98 314 -1 -1 -1 0 
749 471 1474 1185 84 238 -1 -1 -1 0 
749 472 2336 1160 67 223 -1 -1 -1 0 
749 473 10 1346 266 224 -1 -1 -1 0 
750 395 895 1169 95 268 -1 -1 -1 0 
750 415 2256 1176 92 252 -1 -1 -1 0 
750 424 3135 1146 93 263 -1 -1 -1 0 
750 427 1378 1182 107 250 -1 -1 -1 0 
750 433 3653 1135 105 318 -1 -1 -1 0 
750 458 2578 1159 92 303 -1 -1 -1 0 
750 467 2672 1162 91 267 -1 -1 -1 0 
750 468 2852 1187 128 259 -1 -1 -1 0 
750 469 1500 1183 109 242 -1 -1 -1 0 
750 470 2498 1155 101 312 -1 -1 -1 0 
750 471 1471 1185 81 239 -1 -1 -1 0 
750 472 2335 1161 67 229 -1 -1 -1 0 
750 473 7 1307 299 261 -1 -1 -1 0 
751 395 895 1170 95 268 -1 -1 -1 0 
751 415 2253 1175 94 253 -1 -1 -1 0 
751 424 3135 1146 92 263 -1 -1 -1 0 
751 427 1373 1182 106 249 -1 -1 -1 0 
751 433 3652 1135 106 318 -1 -1 -1 0 
751 458 2579 1163 93 301 -1 -1 -1 0 
751 467 2672 1161 88 269 -1 -1 -1 0 
751 468 2857 1184 124 262 -1 -1 -1 0 
751 469 1493 1182 111 243 -1 -1 -1 0 
751 470 2495 1159 108 307 -1 -1 -1 0 
751 471 1466 1185 85 241 -1 -1 -1 0 
751 472 2331 1163 72 222 -1 -1 -1 0 
751 473 4 1284 318 277 -1 -1 -1 0 
752 395 894 1172 97 266 -1 -1 -1 0 
752 415 2249 1175 98 254 -1 -1 -1 0 
752 424 3132 1147 96 263 -1 -1 -1 0 
752 427 1370 1185 105 248 -1 -1 -1 0 
752 433 3652 1135 106 318 -1 -1 -1 0 
752 458 2580 1169 94 292 -1 -1 -1 0 
752 467 2672 1165 94 267 -1 -1 -1 0 
752 468 2862 1179 119 269 -1 -1 -1 0 
752 470 2498 1161 108 304 -1 -1 -1 0 
752 471 1466 1186 83 239 -1 -1 -1 0 
752 472 2329 1164 73 223 -1 -1 -1 0 
752 473 6 1270 299 275 -1 -1 -1 0 
753 395 894 1172 97 266 -1 -1 -1 0 
753 415 2246 1175 102 255 -1 -1 -1 0 
753 424 3132 1147 95 263 -1 -1 -1 0 
753 427 1369 1191 106 244 -1 -1 -1 0 
753 433 3652 1135 106 318 -1 -1 -1 0 
753 458 2585 1174 88 285 -1 -1 -1 0 
753 467 2674 1164 88 271 -1 -1 -1 0 
753 468 2873 1176 109 273 -1 -1 -1 0 
753 470 2504 1160 103 306 -1 -1 -1 0 
753 471 1466 1187 87 236 -1 -1 -1 0 
753 473 0 1260 313 270 -1 -1 -1 0 
754 395 895 1172 95 268 -1 -1 -1 0 
754 415 2244 1175 100 257 -1 -1 -1 0 
754 424 3134 1144 91 266 -1 -1 -1 0 
754 427 1369 1188 97 244 -1 -1 -1 0 
754 433 3652 1135 106 320 -1 -1 -1 0 
754 458 2588 1176 87 284 -1 -1 -1 0 
754 467 2673 1158 85 275 -1 -1 -1 0 
754 468 2885 1185 98 262 -1 -1 -1 0 
754 470 2507 1159 106 309 -1 -1 -1 0 
754 471 1463 1187 89 236 -1 -1 -1 0 
754 473 5 1253 292 275 -1 -1 -1 0 
755 395 894 1173 96 266 -1 -1 -1 0 
755 415 2244 1174 97 258 -1 -1 -1 0 
755 424 3133 1143 92 267 -1 -1 -1 0 
755 427 1363 1189 98 241 -1 -1 -1 0 
755 433 3652 1135 105 320 -1 -1 -1 0 
755 467 2673 1155 84 281 -1 -1 -1 0 
755 468 2892 1191 92 255 -1 -1 -1 0 
755 470 2511 1159 104 310 -1 -1 -1 0 
755 471 1463 1186 90 234 -1 -1 -1 0 
755 473 0 1251 301 275 -1 -1 -1 0 
756 395 894 1174 95 264 -1 -1 -1 0 
756 415 2240 1174 105 259 -1 -1 -1 0 
756 424 3134 1142 90 268 -1 -1 -1 0 
756 427 1363 1191 86 238 -1 -1 -1 0 
756 433 3652 1135 105 320 -1 -1 -1 0 
756 467 2673 1157 87 280 -1 -1 -1 0 
756 468 2903 1187 80 259 -1 -1 -1 0 
756 470 2510 1157 107 311 -1 -1 -1 0 
756 471 1463 1184 83 237 -1 -1 -1 0 
756 473 1 1251 302 279 -1 -1 -1 0 
756 478 3239 1159 73 252 -1 -1 -1 0 
757 395 894 1174 95 264 -1 -1 -1 0 
757 415 2240 1174 106 261 -1 -1 -1 0 
757 424 3135 1144 87 265 -1 -1 -1 0 
757 427 1361 1191 80 238 -1 -1 -1 0 
757 433 3652 1135 105 320 -1 -1 -1 0 
757 467 2674 1155 86 281 -1 -1 -1 0 
757 468 2910 1188 78 255 -1 -1 -1 0 
757 470 2512 1155 102 315 -1 -1 -1 0 
757 471 1461 1184 83 235 -1 -1 -1 0 
757 473 0 1248 615 291 -1 -1 -1 0 
757 478 3238 1159 74 251 -1 -1 -1 0 
758 395 893 1174 96 267 -1 -1 -1 0 
758 415 2240 1173 103 265 -1 -1 -1 0 
758 424 3134 1144 87 265 -1 -1 -1 0 
758 427 1354 1183 82 250 -1 -1 -1 0 
758 433 3652 1135 105 320 -1 -1 -1 0 
758 467 2673 1152 90 284 -1 -1 -1 0 
758 468 2915 1187 81 251 -1 -1 -1 0 
758 470 2510 1156 105 315 -1 -1 -1 0 
758 471 1460 1186 81 230 -1 -1 -1 0 
758 473 0 1239 660 300 -1 -1 -1 0 
758 478 3235 1160 76 249 -1 -1 -1 0 
759 395 892 1173 98 268 -1 -1 -1 0 
759 415 2239 1172 100 268 -1 -1 -1 0 
759 424 3133 1144 88 264 -1 -1 -1 0 
759 427 1349 1180 83 255 -1 -1 -1 0 
759 433 3653 1134 104 322 -1 -1 -1 0 
759 467 2674 1152 88 285 -1 -1 -1 0 
759 468 2924 1185 77 255 -1 -1 -1 0 
759 470 2511 1154 101 317 -1 -1 -1 0 
759 471 1446 1183 88 235 -1 -1 -1 0 
759 478 3233 1160 77 248 -1 -1 -1 0 
760 395 894 1175 96 264 -1 -1 -1 0 
760 415 2240 1174 99 266 -1 -1 -1 0 
760 424 3133 1144 92 264 -1 -1 -1 0 
760 427 1345 1179 83 258 -1 -1 -1 0 
760 433 3652 1134 106 322 -1 -1 -1 0 
760 467 2674 1152 90 286 -1 -1 -1 0 
760 468 2926 1187 87 254 -1 -1 -1 0 
760 470 2509 1152 104 315 -1 -1 -1 0 
760 471 1441 1182 89 236 -1 -1 -1 0 
760 478 3231 1161 78 247 -1 -1 -1 0 
760 481 1530 1188 61 218 -1 -1 -1 0 
761 395 896 1177 91 269 -1 -1 -1 0 
761 415 2232 1175 107 262 -1 -1 -1 0 
761 424 3135 1144 91 265 -1 -1 -1 0 
761 427 1339 1182 87 253 -1 -1 -1 0 
761 433 3651 1134 107 321 -1 -1 -1 0 
761 467 2675 1155 91 283 -1 -1 -1 0 
761 468 2931 1187 86 256 -1 -1 -1 0 
761 470 2510 1148 105 319 -1 -1 -1 0 
761 471 1435 1182 92 236 -1 -1 -1 0 
761 478 3232 1159 77 250 -1 -1 -1 0 
761 481 1528 1186 64 221 -1 -1 -1 0 
761 483 0 1239 894 319 -1 -1 -1 0 
762 395 895 1177 94 265 -1 -1 -1 0 
762 415 2230 1175 105 261 -1 -1 -1 0 
762 424 3136 1144 89 265 -1 -1 -1 0 
762 427 1329 1184 97 250 -1 -1 -1 0 
762 433 3651 1133 107 322 -1 -1 -1 0 
762 467 2675 1159 91 282 -1 -1 -1 0 
762 468 2934 1186 92 257 -1 -1 -1 0 
762 470 2513 1150 101 319 -1 -1 -1 0 
762 471 1427 1185 97 233 -1 -1 -1 0 
762 478 3234 1156 75 253 -1 -1 -1 0 
762 481 1526 1190 64 217 -1 -1 -1 0 
762 483 6 1235 935 320 -1 -1 -1 0 
762 484 2602 1163 92 291 -1 -1 -1 0 
763 395 900 1180 89 241 -1 -1 -1 0 
763 415 2228 1175 104 261 -1 -1 -1 0 
763 424 3137 1144 87 265 -1 -1 -1 0 
763 427 1321 1187 106 245 -1 -1 -1 0 
763 433 3652 1133 106 323 -1 -1 -1 0 
763 467 2675 1163 88 278 -1 -1 -1 0 
763 468 2936 1190 103 251 -1 -1 -1 0 
763 470 2515 1151 100 323 -1 -1 -1 0 
763 471 1424 1185 85 233 -1 -1 -1 0 
763 478 3234 1156 77 252 -1 -1 -1 0 
763 481 1524 1191 66 216 -1 -1 -1 0 
763 483 17 1228 948 329 -1 -1 -1 0 
763 484 2605 1165 88 288 -1 -1 -1 0 
764 395 896 1178 96 212 -1 -1 -1 0 
764 415 2227 1175 100 261 -1 -1 -1 0 
764 424 3140 1146 86 262 -1 -1 -1 0 
764 427 1314 1188 106 242 -1 -1 -1 0 
764 433 3652 1133 106 323 -1 -1 -1 0 
764 467 2678 1169 84 274 -1 -1 -1 0 
764 468 2935 1193 117 248 -1 -1 -1 0 
764 470 2515 1151 101 327 -1 -1 -1 0 
764 471 1415 1182 87 237 -1 -1 -1 0 
764 478 3228 1159 83 246 -1 -1 -1 0 
764 481 1523 1188 68 218 -1 -1 -1 0 
764 483 27 1232 915 328 -1 -1 -1 0 
764 484 2604 1164 94 292 -1 -1 -1 0 
765 395 897 1177 93 195 -1 -1 -1 0 
765 415 2226 1174 97 263 -1 -1 -1 0 
765 424 3144 1148 81 259 -1 -1 -1 0 
765 427 1308 1184 106 246 -1 -1 -1 0 
765 433 3652 1132 106 324 -1 -1 -1 0 
765 467 2681 1170 80 274 -1 -1 -1 0 
765 468 2935 1197 130 245 -1 -1 -1 0 
765 470 2514 1152 101 329 -1 -1 -1 0 
765 471 1411 1182 90 239 -1 -1 -1 0 
765 478 3227 1160 84 245 -1 -1 -1 0 
765 481 1523 1186 69 220 -1 -1 -1 0 
765 483 0 1225 1054 330 -1 -1 -1 0 
766 395 893 1178 97 177 -1 -1 -1 0 
766 415 2227 1174 96 261 -1 -1 -1 0 
766 424 3145 1148 82 259 -1 -1 -1 0 
766 427 1306 1186 102 242 -1 -1 -1 0 
766 433 3651 1132 107 324 -1 -1 -1 0 
766 467 2683 1172 80 271 -1 -1 -1 0 
766 468 2937 1198 140 245 -1 -1 -1 0 
766 470 2514 1153 101 330 -1 -1 -1 0 
766 471 1406 1180 78 245 -1 -1 -1 0 
766 481 1525 1185 66 220 -1 -1 -1 0 
766 483 38 1213 1040 338 -1 -1 -1 0 
766 484 2603 1160 101 296 -1 -1 -1 0 
767 395 893 1179 95 168 -1 -1 -1 0 
767 415 2225 1176 97 260 -1 -1 -1 0 
767 424 3143 1149 85 257 -1 -1 -1 0 
767 427 1303 1183 99 249 -1 -1 -1 0 
767 433 3651 1132 107 324 -1 -1 -1 0 
767 467 2684 1173 81 272 -1 -1 -1 0 
767 468 2940 1191 143 252 -1 -1 -1 0 
767 470 2513 1153 104 332 -1 -1 -1 0 
767 471 1395 1179 86 250 -1 -1 -1 0 
767 481 1527 1187 65 218 -1 -1 -1 0 
767 483 89 1222 1042 326 -1 -1 -1 0 
767 484 2603 1157 102 302 -1 -1 -1 0 
768 395 894 1180 92 159 -1 -1 -1 0 
768 415 2224 1180 96 256 -1 -1 -1 0 
768 424 3143 1150 86 256 -1 -1 -1 0 
768 427 1298 1179 107 255 -1 -1 -1 0 
768 433 3651 1132 107 324 -1 -1 -1 0 
768 467 2685 1174 80 272 -1 -1 -1 0 
768 468 2941 1185 148 258 -1 -1 -1 0 
768 470 2513 1152 105 334 -1 -1 -1 0 
768 471 1395 1179 82 249 -1 -1 -1 0 
768 481 1528 1189 63 216 -1 -1 -1 0 
768 483 331 1231 784 314 -1 -1 -1 0 
768 484 2604 1154 103 308 -1 -1 -1 0 
769 415 2223 1184 96 252 -1 -1 -1 0 
769 424 3144 1150 84 256 -1 -1 -1 0 
769 427 1299 1177 105 257 -1 -1 -1 0 
769 433 3651 1132 107 324 -1 -1 -1 0 
769 468 2944 1182 144 261 -1 -1 -1 0 
769 470 2511 1152 111 334 -1 -1 -1 0 
769 471 1392 1178 82 249 -1 -1 -1 0 
769 481 1529 1188 62 219 -1 -1 -1 0 
769 483 228 1232 978 314 -1 -1 -1 0 
769 484 2606 1153 103 309 -1 -1 -1 0 
769 486 1466 1194 79 220 -1 -1 -1 0 
770 415 2225 1174 91 266 -1 -1 -1 0 
770 424 3145 1151 83 255 -1 -1 -1 0 
770 427 1301 1176 100 258 -1 -1 -1 0 
770 433 3651 1133 108 323 -1 -1 -1 0 
770 468 2948 1176 140 266 -1 -1 -1 0 
770 470 2513 1152 112 335 -1 -1 -1 0 
770 471 1390 1180 84 248 -1 -1 -1 0 
770 481 1529 1188 62 219 -1 -1 -1 0 
770 483 443 1243 760 301 -1 -1 -1 0 
770 484 2610 1152 99 310 -1 -1 -1 0 
770 486 1464 1191 84 226 -1 -1 -1 0 
771 415 2222 1172 97 269 -1 -1 -1 0 
771 424 3145 1151 85 255 -1 -1 -1 0 
771 427 1299 1179 96 254 -1 -1 -1 0 
771 433 3651 1134 108 321 -1 -1 -1 0 
771 468 2950 1175 137 267 -1 -1 -1 0 
771 470 2514 1152 114 332 -1 -1 -1 0 
771 471 1385 1182 88 247 -1 -1 -1 0 
771 483 383 1237 903 311 -1 -1 -1 0 
771 484 2611 1155 98 305 -1 -1 -1 0 
771 486 1467 1189 77 226 -1 -1 -1 0 
772 415 2222 1172 97 269 -1 -1 -1 0 
772 424 3145 1152 86 253 -1 -1 -1 0 
772 427 1295 1189 95 242 -1 -1 -1 0 
772 433 3651 1134 108 321 -1 -1 -1 0 
772 468 2956 1176 130 266 -1 -1 -1 0 
772 470 2514 1150 114 333 -1 -1 -1 0 
772 471 1381 1184 90 242 -1 -1 -1 0 
772 483 477 1239 820 308 -1 -1 -1 0 
772 484 2610 1152 100 312 -1 -1 -1 0 
772 486 1466 1187 79 229 -1 -1 -1 0 
773 415 2223 1175 94 266 -1 -1 -1 0 
773 424 3146 1151 86 254 -1 -1 -1 0 
773 427 1297 1198 77 210 -1 -1 -1 0 
773 433 3651 1134 108 321 -1 -1 -1 0 
773 468 2961 1171 126 272 -1 -1 -1 0 
773 470 2514 1150 116 332 -1 -1 -1 0 
773 471 1373 1188 96 235 -1 -1 -1 0 
773 483 507 1241 807 308 -1 -1 -1 0 
773 484 2612 1152 103 314 -1 -1 -1 0 
773 486 1464 1190 86 226 -1 -1 -1 0 
774 415 2223 1173 88 267 -1 -1 -1 0 
774 424 3147 1150 84 255 -1 -1 -1 0 
774 427 1292 1204 76 180 -1 -1 -1 0 
774 433 3651 1134 109 320 -1 -1 -1 0 
774 468 2966 1173 122 272 -1 -1 -1 0 
774 470 2516 1152 116 331 -1 -1 -1 0 
774 471 1367 1189 100 232 -1 -1 -1 0 
774 483 505 1237 873 313 -1 -1 -1 0 
774 484 2613 1157 104 308 -1 -1 -1 0 
774 486 1464 1191 86 224 -1 -1 -1 0 
775 415 2222 1172 88 267 -1 -1 -1 0 
775 424 3146 1149 86 257 -1 -1 -1 0 
775 427 1291 1207 70 154 -1 -1 -1 0 
775 433 3651 1135 109 320 -1 -1 -1 0 
775 468 2975 1175 116 270 -1 -1 -1 0 
775 470 2518 1152 115 333 -1 -1 -1 0 
775 471 1359 1186 108 221 -1 -1 -1 0 
775 483 502 1239 938 316 -1 -1 -1 0 
775 484 2615 1159 101 308 -1 -1 -1 0 
775 486 1464 1190 85 225 -1 -1 -1 0 
776 415 2223 1173 85 265 -1 -1 -1 0 
776 424 3144 1148 88 259 -1 -1 -1 0 
776 427 1286 1207 72 146 -1 -1 -1 0 
776 433 3651 1135 109 320 -1 -1 -1 0 
776 468 2993 1176 98 266 -1 -1 -1 0 
776 470 2519 1152 114 334 -1 -1 -1 0 
776 471 1355 1186 108 219 -1 -1 -1 0 
776 483 514 1235 956 318 -1 -1 -1 0 
776 484 2614 1162 106 306 -1 -1 -1 0 
777 415 2220 1174 92 266 -1 -1 -1 0 
777 424 3143 1147 90 260 -1 -1 -1 0 
777 427 1278 1204 82 139 -1 -1 -1 0 
777 433 3650 1135 110 320 -1 -1 -1 0 
777 468 3006 1169 90 273 -1 -1 -1 0 
777 470 2519 1152 117 335 -1 -1 -1 0 
777 483 522 1234 988 319 -1 -1 -1 0 
777 484 2616 1161 108 307 -1 -1 -1 0 
777 486 1467 1187 82 221 -1 -1 -1 0 
778 415 2221 1174 92 265 -1 -1 -1 0 
778 424 3143 1146 91 262 -1 -1 -1 0 
778 427 1278 1200 75 134 -1 -1 -1 0 
778 433 3651 1135 108 320 -1 -1 -1 0 
778 468 3013 1162 88 280 -1 -1 -1 0 
778 470 2518 1153 118 331 -1 -1 -1 0 
778 483 553 1237 997 319 -1 -1 -1 0 
778 484 2617 1159 109 309 -1 -1 -1 0 
778 486 1468 1185 82 210 -1 -1 -1 0 
779 415 2221 1172 90 267 -1 -1 -1 0 
779 424 3144 1146 91 262 -1 -1 -1 0 
779 427 1272 1202 80 119 -1 -1 -1 0 
779 433 3651 1134 109 321 -1 -1 -1 0 
779 468 3020 1163 88 279 -1 -1 -1 0 
779 470 2521 1151 115 331 -1 -1 -1 0 
779 483 579 1232 1009 323 -1 -1 -1 0 
779 484 2619 1157 109 313 -1 -1 -1 0 
779 486 1466 1183 84 189 -1 -1 -1 0 
780 415 2222 1172 86 266 -1 -1 -1 0 
780 424 3147 1146 88 262 -1 -1 -1 0 
780 427 1270 1204 75 108 -1 -1 -1 0 
780 433 3651 1134 109 321 -1 -1 -1 0 
780 468 3026 1165 84 278 -1 -1 -1 0 
780 470 2521 1153 115 329 -1 -1 -1 0 
780 483 652 1232 957 323 -1 -1 -1 0 
780 484 2621 1162 107 311 -1 -1 -1 0 
780 486 1464 1183 85 172 -1 -1 -1 0 
780 489 1346 1176 74 154 -1 -1 -1 0 
781 415 2221 1170 87 267 -1 -1 -1 0 
781 424 3148 1146 88 262 -1 -1 -1 0 
781 433 3652 1134 109 321 -1 -1 -1 0 
781 468 3030 1163 82 277 -1 -1 -1 0 
781 470 2521 1153 114 331 -1 -1 -1 0 
781 483 677 1230 985 322 -1 -1 -1 0 
781 484 2622 1164 108 310 -1 -1 -1 0 
781 486 1464 1183 87 161 -1 -1 -1 0 
781 489 1335 1177 89 138 -1 -1 -1 0 
782 415 2220 1169 88 267 -1 -1 -1 0 
782 424 3149 1147 87 261 -1 -1 -1 0 
782 433 3652 1134 108 322 -1 -1 -1 0 
782 468 3034 1167 86 273 -1 -1 -1 0 
782 470 2521 1156 119 330 -1 -1 -1 0 
782 483 685 1227 1015 323 -1 -1 -1 0 
782 484 2624 1163 107 312 -1 -1 -1 0 
782 486 1465 1180 86 157 -1 -1 -1 0 
782 489 1336 1178 84 129 -1 -1 -1 0 
782 492 2338 1186 71 190 -1 -1 -1 0 
783 415 2221 1168 87 267 -1 -1 -1 0 
783 424 3150 1148 85 260 -1 -1 -1 0 
783 433 3651 1134 109 322 -1 -1 -1 0 
783 468 3037 1163 94 278 -1 -1 -1 0 
783 470 2522 1156 118 332 -1 -1 -1 0 
783 483 759 1229 965 319 -1 -1 -1 0 
783 484 2624 1161 107 317 -1 -1 -1 0 
783 486 1466 1180 84 149 -1 -1 -1 0 
783 492 2335 1187 72 191 -1 -1 -1 0 
784 415 2221 1170 90 269 -1 -1 -1 0 
784 424 3154 1149 81 257 -1 -1 -1 0 
784 433 3652 1134 109 319 -1 -1 -1 0 
784 468 3038 1164 107 278 -1 -1 -1 0 
784 470 2524 1157 116 332 -1 -1 -1 0 
784 483 791 1231 974 315 -1 -1 -1 0 
784 484 2623 1161 111 316 -1 -1 -1 0 
784 492 2328 1187 73 200 -1 -1 -1 0 
784 494 217 1266 464 226 -1 -1 -1 0 
785 415 2220 1169 93 269 -1 -1 -1 0 
785 424 3158 1150 77 255 -1 -1 -1 0 
785 433 3652 1133 109 319 -1 -1 -1 0 
785 468 3038 1161 123 283 -1 -1 -1 0 
785 470 2527 1158 114 330 -1 -1 -1 0 
785 483 839 1229 961 317 -1 -1 -1 0 
785 484 2624 1162 109 317 -1 -1 -1 0 
785 492 2322 1187 78 202 -1 -1 -1 0 
786 415 2221 1171 89 268 -1 -1 -1 0 
786 424 3159 1150 76 254 -1 -1 -1 0 
786 433 3653 1133 109 319 -1 -1 -1 0 
786 468 3039 1163 131 282 -1 -1 -1 0 
786 470 2528 1159 114 329 -1 -1 -1 0 
786 483 885 1229 953 318 -1 -1 -1 0 
786 484 2625 1162 111 320 -1 -1 -1 0 
787 415 2220 1173 89 266 -1 -1 -1 0 
787 424 3160 1150 75 256 -1 -1 -1 0 
787 433 3653 1132 109 319 -1 -1 -1 0 
787 468 3040 1167 140 276 -1 -1 -1 0 
787 470 2527 1160 117 327 -1 -1 -1 0 
787 483 925 1229 958 317 -1 -1 -1 0 
787 484 2626 1164 113 320 -1 -1 -1 0 
788 415 2220 1173 89 264 -1 -1 -1 0 
788 424 3161 1150 74 258 -1 -1 -1 0 
788 433 3653 1132 109 319 -1 -1 -1 0 
788 468 3044 1170 137 274 -1 -1 -1 0 
788 470 2526 1156 123 331 -1 -1 -1 0 
788 483 965 1226 957 320 -1 -1 -1 0 
788 484 2627 1166 113 319 -1 -1 -1 0 
789 415 2222 1174 86 263 -1 -1 -1 0 
789 424 3161 1150 75 261 -1 -1 -1 0 
789 433 3653 1132 108 320 -1 -1 -1 0 
789 468 3051 1167 128 277 -1 -1 -1 0 
789 470 2528 1158 120 330 -1 -1 -1 0 
789 483 1008 1225 948 326 -1 -1 -1 0 
789 484 2629 1163 121 319 -1 -1 -1 0 
789 495 2308 1189 71 210 -1 -1 -1 0 
790 415 2222 1174 88 261 -1 -1 -1 0 
790 424 3162 1151 73 263 -1 -1 -1 0 
790 433 3652 1132 110 321 -1 -1 -1 0 
790 468 3050 1165 138 281 -1 -1 -1 0 
790 470 2529 1159 123 329 -1 -1 -1 0 
790 483 1014 1224 994 326 -1 -1 -1 0 
790 484 2631 1161 122 319 -1 -1 -1 0 
790 495 2304 1187 69 213 -1 -1 -1 0 
790 496 898 1172 91 268 -1 -1 -1 0 
791 415 2222 1175 91 260 -1 -1 -1 0 
791 424 3162 1153 74 263 -1 -1 -1 0 
791 433 3653 1132 109 321 -1 -1 -1 0 
791 468 3054 1168 136 277 -1 -1 -1 0 
791 470 2529 1157 127 329 -1 -1 -1 0 
791 483 1061 1225 975 325 -1 -1 -1 0 
791 484 2635 1162 118 319 -1 -1 -1 0 
791 495 2300 1183 69 216 -1 -1 -1 0 
791 496 898 1172 91 265 -1 -1 -1 0 
792 415 2221 1179 93 254 -1 -1 -1 0 
792 424 3164 1155 71 267 -1 -1 -1 0 
792 433 3652 1132 111 321 -1 -1 -1 0 
792 468 3070 1166 123 275 -1 -1 -1 0 
792 470 2532 1155 123 331 -1 -1 -1 0 
792 483 1111 1225 969 319 -1 -1 -1 0 
792 484 2638 1162 115 320 -1 -1 -1 0 
792 495 2297 1185 69 216 -1 -1 -1 0 
792 496 900 1173 89 268 -1 -1 -1 0 
793 415 2221 1183 93 248 -1 -1 -1 0 
793 424 3162 1156 75 269 -1 -1 -1 0 
793 433 3653 1132 110 321 -1 -1 -1 0 
793 468 3079 1166 114 273 -1 -1 -1 0 
793 470 2536 1154 121 332 -1 -1 -1 0 
793 483 1148 1222 1009 321 -1 -1 -1 0 
793 484 2640 1162 111 319 -1 -1 -1 0 
793 495 2294 1186 68 217 -1 -1 -1 0 
793 496 897 1173 92 260 -1 -1 -1 0 
794 415 2221 1182 96 249 -1 -1 -1 0 
794 424 3162 1155 77 270 -1 -1 -1 0 
794 433 3653 1132 110 320 -1 -1 -1 0 
794 468 3091 1164 100 272 -1 -1 -1 0 
794 470 2539 1154 117 334 -1 -1 -1 0 
794 483 1202 1221 977 320 -1 -1 -1 0 
794 484 2642 1163 110 319 -1 -1 -1 0 
794 495 2292 1185 62 218 -1 -1 -1 0 
794 496 900 1175 86 264 -1 -1 -1 0 
795 415 2222 1179 92 251 -1 -1 -1 0 
795 424 3163 1156 77 271 -1 -1 -1 0 
795 433 3653 1132 109 320 -1 -1 -1 0 
795 468 3104 1163 88 273 -1 -1 -1 0 
795 470 2539 1155 117 333 -1 -1 -1 0 
795 483 1245 1221 959 322 -1 -1 -1 0 
795 484 2644 1164 109 319 -1 -1 -1 0 
795 495 2288 1183 65 222 -1 -1 -1 0 
796 415 2223 1178 90 252 -1 -1 -1 0 
796 433 3654 1132 108 320 -1 -1 -1 0 
796 468 3108 1162 92 270 -1 -1 -1 0 
796 470 2543 1157 113 330 -1 -1 -1 0 
796 483 1266 1220 965 324 -1 -1 -1 0 
796 484 2648 1163 104 322 -1 -1 -1 0 
796 495 2287 1182 60 226 -1 -1 -1 0 
796 496 896 1169 92 265 -1 -1 -1 0 
797 415 2224 1176 88 252 -1 -1 -1 0 
797 433 3654 1132 109 320 -1 -1 -1 0 
797 468 3120 1161 90 271 -1 -1 -1 0 
797 470 2544 1156 114 329 -1 -1 -1 0 
797 483 1310 1221 943 324 -1 -1 -1 0 
797 484 2649 1161 105 327 -1 -1 -1 0 
797 495 2283 1181 61 229 -1 -1 -1 0 
797 496 895 1169 93 265 -1 -1 -1 0 
798 415 2224 1178 108 229 -1 -1 -1 0 
798 433 3654 1132 108 320 -1 -1 -1 0 
798 468 3125 1159 89 272 -1 -1 -1 0 
798 470 2545 1158 115 327 -1 -1 -1 0 
798 483 1349 1221 948 323 -1 -1 -1 0 
798 484 2649 1161 108 326 -1 -1 -1 0 
798 495 2279 1180 61 232 -1 -1 -1 0 
798 496 895 1167 93 269 -1 -1 -1 0 
799 415 2228 1177 101 215 -1 -1 -1 0 
799 433 3654 1132 108 320 -1 -1 -1 0 
799 468 3129 1156 88 278 -1 -1 -1 0 
799 470 2548 1156 114 330 -1 -1 -1 0 
799 483 1386 1219 958 327 -1 -1 -1 0 
799 484 2654 1164 103 324 -1 -1 -1 0 
799 496 894 1164 95 272 -1 -1 -1 0 
799 500 3208 1161 88 253 -1 -1 -1 0 
800 415 2226 1173 99 191 -1 -1 -1 0 
800 433 3654 1132 108 320 -1 -1 -1 0 
800 468 3132 1155 85 278 -1 -1 -1 0 
800 470 2548 1156 117 330 -1 -1 -1 0 
800 483 1425 1219 957 326 -1 -1 -1 0 
800 484 2656 1164 102 323 -1 -1 -1 0 
800 496 892 1161 98 275 -1 -1 -1 0 
800 500 3215 1160 82 255 -1 -1 -1 0 
800 501 1237 1183 100 249 -1 -1 -1 0 
801 415 2226 1169 96 184 -1 -1 -1 0 
801 433 3654 1132 107 321 -1 -1 -1 0 
801 468 3132 1154 98 281 -1 -1 -1 0 
801 470 2550 1154 117 332 -1 -1 -1 0 
801 483 1467 1220 921 321 -1 -1 -1 0 
801 484 2657 1165 101 320 -1 -1 -1 0 
801 496 892 1159 97 277 -1 -1 -1 0 
801 500 3217 1160 82 255 -1 -1 -1 0 
801 501 1235 1182 98 250 -1 -1 -1 0 
802 415 2227 1169 93 175 -1 -1 -1 0 
802 433 3654 1132 108 321 -1 -1 -1 0 
802 468 3138 1155 98 283 -1 -1 -1 0 
802 470 2549 1151 122 335 -1 -1 -1 0 
802 483 1502 1219 929 324 -1 -1 -1 0 
802 484 2657 1166 101 319 -1 -1 -1 0 
802 496 892 1157 97 278 -1 -1 -1 0 
802 501 1237 1185 88 247 -1 -1 -1 0 
803 415 2227 1167 95 168 -1 -1 -1 0 
803 433 3654 1132 108 321 -1 -1 -1 0 
803 468 3140 1156 108 284 -1 -1 -1 0 
803 470 2550 1152 120 334 -1 -1 -1 0 
803 483 1516 1219 986 319 -1 -1 -1 0 
803 484 2658 1165 101 320 -1 -1 -1 0 
803 496 893 1158 96 273 -1 -1 -1 0 
803 501 1240 1187 73 247 -1 -1 -1 0 
803 503 1416 1182 65 231 -1 -1 -1 0 
804 415 2228 1167 93 160 -1 -1 -1 0 
804 433 3653 1132 109 321 -1 -1 -1 0 
804 468 3141 1156 123 284 -1 -1 -1 0 
804 470 2549 1154 122 331 -1 -1 -1 0 
804 483 1561 1218 956 323 -1 -1 -1 0 
804 484 2658 1164 103 320 -1 -1 -1 0 
804 496 892 1162 95 267 -1 -1 -1 0 
804 501 1238 1187 71 248 -1 -1 -1 0 
805 433 3653 1132 109 321 -1 -1 -1 0 
805 468 3140 1155 137 284 -1 -1 -1 0 
805 470 2551 1154 117 331 -1 -1 -1 0 
805 483 1593 1221 954 322 -1 -1 -1 0 
805 484 2659 1162 104 323 -1 -1 -1 0 
805 496 893 1163 94 269 -1 -1 -1 0 
805 503 1417 1185 63 227 -1 -1 -1 0 
805 505 1473 1189 84 226 -1 -1 -1 0 
806 433 3654 1132 108 321 -1 -1 -1 0 
806 468 3142 1154 137 285 -1 -1 -1 0 
806 470 2551 1154 118 331 -1 -1 -1 0 
806 483 1604 1222 953 321 -1 -1 -1 0 
806 484 2659 1162 105 323 -1 -1 -1 0 
806 496 892 1164 95 270 -1 -1 -1 0 
806 503 1417 1184 63 228 -1 -1 -1 0 
806 505 1473 1190 84 225 -1 -1 -1 0 
807 433 3654 1132 107 321 -1 -1 -1 0 
807 468 3141 1152 150 285 -1 -1 -1 0 
807 470 2550 1154 118 333 -1 -1 -1 0 
807 483 1634 1222 948 321 -1 -1 -1 0 
807 484 2658 1164 106 322 -1 -1 -1 0 
807 496 892 1168 95 268 -1 -1 -1 0 
807 503 1416 1183 64 229 -1 -1 -1 0 
807 505 1473 1190 84 224 -1 -1 -1 0 
808 433 3653 1132 109 321 -1 -1 -1 0 
808 468 3147 1153 147 284 -1 -1 -1 0 
808 470 2549 1155 121 310 -1 -1 -1 0 
808 483 1663 1222 962 321 -1 -1 -1 0 
808 484 2657 1162 107 325 -1 -1 -1 0 
808 496 891 1172 95 263 -1 -1 -1 0 
808 503 1417 1183 62 229 -1 -1 -1 0 
808 505 1472 1190 83 225 -1 -1 -1 0 
809 433 3653 1132 109 321 -1 -1 -1 0 
809 468 3147 1153 150 286 -1 -1 -1 0 
809 470 2548 1153 124 264 -1 -1 -1 0 
809 483 1706 1221 949 319 -1 -1 -1 0 
809 484 2656 1161 108 325 -1 -1 -1 0 
809 496 891 1174 95 259 -1 -1 -1 0 
809 503 1416 1183 63 229 -1 -1 -1 0 
809 505 1471 1191 84 224 -1 -1 -1 0 
810 433 3653 1133 109 320 -1 -1 -1 0 
810 468 3151 1153 147 286 -1 -1 -1 0 
810 470 2548 1153 125 218 -1 -1 -1 0 
810 483 1765 1221 914 317 -1 -1 -1 0 
810 484 2656 1160 108 323 -1 -1 -1 0 
810 496 891 1176 95 257 -1 -1 -1 0 
810 503 1415 1184 64 229 -1 -1 -1 0 
810 505 1472 1192 82 223 -1 -1 -1 0 
810 506 1543 1189 52 210 -1 -1 -1 0 
811 433 3653 1133 109 319 -1 -1 -1 0 
811 468 3155 1155 146 284 -1 -1 -1 0 
811 470 2555 1156 113 190 -1 -1 -1 0 
811 483 1795 1219 942 321 -1 -1 -1 0 
811 484 2653 1164 116 280 -1 -1 -1 0 
811 496 893 1177 93 255 -1 -1 -1 0 
811 503 1415 1186 63 227 -1 -1 -1 0 
811 505 1471 1193 82 221 -1 -1 -1 0 
811 506 1542 1184 54 220 -1 -1 -1 0 
812 433 3654 1133 108 319 -1 -1 -1 0 
812 468 3160 1157 141 282 -1 -1 -1 0 
812 470 2558 1157 106 179 -1 -1 -1 0 
812 483 1831 1217 938 321 -1 -1 -1 0 
812 484 2653 1164 117 275 -1 -1 -1 0 
812 496 894 1176 92 258 -1 -1 -1 0 
812 503 1413 1186 65 227 -1 -1 -1 0 
812 505 1472 1194 80 220 -1 -1 -1 0 
813 433 3654 1133 108 319 -1 -1 -1 0 
813 468 3160 1156 141 283 -1 -1 -1 0 
813 470 2559 1155 105 173 -1 -1 -1 0 
813 483 1872 1217 927 322 -1 -1 -1 0 
813 496 895 1175 92 264 -1 -1 -1 0 
813 503 1414 1186 64 226 -1 -1 -1 0 
813 505 1471 1194 80 219 -1 -1 -1 0 
813 506 1542 1182 58 221 -1 -1 -1 0 
814 433 3654 1133 109 319 -1 -1 -1 0 
814 468 3167 1156 131 283 -1 -1 -1 0 
814 470 2559 1154 103 174 -1 -1 -1 0 
814 483 1905 1217 939 319 -1 -1 -1 0 
814 496 896 1173 91 268 -1 -1 -1 0 
814 503 1413 1186 65 226 -1 -1 -1 0 
814 505 1472 1193 78 219 -1 -1 -1 0 
814 506 1543 1181 58 224 -1 -1 -1 0 
815 433 3654 1134 108 318 -1 -1 -1 0 
815 468 3190 1160 104 277 -1 -1 -1 0 
815 470 2561 1150 101 176 -1 -1 -1 0 
815 483 1940 1218 939 320 -1 -1 -1 0 
815 496 892 1170 96 265 -1 -1 -1 0 
815 503 1414 1188 63 225 -1 -1 -1 0 
815 505 1472 1193 78 220 -1 -1 -1 0 
815 506 1543 1179 57 225 -1 -1 -1 0 
815 508 2656 1165 111 168 -1 -1 -1 0 
816 433 3653 1134 109 318 -1 -1 -1 0 
816 468 3205 1160 94 275 -1 -1 -1 0 
816 470 2559 1148 102 174 -1 -1 -1 0 
816 483 1979 1219 927 319 -1 -1 -1 0 
816 496 892 1169 96 264 -1 -1 -1 0 
816 503 1414 1189 63 224 -1 -1 -1 0 
816 505 1471 1193 78 220 -1 -1 -1 0 
816 506 1542 1181 58 222 -1 -1 -1 0 
816 508 2654 1166 108 160 -1 -1 -1 0 
816 509 3145 1147 84 273 -1 -1 -1 0 
817 433 3654 1134 107 318 -1 -1 -1 0 
817 468 3213 1158 90 277 -1 -1 -1 0 
817 470 2557 1148 105 163 -1 -1 -1 0 
817 483 2007 1220 942 318 -1 -1 -1 0 
817 496 892 1169 96 266 -1 -1 -1 0 
817 503 1414 1189 63 224 -1 -1 -1 0 
817 505 1473 1193 74 220 -1 -1 -1 0 
817 506 1541 1183 60 221 -1 -1 -1 0 
817 508 2657 1167 110 156 -1 -1 -1 0 
817 509 3146 1148 83 263 -1 -1 -1 0 
818 433 3654 1134 107 317 -1 -1 -1 0 
818 468 3216 1156 91 280 -1 -1 -1 0 
818 470 2556 1149 110 149 -1 -1 -1 0 
818 483 2038 1222 943 316 -1 -1 -1 0 
818 496 892 1168 97 271 -1 -1 -1 0 
818 503 1414 1188 62 226 -1 -1 -1 0 
818 505 1474 1193 72 220 -1 -1 -1 0 
818 506 1541 1183 61 220 -1 -1 -1 0 
818 508 2658 1163 100 158 -1 -1 -1 0 
818 509 3147 1148 82 260 -1 -1 -1 0 
819 433 3654 1134 107 318 -1 -1 -1 0 
819 468 3220 1156 93 280 -1 -1 -1 0 
819 470 2558 1150 108 125 -1 -1 -1 0 
819 483 2056 1222 960 313 -1 -1 -1 0 
819 496 892 1168 98 275 -1 -1 -1 0 
819 503 1413 1187 63 227 -1 -1 -1 0 
819 505 1472 1193 75 219 -1 -1 -1 0 
819 506 1541 1182 62 220 -1 -1 -1 0 
819 508 2654 1161 104 148 -1 -1 -1 0 
819 509 3146 1149 85 257 -1 -1 -1 0 
820 433 3653 1133 109 320 -1 -1 -1 0 
820 468 3227 1158 91 279 -1 -1 -1 0 
820 470 2562 1149 101 115 -1 -1 -1 0 
820 483 2111 1221 938 313 -1 -1 -1 0 
820 496 891 1168 100 275 -1 -1 -1 0 
820 503 1413 1185 62 229 -1 -1 -1 0 
820 505 1472 1193 76 219 -1 -1 -1 0 
820 506 1541 1181 63 220 -1 -1 -1 0 
820 508 2656 1158 102 147 -1 -1 -1 0 
821 433 3653 1133 108 320 -1 -1 -1 0 
821 468 3232 1164 93 274 -1 -1 -1 0 
821 483 2155 1218 928 312 -1 -1 -1 0 
821 496 890 1167 101 277 -1 -1 -1 0 
821 503 1413 1185 63 229 -1 -1 -1 0 
821 505 1472 1195 75 217 -1 -1 -1 0 
821 506 1541 1181 64 220 -1 -1 -1 0 
821 508 2659 1158 102 134 -1 -1 -1 0 
821 509 3144 1149 92 256 -1 -1 -1 0 
822 433 3653 1133 108 320 -1 -1 -1 0 
822 468 3242 1166 88 273 -1 -1 -1 0 
822 483 2192 1220 932 311 -1 -1 -1 0 
822 496 890 1168 101 276 -1 -1 -1 0 
822 503 1414 1184 64 230 -1 -1 -1 0 
822 505 1473 1195 73 217 -1 -1 -1 0 
822 506 1542 1181 63 220 -1 -1 -1 0 
822 508 2661 1158 98 127 -1 -1 -1 0 
823 433 3653 1133 108 321 -1 -1 -1 0 
823 468 3244 1164 97 271 -1 -1 -1 0 
823 483 2230 1219 925 312 -1 -1 -1 0 
823 496 892 1170 98 272 -1 -1 -1 0 
823 503 1414 1184 64 230 -1 -1 -1 0 
823 505 1473 1197 73 215 -1 -1 -1 0 
823 506 1542 1183 63 218 -1 -1 -1 0 
823 509 3145 1148 90 255 -1 -1 -1 0 
824 433 3654 1133 107 321 -1 -1 -1 0 
824 468 3242 1166 116 267 -1 -1 -1 0 
824 483 2255 1219 934 314 -1 -1 -1 0 
824 496 892 1169 98 274 -1 -1 -1 0 
824 503 1414 1183 64 231 -1 -1 -1 0 
824 505 1472 1197 75 215 -1 -1 -1 0 
824 506 1541 1184 64 217 -1 -1 -1 0 
824 509 3145 1148 87 253 -1 -1 -1 0 
825 433 3654 1134 107 320 -1 -1 -1 0 
825 468 3249 1167 119 269 -1 -1 -1 0 
825 483 2258 1218 970 317 -1 -1 -1 0 
825 496 892 1170 98 274 -1 -1 -1 0 
825 503 1415 1183 63 232 -1 -1 -1 0 
825 505 1472 1196 75 216 -1 -1 -1 0 
825 506 1542 1186 63 215 -1 -1 -1 0 
825 509 3139 1148 95 229 -1 -1 -1 0 
826 433 3653 1134 108 320 -1 -1 -1 0 
826 468 3249 1167 133 269 -1 -1 -1 0 
826 483 2285 1218 974 317 -1 -1 -1 0 
826 496 892 1171 99 272 -1 -1 -1 0 
826 503 1414 1184 63 231 -1 -1 -1 0 
826 505 1471 1196 76 216 -1 -1 -1 0 
826 506 1543 1189 61 211 -1 -1 -1 0 
826 509 3142 1151 85 210 -1 -1 -1 0 
826 510 2768 1130 98 104 -1 -1 -1 0 
827 433 3653 1135 107 320 -1 -1 -1 0 
827 468 3267 1163 117 272 -1 -1 -1 0 
827 483 2317 1216 979 320 -1 -1 -1 0 
827 496 894 1173 96 266 -1 -1 -1 0 
827 503 1413 1182 65 233 -1 -1 -1 0 
827 505 1472 1197 74 215 -1 -1 -1 0 
827 506 1543 1189 62 211 -1 -1 -1 0 
827 509 3143 1153 83 196 -1 -1 -1 0 
827 510 2771 1130 92 97 -1 -1 -1 0 
828 433 3654 1134 106 321 -1 -1 -1 0 
828 468 3274 1161 116 274 -1 -1 -1 0 
828 483 2351 1216 980 319 -1 -1 -1 0 
828 496 895 1172 94 267 -1 -1 -1 0 
828 503 1412 1180 66 235 -1 -1 -1 0 
828 505 1472 1197 75 215 -1 -1 -1 0 
828 506 1543 1187 61 213 -1 -1 -1 0 
828 509 3143 1153 80 184 -1 -1 -1 0 
828 511 2223 1183 93 250 -1 -1 -1 0 
829 433 3653 1133 107 321 -1 -1 -1 0 
829 468 3281 1161 115 273 -1 -1 -1 0 
829 483 2372 1218 990 317 -1 -1 -1 0 
829 496 894 1170 96 271 -1 -1 -1 0 
829 503 1411 1182 67 233 -1 -1 -1 0 
829 505 1471 1199 76 213 -1 -1 -1 0 
829 506 1543 1186 62 214 -1 -1 -1 0 
829 509 3142 1153 81 176 -1 -1 -1 0 
829 511 2223 1182 91 251 -1 -1 -1 0 
830 433 3654 1133 106 321 -1 -1 -1 0 
830 468 3293 1160 92 227 -1 -1 -1 0 
830 483 2443 1219 942 317 -1 -1 -1 0 
830 496 894 1168 97 275 -1 -1 -1 0 
830 503 1411 1182 66 234 -1 -1 -1 0 
830 505 1472 1199 74 212 -1 -1 -1 0 
830 506 1543 1186 62 213 -1 -1 -1 0 
830 509 3143 1153 80 171 -1 -1 -1 0 
830 511 2224 1180 89 253 -1 -1 -1 0 
831 433 3653 1133 108 321 -1 -1 -1 0 
831 468 3301 1160 85 204 -1 -1 -1 0 
831 483 2479 1219 945 317 -1 -1 -1 0 
831 496 892 1166 100 278 -1 -1 -1 0 
831 503 1411 1180 66 236 -1 -1 -1 0 
831 505 1470 1200 77 211 -1 -1 -1 0 
831 506 1542 1188 64 212 -1 -1 -1 0 
831 509 3143 1152 80 167 -1 -1 -1 0 
831 511 2225 1181 87 251 -1 -1 -1 0 
832 433 3653 1132 108 322 -1 -1 -1 0 
832 468 3307 1158 83 194 -1 -1 -1 0 
832 483 2528 1219 924 317 -1 -1 -1 0 
832 496 892 1166 100 279 -1 -1 -1 0 
832 503 1411 1180 66 236 -1 -1 -1 0 
832 505 1471 1200 75 212 -1 -1 -1 0 
832 506 1542 1190 63 210 -1 -1 -1 0 
832 509 3144 1153 80 154 -1 -1 -1 0 
832 511 2225 1183 86 248 -1 -1 -1 0 
833 433 3654 1132 106 322 -1 -1 -1 0 
833 468 3312 1157 83 192 -1 -1 -1 0 
833 483 2538 1218 958 317 -1 -1 -1 0 
833 496 892 1166 99 280 -1 -1 -1 0 
833 503 1412 1184 65 230 -1 -1 -1 0 
833 505 1471 1200 74 212 -1 -1 -1 0 
833 506 1542 1190 63 210 -1 -1 -1 0 
833 509 3143 1150 84 146 -1 -1 -1 0 
833 511 2226 1184 83 247 -1 -1 -1 0 
834 433 3654 1132 105 322 -1 -1 -1 0 
834 468 3314 1159 92 182 -1 -1 -1 0 
834 483 2562 1217 967 318 -1 -1 -1 0 
834 496 893 1166 98 281 -1 -1 -1 0 
834 503 1412 1184 65 230 -1 -1 -1 0 
834 505 1472 1199 73 213 -1 -1 -1 0 
834 506 1541 1187 63 213 -1 -1 -1 0 
834 509 3150 1150 77 133 -1 -1 -1 0 
834 511 2226 1184 84 249 -1 -1 -1 0 
835 433 3654 1132 106 321 -1 -1 -1 0 
835 468 3318 1160 94 168 -1 -1 -1 0 
835 483 2593 1215 962 321 -1 -1 -1 0 
835 496 893 1165 98 281 -1 -1 -1 0 
835 503 1413 1183 64 231 -1 -1 -1 0 
835 505 1472 1199 73 213 -1 -1 -1 0 
835 506 1541 1186 63 214 -1 -1 -1 0 
835 509 3151 1149 78 112 -1 -1 -1 0 
835 511 2226 1182 83 251 -1 -1 -1 0 
836 433 3654 1132 106 321 -1 -1 -1 0 
836 468 3325 1160 92 160 -1 -1 -1 0 
836 483 2623 1213 957 321 -1 -1 -1 0 
836 496 893 1165 98 282 -1 -1 -1 0 
836 503 1412 1183 65 231 -1 -1 -1 0 
836 505 1472 1198 74 214 -1 -1 -1 0 
836 506 1541 1186 63 214 -1 -1 -1 0 
836 509 3156 1148 70 99 -1 -1 -1 0 
836 511 2225 1182 84 253 -1 -1 -1 0 
836 513 2555 1161 99 153 -1 -1 -1 0 
837 433 3653 1131 106 321 -1 -1 -1 0 
837 483 2640 1213 977 319 -1 -1 -1 0 
837 496 894 1165 97 280 -1 -1 -1 0 
837 503 1412 1180 66 235 -1 -1 -1 0 
837 505 1473 1196 71 217 -1 -1 -1 0 
837 506 1542 1185 62 215 -1 -1 -1 0 
837 509 3160 1149 64 87 -1 -1 -1 0 
837 511 2224 1182 84 254 -1 -1 -1 0 
837 513 2557 1162 95 282 -1 -1 -1 0 
837 514 2656 1162 90 110 -1 -1 -1 0 
838 433 3654 1132 105 320 -1 -1 -1 0 
838 483 2686 1212 950 320 -1 -1 -1 0 
838 496 893 1165 99 278 -1 -1 -1 0 
838 503 1412 1178 66 237 -1 -1 -1 0 
838 505 1472 1196 72 216 -1 -1 -1 0 
838 506 1541 1186 63 214 -1 -1 -1 0 
838 511 2223 1182 86 255 -1 -1 -1 0 
838 513 2551 1158 106 335 -1 -1 -1 0 
838 514 2653 1163 100 115 -1 -1 -1 0 
838 515 2494 1187 64 193 -1 -1 -1 0 
839 433 3655 1134 104 314 -1 -1 -1 0 
839 483 2666 1210 1006 320 -1 -1 -1 0 
839 496 894 1166 97 279 -1 -1 -1 0 
839 503 1413 1176 66 239 -1 -1 -1 0 
839 505 1473 1196 70 216 -1 -1 -1 0 
839 506 1541 1184 63 217 -1 -1 -1 0 
839 511 2224 1183 83 252 -1 -1 -1 0 
839 513 2545 1151 117 359 -1 -1 -1 0 
839 514 2653 1163 104 127 -1 -1 -1 0 
839 515 2495 1181 66 198 -1 -1 -1 0 
840 433 3656 1134 103 306 -1 -1 -1 0 
840 483 2682 1208 1016 320 -1 -1 -1 0 
840 496 893 1167 98 278 -1 -1 -1 0 
840 503 1413 1176 66 239 -1 -1 -1 0 
840 505 1474 1195 69 217 -1 -1 -1 0 
840 506 1539 1182 65 219 -1 -1 -1 0 
840 511 2224 1182 84 253 -1 -1 -1 0 
840 513 2545 1148 117 366 -1 -1 -1 0 
840 514 2662 1166 89 221 -1 -1 -1 0 
840 515 2496 1179 67 200 -1 -1 -1 0 
841 433 3653 1135 107 262 -1 -1 -1 0 
841 483 2712 1209 1024 319 -1 -1 -1 0 
841 496 893 1168 98 277 -1 -1 -1 0 
841 503 1414 1176 65 239 -1 -1 -1 0 
841 505 1474 1195 68 217 -1 -1 -1 0 
841 506 1538 1181 65 221 -1 -1 -1 0 
841 511 2224 1183 84 253 -1 -1 -1 0 
841 513 2545 1147 118 366 -1 -1 -1 0 
841 514 2659 1168 89 290 -1 -1 -1 0 
842 433 3655 1136 102 234 -1 -1 -1 0 
842 483 2746 1209 1023 319 -1 -1 -1 0 
842 496 894 1172 97 271 -1 -1 -1 0 
842 503 1414 1177 66 238 -1 -1 -1 0 
842 505 1474 1195 68 217 -1 -1 -1 0 
842 506 1538 1179 63 223 -1 -1 -1 0 
842 511 2225 1183 83 253 -1 -1 -1 0 
842 513 2541 1148 123 363 -1 -1 -1 0 
842 514 2652 1162 106 326 -1 -1 -1 0 
843 433 3656 1136 100 221 -1 -1 -1 0 
843 483 2767 1208 1026 320 -1 -1 -1 0 
843 496 895 1173 96 268 -1 -1 -1 0 
843 503 1414 1178 66 237 -1 -1 -1 0 
843 505 1474 1195 67 217 -1 -1 -1 0 
843 506 1538 1182 62 221 -1 -1 -1 0 
843 511 2226 1186 81 252 -1 -1 -1 0 
843 513 2540 1147 124 362 -1 -1 -1 0 
843 514 2649 1160 111 339 -1 -1 -1 0 
844 433 3657 1137 96 213 -1 -1 -1 0 
844 483 2839 1208 967 320 -1 -1 -1 0 
844 496 895 1174 96 266 -1 -1 -1 0 
844 503 1413 1178 67 236 -1 -1 -1 0 
844 505 1473 1195 69 217 -1 -1 -1 0 
844 506 1537 1185 63 219 -1 -1 -1 0 
844 511 2223 1185 83 253 -1 -1 -1 0 
844 513 2542 1148 121 358 -1 -1 -1 0 
844 514 2650 1159 109 340 -1 -1 -1 0 
844 517 3790 1154 49 278 -1 -1 -1 0 
845 433 3653 1136 103 209 -1 -1 -1 0 
845 483 2882 1212 953 317 -1 -1 -1 0 
845 496 896 1174 95 262 -1 -1 -1 0 
845 503 1414 1178 66 236 -1 -1 -1 0 
845 505 1474 1196 67 216 -1 -1 -1 0 
845 506 1538 1189 61 215 -1 -1 -1 0 
845 511 2220 1180 84 260 -1 -1 -1 0 
845 513 2545 1149 117 356 -1 -1 -1 0 
845 514 2651 1160 108 339 -1 -1 -1 0 
845 517 3784 1159 55 222 -1 -1 -1 0 
845 518 0 1358 135 186 -1 -1 -1 0 
846 433 3654 1136 103 199 -1 -1 -1 0 
846 483 2899 1214 940 315 -1 -1 -1 0 
846 496 897 1174 92 262 -1 -1 -1 0 
846 503 1414 1176 65 237 -1 -1 -1 0 
846 505 1474 1196 67 216 -1 -1 -1 0 
846 506 1538 1188 59 217 -1 -1 -1 0 
846 511 2219 1180 85 260 -1 -1 -1 0 
846 513 2547 1149 116 354 -1 -1 -1 0 
846 514 2653 1161 105 337 -1 -1 -1 0 
846 517 3777 1160 62 192 -1 -1 -1 0 
846 518 0 1346 170 213 -1 -1 -1 0 
846 519 2742 1158 91 288 -1 -1 -1 0 
847 433 3656 1135 99 192 -1 -1 -1 0 
847 483 2901 1214 938 315 -1 -1 -1 0 
847 496 896 1173 94 264 -1 -1 -1 0 
847 503 1414 1177 66 236 -1 -1 -1 0 
847 505 1474 1196 67 215 -1 -1 -1 0 
847 506 1537 1187 59 220 -1 -1 -1 0 
847 511 2219 1179 84 262 -1 -1 -1 0 
847 513 2545 1150 118 352 -1 -1 -1 0 
847 514 2654 1162 104 334 -1 -1 -1 0 
847 517 3771 1157 67 182 -1 -1 -1 0 
847 518 0 1343 208 219 -1 -1 -1 0 
847 519 2741 1159 92 290 -1 -1 -1 0 
848 433 3657 1134 98 186 -1 -1 -1 0 
848 483 2927 1213 912 315 -1 -1 -1 0 
848 496 896 1171 94 266 -1 -1 -1 0 
848 503 1414 1178 66 235 -1 -1 -1 0 
848 505 1474 1195 66 216 -1 -1 -1 0 
848 506 1537 1186 58 222 -1 -1 -1 0 
848 511 2218 1179 86 263 -1 -1 -1 0 
848 513 2546 1150 117 351 -1 -1 -1 0 
848 514 2656 1164 101 331 -1 -1 -1 0 
848 517 3757 1153 78 176 -1 -1 -1 0 
848 518 0 1338 215 223 -1 -1 -1 0 
848 519 2740 1159 94 292 -1 -1 -1 0 
849 433 3656 1135 98 168 -1 -1 -1 0 
849 483 2967 1216 872 312 -1 -1 -1 0 
849 496 896 1169 94 269 -1 -1 -1 0 
849 503 1415 1179 65 234 -1 -1 -1 0 
849 505 1474 1194 65 218 -1 -1 -1 0 
849 506 1538 1186 55 223 -1 -1 -1 0 
849 511 2218 1180 84 262 -1 -1 -1 0 
849 513 2547 1150 115 350 -1 -1 -1 0 
849 514 2656 1164 101 329 -1 -1 -1 0 
849 517 3751 1153 77 172 -1 -1 -1 0 
849 518 1 1340 218 219 -1 -1 -1 0 
849 519 2740 1160 93 291 -1 -1 -1 0 
850 433 3657 1138 93 152 -1 -1 -1 0 
850 483 2963 1215 876 312 -1 -1 -1 0 
850 496 895 1168 96 270 -1 -1 -1 0 
850 503 1415 1180 64 233 -1 -1 -1 0 
850 505 1473 1194 67 218 -1 -1 -1 0 
850 506 1539 1187 55 220 -1 -1 -1 0 
850 511 2218 1179 83 263 -1 -1 -1 0 
850 513 2547 1151 116 348 -1 -1 -1 0 
850 514 2656 1165 101 327 -1 -1 -1 0 
850 517 3751 1147 63 171 -1 -1 -1 0 
850 518 2 1334 236 240 -1 -1 -1 0 
850 519 2741 1161 91 288 -1 -1 -1 0 
851 433 3656 1138 90 140 -1 -1 -1 0 
851 483 2983 1214 856 312 -1 -1 -1 0 
851 496 896 1168 95 269 -1 -1 -1 0 
851 503 1414 1181 65 232 -1 -1 -1 0 
851 505 1473 1194 67 218 -1 -1 -1 0 
851 506 1539 1187 55 220 -1 -1 -1 0 
851 511 2218 1179 83 261 -1 -1 -1 0 
851 513 2547 1151 116 347 -1 -1 -1 0 
851 514 2656 1165 101 326 -1 -1 -1 0 
851 517 3742 1147 66 152 -1 -1 -1 0 
851 518 2 1309 267 273 -1 -1 -1 0 
851 519 2742 1160 89 289 -1 -1 -1 0 
852 433 3657 1139 84 123 -1 -1 -1 0 
852 483 3070 1214 758 315 -1 -1 -1 0 
852 496 896 1167 95 272 -1 -1 -1 0 
852 503 1414 1182 66 231 -1 -1 -1 0 
852 505 1473 1194 68 218 -1 -1 -1 0 
852 506 1538 1188 55 218 -1 -1 -1 0 
852 511 2218 1178 83 262 -1 -1 -1 0 
852 513 2543 1151 121 346 -1 -1 -1 0 
852 514 2657 1164 100 327 -1 -1 -1 0 
852 517 3732 1149 73 131 -1 -1 -1 0 
852 518 0 1310 303 278 -1 -1 -1 0 
852 519 2741 1158 89 291 -1 -1 -1 0 
853 433 3658 1139 80 110 -1 -1 -1 0 
853 483 3040 1212 799 319 -1 -1 -1 0 
853 496 896 1169 94 266 -1 -1 -1 0 
853 503 1414 1182 66 230 -1 -1 -1 0 
853 505 1473 1193 68 219 -1 -1 -1 0 
853 506 1531 1192 62 215 -1 -1 -1 0 
853 511 2219 1178 82 261 -1 -1 -1 0 
853 513 2542 1151 122 346 -1 -1 -1 0 
853 514 2657 1164 100 326 -1 -1 -1 0 
853 517 3729 1148 68 119 -1 -1 -1 0 
853 518 7 1283 293 302 -1 -1 -1 0 
854 433 3660 1140 74 97 -1 -1 -1 0 
854 483 3051 1212 788 317 -1 -1 -1 0 
854 496 897 1167 92 265 -1 -1 -1 0 
854 503 1414 1181 65 231 -1 -1 -1 0 
854 505 1473 1193 69 219 -1 -1 -1 0 
854 506 1530 1193 63 214 -1 -1 -1 0 
854 511 2220 1176 83 262 -1 -1 -1 0 
854 513 2541 1153 123 343 -1 -1 -1 0 
854 514 2656 1166 101 322 -1 -1 -1 0 
855 483 3072 1212 767 315 -1 -1 -1 0 
855 496 897 1165 92 269 -1 -1 -1 0 
855 503 1413 1182 67 229 -1 -1 -1 0 
855 505 1471 1193 73 220 -1 -1 -1 0 
855 511 2220 1175 84 261 -1 -1 -1 0 
855 513 2543 1153 120 343 -1 -1 -1 0 
855 514 2657 1165 99 323 -1 -1 -1 0 
855 518 4 1274 300 309 -1 -1 -1 0 
855 519 2740 1158 90 291 -1 -1 -1 0 
856 483 3096 1210 743 315 -1 -1 -1 0 
856 496 896 1165 93 265 -1 -1 -1 0 
856 503 1414 1183 65 228 -1 -1 -1 0 
856 505 1472 1193 72 220 -1 -1 -1 0 
856 511 2221 1174 83 262 -1 -1 -1 0 
856 513 2543 1153 120 342 -1 -1 -1 0 
856 514 2656 1166 100 322 -1 -1 -1 0 
856 518 0 1267 313 309 -1 -1 -1 0 
856 519 2740 1157 90 291 -1 -1 -1 0 
857 483 3131 1210 708 313 -1 -1 -1 0 
857 496 895 1167 95 264 -1 -1 -1 0 
857 503 1413 1184 66 226 -1 -1 -1 0 
857 505 1473 1193 71 220 -1 -1 -1 0 
857 511 2222 1175 83 261 -1 -1 -1 0 
857 513 2546 1153 117 343 -1 -1 -1 0 
857 514 2655 1166 101 321 -1 -1 -1 0 
857 518 0 1259 328 312 -1 -1 -1 0 
857 519 2742 1157 87 294 -1 -1 -1 0 
858 483 3201 1216 632 310 -1 -1 -1 0 
858 496 895 1167 95 261 -1 -1 -1 0 
858 503 1413 1185 66 226 -1 -1 -1 0 
858 505 1473 1193 72 221 -1 -1 -1 0 
858 511 2221 1174 85 263 -1 -1 -1 0 
858 513 2548 1153 114 342 -1 -1 -1 0 
858 514 2655 1167 100 319 -1 -1 -1 0 
858 518 1 1254 323 311 -1 -1 -1 0 
858 519 2740 1157 90 291 -1 -1 -1 0 
859 483 3185 1210 654 313 -1 -1 -1 0 
859 496 895 1167 94 263 -1 -1 -1 0 
859 503 1413 1185 65 226 -1 -1 -1 0 
859 505 1473 1194 74 220 -1 -1 -1 0 
859 511 2221 1174 83 263 -1 -1 -1 0 
859 513 2550 1152 113 342 -1 -1 -1 0 
859 514 2656 1168 99 317 -1 -1 -1 0 
859 518 2 1253 319 309 -1 -1 -1 0 
859 519 2740 1157 90 289 -1 -1 -1 0 
859 521 3660 1141 79 74 -1 -1 -1 0 
859 522 0 1254 664 297 -1 -1 -1 0 
860 483 3186 1210 653 310 -1 -1 -1 0 
860 496 895 1172 94 260 -1 -1 -1 0 
860 503 1414 1186 64 225 -1 -1 -1 0 
860 505 1473 1194 75 220 -1 -1 -1 0 
860 511 2222 1174 80 264 -1 -1 -1 0 
860 513 2550 1151 113 341 -1 -1 -1 0 
860 514 2655 1168 99 317 -1 -1 -1 0 
860 518 3 1245 330 318 -1 -1 -1 0 
860 519 2739 1157 91 288 -1 -1 -1 0 
860 521 3653 1142 82 70 -1 -1 -1 0 
860 522 0 1250 694 301 -1 -1 -1 0 
861 483 3212 1210 627 311 -1 -1 -1 0 
861 496 895 1173 94 262 -1 -1 -1 0 
861 503 1413 1187 65 224 -1 -1 -1 0 
861 505 1473 1193 76 220 -1 -1 -1 0 
861 511 2219 1173 85 265 -1 -1 -1 0 
861 513 2548 1153 115 338 -1 -1 -1 0 
861 514 2654 1169 101 316 -1 -1 -1 0 
861 519 2740 1158 89 287 -1 -1 -1 0 
861 521 3654 1143 79 69 -1 -1 -1 0 
861 522 2 1246 721 309 -1 -1 -1 0 
861 523 3141 1149 84 251 -1 -1 -1 0 
862 483 3228 1210 611 310 -1 -1 -1 0 
862 496 894 1170 95 265 -1 -1 -1 0 
862 503 1413 1188 65 223 -1 -1 -1 0 
862 505 1471 1193 81 221 -1 -1 -1 0 
862 511 2220 1176 85 261 -1 -1 -1 0 
862 513 2548 1154 115 337 -1 -1 -1 0 
862 514 2655 1171 100 313 -1 -1 -1 0 
862 519 2740 1158 89 287 -1 -1 -1 0 
862 521 3666 1143 69 70 -1 -1 -1 0 
862 522 0 1247 763 312 -1 -1 -1 0 
862 523 3145 1154 82 252 -1 -1 -1 0 
863 483 3254 1211 585 309 -1 -1 -1 0 
863 496 894 1168 96 267 -1 -1 -1 0 
863 503 1414 1189 64 221 -1 -1 -1 0 
863 505 1470 1193 83 221 -1 -1 -1 0 
863 511 2222 1179 82 258 -1 -1 -1 0 
863 513 2548 1156 114 334 -1 -1 -1 0 
863 514 2654 1173 101 310 -1 -1 -1 0 
863 519 2740 1158 88 287 -1 -1 -1 0 
863 521 3670 1143 64 72 -1 -1 -1 0 
863 522 5 1245 789 322 -1 -1 -1 0 
863 523 3146 1155 82 253 -1 -1 -1 0 
864 483 3291 1211 546 307 -1 -1 -1 0 
864 496 893 1167 98 269 -1 -1 -1 0 
864 503 1414 1191 62 219 -1 -1 -1 0 
864 505 1469 1195 85 220 -1 -1 -1 0 
864 511 2221 1178 84 258 -1 -1 -1 0 
864 513 2548 1156 115 334 -1 -1 -1 0 
864 514 2653 1173 102 311 -1 -1 -1 0 
864 519 2742 1157 86 291 -1 -1 -1 0 
864 521 3669 1143 68 73 -1 -1 -1 0 
864 522 1 1243 828 328 -1 -1 -1 0 
864 523 3147 1155 81 254 -1 -1 -1 0 
865 483 3383 1209 442 311 -1 -1 -1 0 
865 496 895 1167 96 273 -1 -1 -1 0 
865 503 1413 1189 63 221 -1 -1 -1 0 
865 505 1470 1195 84 220 -1 -1 -1 0 
865 511 2222 1177 86 259 -1 -1 -1 0 
865 513 2548 1156 116 334 -1 -1 -1 0 
865 514 2653 1172 102 312 -1 -1 -1 0 
865 519 2740 1158 90 288 -1 -1 -1 0 
865 521 3669 1143 68 73 -1 -1 -1 0 
865 522 5 1242 840 335 -1 -1 -1 0 
866 483 3377 1209 462 308 -1 -1 -1 0 
866 496 896 1168 94 277 -1 -1 -1 0 
866 503 1413 1185 65 224 -1 -1 -1 0 
866 505 1469 1194 84 221 -1 -1 -1 0 
866 511 2221 1177 91 258 -1 -1 -1 0 
866 513 2549 1156 114 333 -1 -1 -1 0 
866 514 2652 1170 104 314 -1 -1 -1 0 
866 519 2740 1159 90 286 -1 -1 -1 0 
866 522 0 1242 890 339 -1 -1 -1 0 
866 523 3148 1154 81 256 -1 -1 -1 0 
867 483 3377 1207 462 311 -1 -1 -1 0 
867 496 895 1169 96 272 -1 -1 -1 0 
867 503 1414 1182 64 227 -1 -1 -1 0 
867 505 1469 1193 84 222 -1 -1 -1 0 
867 511 2223 1174 90 261 -1 -1 -1 0 
867 513 2549 1155 113 335 -1 -1 -1 0 
867 514 2651 1170 105 314 -1 -1 -1 0 
867 519 2741 1161 88 284 -1 -1 -1 0 
867 522 0 1243 933 336 -1 -1 -1 0 
867 523 3147 1154 82 256 -1 -1 -1 0 
868 483 3370 1207 469 312 -1 -1 -1 0 
868 496 895 1170 97 250 -1 -1 -1 0 
868 503 1413 1182 65 228 -1 -1 -1 0 
868 505 1469 1193 85 222 -1 -1 -1 0 
868 511 2223 1172 91 263 -1 -1 -1 0 
868 513 2550 1154 112 336 -1 -1 -1 0 
868 514 2651 1170 105 314 -1 -1 -1 0 
868 519 2741 1163 87 282 -1 -1 -1 0 
868 522 0 1239 970 335 -1 -1 -1 0 
868 523 3147 1153 83 257 -1 -1 -1 0 
868 524 1968 1184 65 194 -1 -1 -1 0 
869 483 3376 1212 463 304 -1 -1 -1 0 
869 496 895 1171 99 220 -1 -1 -1 0 
869 503 1413 1183 64 227 -1 -1 -1 0 
869 505 1469 1193 85 222 -1 -1 -1 0 
869 511 2222 1169 94 264 -1 -1 -1 0 
869 513 2550 1154 113 335 -1 -1 -1 0 
869 514 2650 1170 106 314 -1 -1 -1 0 
869 519 2743 1162 83 287 -1 -1 -1 0 
869 522 0 1230 1017 344 -1 -1 -1 0 
869 523 3146 1153 85 256 -1 -1 -1 0 
869 524 1966 1185 66 193 -1 -1 -1 0 
870 483 3398 1210 441 304 -1 -1 -1 0 
870 496 897 1173 95 195 -1 -1 -1 0 
870 503 1413 1183 65 227 -1 -1 -1 0 
870 505 1469 1193 84 222 -1 -1 -1 0 
870 511 2225 1171 92 264 -1 -1 -1 0 
870 513 2550 1154 113 334 -1 -1 -1 0 
870 514 2651 1170 103 313 -1 -1 -1 0 
870 519 2743 1162 83 290 -1 -1 -1 0 
870 522 0 1230 1057 344 -1 -1 -1 0 
870 523 3147 1153 84 256 -1 -1 -1 0 
870 524 1964 1184 69 198 -1 -1 -1 0 
871 483 3417 1210 422 305 -1 -1 -1 0 
871 496 898 1172 93 179 -1 -1 -1 0 
871 503 1412 1186 65 224 -1 -1 -1 0 
871 505 1468 1194 85 221 -1 -1 -1 0 
871 511 2225 1170 95 263 -1 -1 -1 0 
871 513 2550 1154 113 333 -1 -1 -1 0 
871 514 2650 1171 104 312 -1 -1 -1 0 
871 519 2743 1162 82 290 -1 -1 -1 0 
871 522 23 1235 1061 340 -1 -1 -1 0 
871 523 3147 1152 84 257 -1 -1 -1 0 
871 524 1961 1187 71 200 -1 -1 -1 0 
872 483 3437 1206 401 311 -1 -1 -1 0 
872 496 899 1170 92 173 -1 -1 -1 0 
872 503 1413 1187 63 223 -1 -1 -1 0 
872 505 1468 1194 85 221 -1 -1 -1 0 
872 511 2225 1170 96 264 -1 -1 -1 0 
872 513 2550 1154 113 333 -1 -1 -1 0 
872 514 2651 1171 102 313 -1 -1 -1 0 
872 519 2742 1161 84 291 -1 -1 -1 0 
872 522 48 1235 1061 334 -1 -1 -1 0 
872 523 3146 1152 84 257 -1 -1 -1 0 
872 524 1962 1186 68 208 -1 -1 -1 0 
872 525 3658 1140 90 90 -1 -1 -1 0 
873 483 3451 1208 388 307 -1 -1 -1 0 
873 496 897 1170 95 165 -1 -1 -1 0 
873 503 1413 1185 63 225 -1 -1 -1 0 
873 505 1468 1193 84 222 -1 -1 -1 0 
873 511 2226 1170 92 267 -1 -1 -1 0 
873 513 2550 1154 114 334 -1 -1 -1 0 
873 514 2651 1170 102 313 -1 -1 -1 0 
873 519 2743 1160 82 293 -1 -1 -1 0 
873 522 173 1234 952 331 -1 -1 -1 0 
873 523 3146 1153 83 256 -1 -1 -1 0 
873 524 1959 1189 71 207 -1 -1 -1 0 
873 525 3655 1138 94 93 -1 -1 -1 0 
874 483 3465 1208 374 300 -1 -1 -1 0 
874 496 898 1170 93 157 -1 -1 -1 0 
874 503 1413 1185 64 225 -1 -1 -1 0 
874 505 1469 1193 84 222 -1 -1 -1 0 
874 511 2225 1171 95 268 -1 -1 -1 0 
874 513 2551 1155 114 333 -1 -1 -1 0 
874 514 2650 1171 103 312 -1 -1 -1 0 
874 519 2742 1160 83 293 -1 -1 -1 0 
874 522 374 1236 764 326 -1 -1 -1 0 
874 523 3146 1154 83 256 -1 -1 -1 0 
874 524 1958 1188 71 209 -1 -1 -1 0 
875 483 3481 1204 358 298 -1 -1 -1 0 
875 503 1412 1185 66 225 -1 -1 -1 0 
875 505 1471 1192 82 222 -1 -1 -1 0 
875 511 2228 1172 93 267 -1 -1 -1 0 
875 513 2550 1156 116 331 -1 -1 -1 0 
875 514 2652 1169 100 315 -1 -1 -1 0 
875 519 2741 1158 85 295 -1 -1 -1 0 
875 522 259 1235 982 328 -1 -1 -1 0 
875 523 3148 1155 79 254 -1 -1 -1 0 
875 524 1954 1189 74 207 -1 -1 -1 0 
875 525 3653 1137 92 105 -1 -1 -1 0 
876 483 3501 1203 338 296 -1 -1 -1 0 
876 503 1412 1187 67 223 -1 -1 -1 0 
876 505 1471 1192 82 222 -1 -1 -1 0 
876 511 2228 1172 95 268 -1 -1 -1 0 
876 513 2550 1156 116 331 -1 -1 -1 0 
876 514 2652 1169 100 315 -1 -1 -1 0 
876 519 2740 1157 87 296 -1 -1 -1 0 
876 522 314 1231 943 330 -1 -1 -1 0 
876 523 3149 1155 78 253 -1 -1 -1 0 
876 524 1954 1189 70 206 -1 -1 -1 0 
876 525 3651 1136 94 109 -1 -1 -1 0 
877 483 3516 1211 323 287 -1 -1 -1 0 
877 503 1412 1186 68 224 -1 -1 -1 0 
877 505 1471 1191 83 223 -1 -1 -1 0 
877 511 2229 1172 95 269 -1 -1 -1 0 
877 513 2549 1156 117 331 -1 -1 -1 0 
877 514 2653 1169 99 316 -1 -1 -1 0 
877 519 2741 1158 85 295 -1 -1 -1 0 
877 522 388 1234 896 327 -1 -1 -1 0 
877 523 3149 1154 77 255 -1 -1 -1 0 
877 524 1954 1187 67 206 -1 -1 -1 0 
877 527 3214 1163 76 244 -1 -1 -1 0 
878 483 3534 1206 305 289 -1 -1 -1 0 
878 503 1413 1184 67 226 -1 -1 -1 0 
878 505 1472 1189 83 224 -1 -1 -1 0 
878 511 2228 1172 97 269 -1 -1 -1 0 
878 513 2549 1156 117 331 -1 -1 -1 0 
878 514 2653 1169 99 316 -1 -1 -1 0 
878 519 2742 1159 84 294 -1 -1 -1 0 
878 522 470 1234 848 326 -1 -1 -1 0 
878 523 3149 1154 78 255 -1 -1 -1 0 
878 524 1953 1188 66 206 -1 -1 -1 0 
878 527 3213 1162 78 245 -1 -1 -1 0 
879 483 3551 1216 288 279 -1 -1 -1 0 
879 503 1413 1182 68 228 -1 -1 -1 0 
879 505 1474 1189 81 224 -1 -1 -1 0 
879 511 2229 1173 96 267 -1 -1 -1 0 
879 513 2549 1157 116 330 -1 -1 -1 0 
879 514 2652 1171 101 313 -1 -1 -1 0 
879 519 2742 1160 84 293 -1 -1 -1 0 
879 522 493 1232 878 333 -1 -1 -1 0 
879 523 3149 1153 78 256 -1 -1 -1 0 
879 527 3213 1161 78 247 -1 -1 -1 0 
879 528 3664 1141 87 113 -1 -1 -1 0 
880 483 3570 1218 269 280 -1 -1 -1 0 
880 503 1414 1181 67 229 -1 -1 -1 0 
880 505 1474 1189 82 224 -1 -1 -1 0 
880 511 2227 1173 100 267 -1 -1 -1 0 
880 513 2549 1156 116 331 -1 -1 -1 0 
880 514 2651 1173 103 311 -1 -1 -1 0 
880 519 2742 1160 84 293 -1 -1 -1 0 
880 522 499 1230 909 338 -1 -1 -1 0 
880 523 3146 1152 81 257 -1 -1 -1 0 
880 527 3213 1161 79 247 -1 -1 -1 0 
880 528 3668 1141 84 116 -1 -1 -1 0 
880 529 3486 1163 81 253 -1 -1 -1 0 
881 483 3582 1219 257 282 -1 -1 -1 0 
881 503 1414 1181 67 228 -1 -1 -1 0 
881 505 1474 1189 82 224 -1 -1 -1 0 
881 511 2229 1172 98 266 -1 -1 -1 0 
881 513 2549 1156 115 331 -1 -1 -1 0 
881 514 2651 1173 103 311 -1 -1 -1 0 
881 519 2743 1159 83 294 -1 -1 -1 0 
881 522 500 1229 935 341 -1 -1 -1 0 
881 523 3142 1151 81 257 -1 -1 -1 0 
881 527 3214 1161 78 247 -1 -1 -1 0 
881 528 3665 1140 87 124 -1 -1 -1 0 
881 529 3473 1161 94 253 -1 -1 -1 0 
882 483 3589 1222 250 280 -1 -1 -1 0 
882 503 1413 1182 66 225 -1 -1 -1 0 
882 505 1474 1188 83 226 -1 -1 -1 0 
882 511 2228 1170 100 267 -1 -1 -1 0 
882 513 2548 1156 116 331 -1 -1 -1 0 
882 514 2651 1173 103 311 -1 -1 -1 0 
882 519 2742 1158 85 296 -1 -1 -1 0 
882 522 501 1228 983 339 -1 -1 -1 0 
882 523 3142 1151 84 257 -1 -1 -1 0 
882 527 3214 1160 78 248 -1 -1 -1 0 
882 528 3664 1140 88 129 -1 -1 -1 0 
882 529 3467 1160 91 255 -1 -1 -1 0 
883 483 3597 1229 242 270 -1 -1 -1 0 
883 503 1410 1182 72 205 -1 -1 -1 0 
883 505 1473 1187 85 224 -1 -1 -1 0 
883 511 2226 1171 102 267 -1 -1 -1 0 
883 513 2548 1156 116 331 -1 -1 -1 0 
883 514 2650 1172 104 312 -1 -1 -1 0 
883 519 2738 1156 93 297 -1 -1 -1 0 
883 522 511 1229 1003 339 -1 -1 -1 0 
883 523 3140 1151 84 256 -1 -1 -1 0 
883 527 3214 1160 77 248 -1 -1 -1 0 
883 528 3663 1139 90 134 -1 -1 -1 0 
883 529 3452 1159 105 258 -1 -1 -1 0 
884 483 3634 1227 200 275 -1 -1 -1 0 
884 503 1411 1180 71 187 -1 -1 -1 0 
884 505 1473 1186 87 221 -1 -1 -1 0 
884 511 2225 1171 102 267 -1 -1 -1 0 
884 513 2547 1155 117 332 -1 -1 -1 0 
884 514 2650 1172 103 312 -1 -1 -1 0 
884 519 2738 1156 94 297 -1 -1 -1 0 
884 522 541 1228 994 342 -1 -1 -1 0 
884 523 3139 1150 85 258 -1 -1 -1 0 
884 527 3214 1160 77 248 -1 -1 -1 0 
884 529 3446 1157 106 259 -1 -1 -1 0 
885 483 3653 1240 186 264 -1 -1 -1 0 
885 503 1411 1179 71 171 -1 -1 -1 0 
885 505 1471 1184 91 208 -1 -1 -1 0 
885 511 2226 1170 101 267 -1 -1 -1 0 
885 513 2547 1155 116 332 -1 -1 -1 0 
885 514 2650 1171 103 314 -1 -1 -1 0 
885 519 2737 1155 95 298 -1 -1 -1 0 
885 522 574 1225 995 342 -1 -1 -1 0 
885 523 3138 1150 87 258 -1 -1 -1 0 
885 527 3213 1159 78 249 -1 -1 -1 0 
885 529 3438 1155 111 262 -1 -1 -1 0 
886 483 3663 1247 176 256 -1 -1 -1 0 
886 503 1410 1179 73 162 -1 -1 -1 0 
886 505 1470 1184 92 185 -1 -1 -1 0 
886 511 2224 1171 103 268 -1 -1 -1 0 
886 513 2547 1154 116 333 -1 -1 -1 0 
886 514 2650 1171 103 313 -1 -1 -1 0 
886 519 2737 1155 95 298 -1 -1 -1 0 
886 522 615 1226 984 342 -1 -1 -1 0 
886 523 3141 1150 85 258 -1 -1 -1 0 
886 527 3212 1158 79 250 -1 -1 -1 0 
886 529 3415 1154 126 261 -1 -1 -1 0 
887 483 3693 1248 143 253 -1 -1 -1 0 
887 503 1410 1177 74 157 -1 -1 -1 0 
887 505 1467 1183 95 167 -1 -1 -1 0 
887 511 2223 1175 104 263 -1 -1 -1 0 
887 513 2547 1153 116 335 -1 -1 -1 0 
887 514 2650 1170 104 314 -1 -1 -1 0 
887 519 2737 1156 94 297 -1 -1 -1 0 
887 522 664 1226 971 340 -1 -1 -1 0 
887 523 3141 1150 85 259 -1 -1 -1 0 
887 527 3211 1158 80 250 -1 -1 -1 0 
887 529 3401 1153 124 256 -1 -1 -1 0 
888 483 3710 1251 128 249 -1 -1 -1 0 
888 503 1408 1177 78 150 -1 -1 -1 0 
888 505 1465 1183 95 154 -1 -1 -1 0 
888 511 2226 1171 100 267 -1 -1 -1 0 
888 513 2547 1152 116 336 -1 -1 -1 0 
888 514 2649 1168 104 316 -1 -1 -1 0 
888 519 2736 1156 96 297 -1 -1 -1 0 
888 522 682 1228 1002 338 -1 -1 -1 0 
888 523 3140 1150 87 259 -1 -1 -1 0 
888 527 3211 1158 80 250 -1 -1 -1 0 
888 529 3385 1157 124 253 -1 -1 -1 0 
888 532 3644 1148 103 297 -1 -1 -1 0 
888 533 232 1261 452 228 -1 -1 -1 0 
889 483 3718 1245 121 251 -1 -1 -1 0 
889 503 1408 1176 77 144 -1 -1 -1 0 
889 505 1468 1181 90 149 -1 -1 -1 0 
889 511 2226 1170 99 269 -1 -1 -1 0 
889 513 2548 1151 115 337 -1 -1 -1 0 
889 514 2649 1167 104 317 -1 -1 -1 0 
889 519 2736 1157 96 294 -1 -1 -1 0 
889 522 728 1229 978 337 -1 -1 -1 0 
889 523 3141 1150 85 258 -1 -1 -1 0 
889 529 3379 1165 114 246 -1 -1 -1 0 
889 532 3643 1149 106 300 -1 -1 -1 0 
890 483 3725 1245 114 238 -1 -1 -1 0 
890 505 1468 1181 91 142 -1 -1 -1 0 
890 511 2223 1174 104 264 -1 -1 -1 0 
890 513 2548 1150 115 338 -1 -1 -1 0 
890 514 2648 1167 106 318 -1 -1 -1 0 
890 519 2736 1158 96 291 -1 -1 -1 0 
890 522 775 1230 952 334 -1 -1 -1 0 
890 523 3141 1150 85 258 -1 -1 -1 0 
890 529 3377 1166 103 246 -1 -1 -1 0 
890 532 3649 1148 104 309 -1 -1 -1 0 
890 534 3467 1156 137 264 -1 -1 -1 0 
891 483 3738 1246 101 235 -1 -1 -1 0 
891 505 1469 1180 89 136 -1 -1 -1 0 
891 511 2223 1174 104 264 -1 -1 -1 0 
891 513 2549 1150 114 338 -1 -1 -1 0 
891 514 2646 1166 108 319 -1 -1 -1 0 
891 519 2739 1158 91 294 -1 -1 -1 0 
891 522 802 1231 972 333 -1 -1 -1 0 
891 523 3142 1150 84 258 -1 -1 -1 0 
891 529 3369 1165 105 248 -1 -1 -1 0 
891 532 3649 1146 118 311 -1 -1 -1 0 
892 511 2225 1173 92 267 -1 -1 -1 0 
892 513 2547 1150 118 338 -1 -1 -1 0 
892 514 2646 1168 108 317 -1 -1 -1 0 
892 519 2737 1160 96 289 -1 -1 -1 0 
892 522 846 1229 968 335 -1 -1 -1 0 
892 523 3142 1151 84 257 -1 -1 -1 0 
892 529 3360 1165 105 248 -1 -1 -1 0 
892 532 3658 1146 109 314 -1 -1 -1 0 
892 534 3453 1156 133 263 -1 -1 -1 0 
893 511 2227 1170 106 260 -1 -1 -1 0 
893 513 2547 1152 119 337 -1 -1 -1 0 
893 514 2648 1168 104 317 -1 -1 -1 0 
893 519 2736 1160 99 287 -1 -1 -1 0 
893 522 869 1227 996 335 -1 -1 -1 0 
893 523 3144 1150 82 258 -1 -1 -1 0 
893 532 3661 1145 114 313 -1 -1 -1 0 
893 535 3212 1160 79 247 -1 -1 -1 0 
894 511 2237 1168 87 259 -1 -1 -1 0 
894 513 2552 1145 119 347 -1 -1 -1 0 
894 514 2653 1166 100 321 -1 -1 -1 0 
894 519 2742 1161 97 284 -1 -1 -1 0 
894 522 938 1226 938 336 -1 -1 -1 0 
894 523 3146 1146 86 258 -1 -1 -1 0 
894 532 3670 1142 112 311 -1 -1 -1 0 
894 535 3212 1160 79 247 -1 -1 -1 0 
895 511 2233 1168 89 261 -1 -1 -1 0 
895 513 2555 1143 121 346 -1 -1 -1 0 
895 514 2656 1163 98 325 -1 -1 -1 0 
895 519 2745 1160 94 283 -1 -1 -1 0 
895 522 968 1224 959 335 -1 -1 -1 0 
895 523 3150 1150 85 252 -1 -1 -1 0 
895 532 3674 1139 122 313 -1 -1 -1 0 
896 511 2228 1177 93 253 -1 -1 -1 0 
896 513 2553 1146 116 336 -1 -1 -1 0 
896 514 2649 1165 103 316 -1 -1 -1 0 
896 519 2741 1163 96 280 -1 -1 -1 0 
896 522 998 1221 952 341 -1 -1 -1 0 
896 523 3150 1153 82 251 -1 -1 -1 0 
896 532 3672 1141 123 311 -1 -1 -1 0 
896 538 899 1161 92 282 -1 -1 -1 0 
896 539 3358 1164 81 249 -1 -1 -1 0 
897 511 2224 1177 90 258 -1 -1 -1 0 
897 513 2549 1149 114 337 -1 -1 -1 0 
897 514 2648 1167 93 314 -1 -1 -1 0 
897 519 2734 1163 97 291 -1 -1 -1 0 
897 522 1016 1225 962 340 -1 -1 -1 0 
897 523 3141 1157 87 250 -1 -1 -1 0 
897 532 3672 1140 117 312 -1 -1 -1 0 
897 538 887 1165 96 270 -1 -1 -1 0 
897 539 3342 1166 77 255 -1 -1 -1 0 
897 540 3210 1163 76 243 -1 -1 -1 0 
